entity,id
(+)-BICUCULLINE,0
(+)-JQ1,1
(+)-MATRINE,2
(+)-USNiacin,3
(+\\/-)-SULFINPYRAZONE,4
(-)-Blebbistatin,5
(-)-EPIGALLOCATECHIN GALLATE,6
(-)-Ethyl apovincaminate,7
(-)-HUPERZINE A (HUPA),8
(-)-MK 801 MALEATE,9
"(13S)-3-hydroxy-13-methyl-7,8,9,11,12,14,15,16-octahydro-6H-cyclopenta[a]phenanthren-17-one",10
"(3S,4R)-Tofacitinib",11
"(6R)-5,10-Methylenetetrahydrofolate",12
(Phenylindolyl)maleimide deriv. 79,13
(R)-(-)-Rolipram,14
1-(1-Naphthylmethyl)piperazine,15
1-(4-Fluorophenyl)-3-(3-(4-fluorophenyl)-3-hydroxypropyl)-4-(4-hydroxyphenyl)azetidin-2-one,16
1-(5-DEOXYPENTOFURANOSYL)-5-FLUORO-4-{[(PENTYLOXY)CARBONYL]AMINO}PYRIMIDIN-2(1H)-ONE,17
1-DOCOSANOL,18
1-HEXADECANOL,19
1-Methyl-D-tryptophan,20
1-beta-D-Xylofuranosyluracil,21
10-DEACETYLBACCATIN-III,22
10-Deacetylbaccatin,23
10-Hydroxycamptothecin,24
10-epi-Aclacinomycin A,25
100,26
10000,27
10002,28
10013,29
100130827,30
10014,31
10019,32
10021,33
1003,34
10038,35
10039,36
10057,37
10058-F4,38
10060,39
10074-G5,40
10105,41
10110,42
10114,43
10135,44
1017,45
10170,46
1018,47
10188,48
1019,49
101935602,50
102,51
1020,52
1021,53
1022,54
1024,55
10242,56
10247,57
1025,58
10257,59
1026,60
10280,61
10298,62
10327,63
10356-76-0,64
10376,65
1037624-75-1,66
10381,67
10382,68
10383,69
1044870-39-4,70
10461,71
1047953-91-2,72
10494,73
10499,74
10599,75
1061318-81-7,76
1062368-24-4,77
10645,78
1066,79
10682,80
107,81
10724,82
1072959-67-1,83
10733,84
10746,85
10769,86
10783,87
108,88
1080,89
10800,90
10825,91
108341-18-0,92
10846,93
10855,94
10857,95
10863,96
108740-89-2,97
1088965-37-0,98
10893,99
10919,100
1093403-33-8,101
10951,102
10988,103
11-cis Retinoic Acid,104
11011,105
1101810-02-9,106
11040,107
110448-33-4,108
1105,109
11069,110
1109,111
11096,112
111,113
1111,114
11113,115
11156,116
11183,117
11184,118
11188,119
11200,120
11201,121
11213,122
11238,123
11251,124
11255,125
112648-68-7,126
1128,127
11280,128
1129,129
11309,130
1131,131
1132,132
113235,133
11329,134
1133,135
11330,136
11331,137
1134,138
11343,139
1135,140
1136,141
1137,142
1138,143
1139,144
1140,145
1141,146
1142,147
114294,148
1143,149
1144,150
1144035-53-9,151
1145,152
114548,153
1146,154
1147,155
115584,156
116085,157
116443,158
116444,159
116447,160
1169562-71-3,161
117048-62-1,162
117144,163
117155,164
1181,165
118414-82-7,166
1187,167
1188,168
118856,169
1195,170
1196,171
1197996-80-7,172
1198,173
11981,174
120227,175
1202884-94-3,176
12048,177
120892,178
121268-17-5,179
1215,180
122011,181
122042,182
1221186-53-3,183
1230,184
123096,185
123228,186
1233,187
1234,188
1239610-44-6,189
124,190
1241,191
1244,192
124583,193
125,194
126,195
1262770-73-9,196
1263,197
1268,198
1269,199
127,200
13,201
1301214-47-0,202
130332-27-3,203
130399,204
1312,205
131848-97-0,206
131890,207
132,208
1326,209
1327,210
1329,211
13292-46-1,212
1339,213
134,214
1340,215
134036-52-5,216
1345,217
1346,218
1346528-06-0,219
134864,220
1349,221
135,222
1350,223
1351,224
1352608-82-2,225
1357171-62-0,226
136,227
1370256-78-2,228
1371,229
1373,230
1374,231
1376,232
1384,233
1385,234
1387,235
140,236
140469,237
140609,238
140901,239
142,240
1421227-52-2,241
143,242
1432,243
1436,244
1439901-97-9,245
1445,246
1452,247
1453,248
1454,249
145407,250
145482,251
1455,252
1456,253
1457,254
1459,255
146,256
146802,257
147,258
147746,259
148,260
1491,261
150,262
150094,263
1504,264
1508,265
1509,266
151,267
1510,268
1511,269
151306,270
152,271
153,272
153436-54-5,273
1535,274
153559-76-3,275
1536,276
154,277
1543,278
1544,279
1545,280
1548,281
154807,282
155,283
155148-31-5,284
1554458-53-5,285
1555,286
1557,287
1558,288
1559,289
156,290
1565,291
1573,292
1576,293
1577,294
1583,295
1584,296
1585,297
1586,298
1588,299
1594,300
1595,301
16-16-dimethyl PGE2,302
1604,303
160728,304
1610,305
1612,306
1613,307
1621,308
162466,309
1627696-51-8,310
1633,311
16337,312
1634,313
1636,314
1644,315
1645,316
1646,317
164658-13-3,318
165631,319
1666,320
166614,321
166785,322
167359,323
17 alpha-propionate,324
17-AAG (TANESPIMYCIN),325
17-DMAG (ALVESPIMYCIN) HCL,326
17-hydroxy Wortmannin,327
1716,328
1717,329
1719,330
1723,331
1728,332
1733,333
1742,334
176,335
1760,336
1773,337
177530-93-7,338
178,339
1786,340
1787,341
1788,342
1789,343
17_-hydroxy Wortmannin,344
18,345
1800,346
180083-23-2,347
1803,348
1806,349
1808,350
1812,351
1813,352
1814,353
1815,354
1816,355
1827,356
183321-86-0,357
1841,358
1844849-11-1,359
185,360
185039-99-0,361
1859,362
186,363
1869912-40-2,364
187,365
1890,366
19,367
190,368
1901,369
1903,370
1909,371
191,372
1910,373
193746-75-7,374
1956,375
196,376
1969,377
1977,378
198474-05-4,379
1991,380
199433-58-4,381
2,382
2-FLUORO ARA-A,383
2-Fluoroadenosine,384
2-Methoxyestradiol,385
2-Methoxyestradiol (2-MeOE2),386
"2-Propenoic acid, 3-[4-(1H-imidazol-1-ylmethyl)phenyl]-, (Z)-",387
2-THIOURACIL,388
2-[4-[3-[(4-Oxidanylidene-3~{h}-Phthalazin-1-Yl)methyl]phenyl]carbonylpiperazin-1-Yl]pyridine-3-Carbonitrile,389
2-propylpentanoate,390
20-HYDROXYECDYSONE,391
200484-11-3,392
2006,393
2011,394
201943-63-7,395
202374,396
2030,397
203068,398
2041,399
2042,400
2043,401
2044,402
2045,403
2046,404
2047,405
2048,406
204851,407
2049,408
2050,409
2051,410
2053,411
2064,412
2065,413
2066,414
207,415
2078,416
208,417
2081,418
2099,419
210,420
2100,421
2101,422
2103,423
2104,424
211915-06-9,425
2120,426
213,427
2139,428
2147,429
2149,430
2152,431
215303-72-3,432
2155,433
2158,434
2159,435
216,436
2160,437
2168,438
2169,439
217,440
2172,441
217645-70-0,442
218137-86-1,443
2182,444
2185,445
2191,446
2194,447
219931,448
221656,449
221955,450
2222,451
2224,452
222962,453
2230,454
2235,455
2237,456
2241,457
2242,458
2246,459
2247,460
225689,461
2260,462
2261,463
2263,464
2264,465
2268,466
227088-94-0,467
2280,468
2281,469
22848,470
22858,471
2287,472
2289,473
22933,474
22978,475
22983,476
23012,477
23028,478
23043,479
23097,480
231,481
23113,482
23173,483
23192,484
23193,485
2321,486
2322,487
23235,488
2324,489
23387,490
23396,491
23408,492
23410,493
23411,494
2342,495
23420,496
23435,497
23450,498
23468,499
23475,500
23476,501
2348,502
2350,503
2356,504
23569,505
2357,506
23590,507
23604,508
23617,509
23621,510
23632,511
23649,512
23657,513
23678,514
23683,515
238,516
239,517
240,518
241,519
24145,520
2444,521
246,522
247,523
2475,524
249,525
2492,526
25,527
251,528
2516,529
252003-65-9,530
252916-29-3,531
2534,532
2539,533
2548,534
2550,535
255239,536
2554,537
2555,538
2556,539
2557,540
2558,541
2559,542
2560,543
2561,544
2562,545
2563,546
2564,547
2565,548
2566,549
2567,550
2568,551
25778,552
2580,553
2582,554
25824,555
25865,556
2593,557
2595,558
2597,559
25974,560
25989,561
26,562
26013,563
26090,564
26140,565
2618,566
262,567
26275,568
2629,569
2638,570
2648,571
26524,572
26576,573
2671,574
2677,575
2678,576
2692,577
2697,578
27,579
27094,580
27102,581
27115,582
27148,583
27250,584
27306,585
27330,586
27345,587
27347,588
2739,589
2740,590
2741,591
2742,592
2743,593
2744,594
2752,595
276,596
2778,597
279,598
2815,599
28234,600
2831,601
283383,602
2840,603
2841,604
2847,605
2852,606
285220,607
2859,608
2862,609
28639,610
2864,611
2868,612
2869,613
2872,614
28755,615
2885,616
2891,617
2892,618
289483-69-8,619
2897,620
2898,621
28988,622
28996,623
290,624
2902,625
2903,626
2904,627
2905,628
2906,629
2908,630
2911,631
29110,632
2912,633
2913,634
2915,635
2916,636
2931,637
2932,638
2936,639
2937,640
2939,641
2950,642
2977,643
2983,644
29850,645
29881,646
29952,647
29968,648
2998,649
29991,650
29994,651
"3-(3,4-dihydroxyphenyl)prop-2-enoic acid",652
3-AMINO-2-OXAZOLIDINONE,653
3-BDO,654
3-Bromopyruvate,655
3-Deazaneplanocin A,656
3-Methyladenine,657
3-indolebutyric acid,658
3005,659
301,660
3028,661
303727-31-3,662
3039,663
3040,664
3043,665
3055,666
3064,667
3065,668
3066,669
3073,670
3074,671
30811,672
30814,673
308246-52-8,674
3091,675
309928-48-1,676
3105,677
31221,678
"31221

5159",679
314042-01-8,680
3156,681
315703-52-7,682
316,683
3172,684
317318-70-0,685
3176,686
3178,687
319460-94-1,688
3206,689
3242,690
3248,691
3249,692
3251,693
326625,694
3269,695
3274,696
3276,697
328,698
3283,699
3284,700
3290,701
3291,702
3292,703
3293,704
3294,705
3309,706
3312,707
3315,708
332,709
3320,710
3326,711
3350,712
3351,713
3352,714
3354,715
3355,716
3356,717
3357,718
3358,719
3359,720
3360,721
3361,722
3362,723
3363,724
338442,725
338567,726
340024,727
340156,728
341676,729
3417,730
343450,731
3458,732
347732,733
34793-34-5,734
3480,735
3486,736
348980,737
351,738
353189,739
354,740
3551,741
3553,742
3554,743
3558,744
3562,745
3565,746
3567,747
3569,748
3576,749
3577,750
3579,751
358,752
35922-06-6,753
36,754
3614,755
3615,756
3619,757
3620,758
3623,759
3643,760
3645,761
3654,762
367,763
3676,764
368,765
3683,766
3689,767
369,768
3690,769
3702,770
3708,771
3709,772
3710,773
3716,774
3717,775
3718,776
372196-67-3,777
3725,778
3735,779
3736,780
3737,781
3738,782
3739,783
3741,784
3743,785
3744,786
3746,787
3747,788
375,789
3751,790
3752,791
3753,792
3756,793
3757,794
3758,795
3761,796
3762,797
3763,798
3764,799
3767,800
3768,801
3775,802
3776,803
377677,804
3777,805
3778,806
3779,807
3780,808
3781,809
3782,810
3783,811
3784,812
3785,813
3786,814
378807,815
3791,816
38,817
3815,818
38194-50-2,819
3855,820
3859,821
387129,822
388228,823
389840,824
390245,825
3932,826
3933,827
3938,828
3939,829
3978,830
3980,831
3984,832
3985,833
39970,834
"3\',4\'-Diacetylafzelin",835
4-AMINOSALICYLIC ACID,836
4-Hydroxyandrostenedione,837
4-Methylumbelliferone,838
"4-[4-(4-methoxyphenyl)-5-methyl-1H-pyrazol-3-yl]benzene-1,3-diol",839
40,840
4015,841
4023,842
4025,843
4048,844
405554-55-4,845
4057,846
4058,847
4067,848
4088,849
409345-29-5,850
41,851
4117,852
412,853
4128,854
4129,855
4133,856
4134,857
4137,858
4139,859
4140,860
4145,861
4151,862
415116,863
4154,864
4159,865
4160,866
4161,867
4170,868
4190,869
4193,870
4214,871
4215,872
4216,873
4233,874
4286,875
4293,876
4294,877
4296,878
4297,879
43,880
4306,881
4312,882
4313,883
4314,884
4316,885
4317,886
4318,887
4319,888
431979-47-4,889
4320,890
4321,891
4322,892
4323,893
4324,894
4325,895
4326,896
4327,897
4350,898
4352,899
4353,900
4363,901
438,902
440275,903
440503,904
445,905
445430-58-0,906
4486,907
4504,908
4508,909
4512,910
4513,911
4514,912
451492-95-8,913
4519,914
4524,915
4543,916
4544,917
4547,918
4548,919
4552,920
4583,921
4593,922
4594,923
4638,924
4661,925
4688,926
4689,927
471,928
4718,929
472,930
473382-39-7,931
475,932
4750,933
4751,934
4752,935
4758,936
4759,937
476,938
4780,939
4790,940
4791,941
4792,942
4835,943
4837,944
4842,945
4843,946
4846,947
4850864,948
4860,949
4864,950
4869,951
4879,952
4881,953
4886,954
4887,955
4914,956
4915,957
4916,958
4921,959
494551,960
494772-86-0,961
495,962
4953,963
4967,964
498,965
4985,966
4986,967
4987,968
4988,969
4MU8C,970
4\'-EPIADRIAMYCIN,971
5-(((5-chloro-2-Methylpyridin-3-yl)aMino)Methyl)-N-(3-cyclopentyl-1-(cyclopropylaMino)-1-oxopropan-2-yl)thiophene-2-carboxaMide,972
5-Azacitidine,973
5-FLUORO-2\'-DEOXYURIDINE,974
5-Fluorouracil,975
5-Hydroxytryptophan,976
"5-[2-(4-hydroxyphenyl)vinyl]benzene-1,3-diol",977
5-chloro-N-((2-oxo-3-(4-(3-oxomorpholino)phenyl)oxazolidin-5-yl)methyl)thiophene-2-carboxamide,978
5-hydroxy-L-tryptophan,979
5004,980
5005,981
501,982
5024,983
5025,984
5028,985
5029,986
5031,987
5032,988
5033,989
50484,990
50488,991
50507,992
5053,993
5054,994
5058,995
506,996
5062,997
5063,998
50632,999
50771,1000
50801,1001
50833,1002
50840,1003
509,1004
50940,1005
51053,1006
51056,1007
51086,1008
5111,1009
51135,1010
51174,1011
51175,1012
51185,1013
51265,1014
5127,1015
5128,1016
51284,1017
5129,1018
5130,1019
51305,1020
51311,1021
51347,1022
5136,1023
5137,1024
5138,1025
5139,1026
5140,1027
5141,1028
5142,1029
51422,1030
51426,1031
5143,1032
5144,1033
5145,1034
5146,1035
5148,1036
5149,1037
5150,1038
5151,1039
5152,1040
5153,1041
5156,1042
51564,1043
5158,1044
5159,1045
5166,1046
5167,1047
5170,1048
51701,1049
51727,1050
51765,1051
51776,1052
51807,1053
5218,1054
5226,1055
523,1056
5241,1057
5243,1058
526,1059
5260,1060
5261,1061
5272,1062
528,1063
5287,1064
5288,1065
5290,1066
5291,1067
5292,1068
5293,1069
5294,1070
5295,1071
5296,1072
5298,1073
5315,1074
5319,1075
5320,1076
5321,1077
5322,1078
5327,1079
5328,1080
5334,1081
5337,1082
53373,1083
5338,1084
5340,1085
5346,1086
5347,1087
53632,1088
53637,1089
5371,1090
53829,1091
53904,1092
53944,1093
54-62-6,1094
5406,1095
54101,1096
54106,1097
54107,1098
54205,1099
54207,1100
5422,1101
5423,1102
5426,1103
5427,1104
5428,1105
5429,1106
5443,1107
5444,1108
54575,1109
54577,1110
54578,1111
54579,1112
54583,1113
54600,1114
54625,1115
5465,1116
54657,1117
54658,1118
54659,1119
5467,1120
54677,1121
5468,1122
5471,1123
54737,1124
5476,1125
5478,1126
54795,1127
54799,1128
54861,1129
54878,1130
55,1131
55145,1132
55163,1133
55193,1134
552,1135
55244,1136
553,1137
5530,1138
55300,1139
5533,1140
5535,1141
55351,1142
55361,1143
554,1144
5550,1145
55561,1146
55584,1147
55589,1148
5562,1149
5563,1150
5564,1151
5565,1152
5566,1153
55662,1154
5567,1155
5569,1156
5571,1157
55775,1158
5578,1159
55781,1160
5579,1161
55799,1162
558,1163
5580,1164
55800,1165
5581,1166
5582,1167
5583,1168
5584,1169
5585,1170
5586,1171
55867,1172
55869,1173
5587,1174
55879,1175
5588,1176
5590,1177
5591,1178
5592,1179
5593,1180
5594,1181
5595,1182
5596,1183
5597,1184
5598,1185
5599,1186
5600,1187
5601,1188
5602,1189
5603,1190
5604,1191
5605,1192
5606,1193
5607,1194
5608,1195
5609,1196
5610,1197
5613,1198
5621,1199
5624,1200
5627,1201
5631,1202
5644,1203
56547,1204
56604,1205
5662,1206
56655,1207
567,1208
5673,1209
5682,1210
5683,1211
5684,1212
5685,1213
5686,1214
5687,1215
5688,1216
5689,1217
5690,1218
5691,1219
5692,1220
56923,1221
56924,1222
5693,1223
56934,1224
5694,1225
5695,1226
5696,1227
5698,1228
5699,1229
56990-57-9,1230
56997,1231
57-22-7,1232
57016,1233
57026,1234
57053,1235
5707,1236
5708,1237
57105,1238
57118,1239
57144,1240
57172,1241
5724,1242
5729,1243
5730,1244
5731,1245
5732,1246
5733,1247
5734,1248
5737,1249
5739,1250
57396,1251
5740,1252
57406,1253
5742,1254
5743,1255
57468,1256
5747,1257
5753,1258
57551,1259
57582,1260
57657,1261
5770,1262
57704,1263
5775,1264
5778,1265
57787,1266
5791,1267
5802,1268
58131-57-0,1269
58190,1270
5836,1271
5837,1272
58497,1273
5852-78-8,1274
5871,1275
5879,1276
5880,1277
5893,1278
5894,1279
590,1280
5914,1281
5915,1282
5916,1283
5918,1284
59340,1285
59350,1286
5947,1287
595,1288
5950,1289
5959,1290
596,1291
5965,1292
5970,1293
5972,1294
5979,1295
599,1296
5999,1297
"6-(7-hydroxy-6,7-dihydro-5H-pyrrolo[1,2-c]imidazol-7-yl)-N-methyl-2-naphthamide",1298
6-HYDROXYBUSPIRONE,1299
6011,1300
6035,1301
6037,1302
6046,1303
60482,1304
60681,1305
6093,1306
6095,1307
6096,1308
6097,1309
6098,1310
610,1311
6122,1312
613,1313
6195,1314
6196,1315
6197,1316
6198,1317
623,1318
624,1319
6240,1320
6241,1321
6256,1322
6257,1323
6258,1324
6261,1325
6262,1326
626222-24-0,1327
6263,1328
6275,1329
6283,1330
6284,1331
6285,1332
6286,1333
6300,1334
6303,1335
6311,1336
632,1337
6323,1338
6324,1339
6326,1340
6327,1341
6328,1342
6329,1343
6330,1344
6331,1345
6332,1346
6334,1347
6335,1348
6336,1349
6337,1350
6338,1351
6339,1352
6340,1353
6347,1354
6387,1355
640,1356
6401,1357
64066,1358
64078,1359
641,1360
6416,1361
64386,1362
6462,1363
6469,1364
6470,1365
6476,1366
64761,1367
64805,1368
64840,1369
65061,1370
6513,1371
6514,1372
652,1373
6523,1374
6524,1375
6527,1376
6529,1377
6530,1378
6531,1379
6532,1380
653361,1381
6548,1382
6553,1383
6554,1384
6555,1385
6557,1386
6558,1387
6559,1388
6560,1389
6564,1390
6565,1391
657,1392
6570,1393
6571,1394
6573,1395
6578,1396
6579,1397
658,1398
6580,1399
658084-64-1,1400
6581,1401
6582,1402
6583,1403
6584,1404
659,1405
65975,1406
660,1407
6606,1408
6608,1409
6609,1410
6622,1411
6646,1412
6647,1413
6648,1414
664969-54-4,1415
6652,1416
667463-62-9,1417
6713,1418
6714,1419
6715,1420
6716,1421
6718,1422
672,1423
6725,1424
673,1425
6732,1426
6733,1427
67469-78-7,1428
6749,1429
6751,1430
6752,1431
6753,1432
6754,1433
6755,1434
676,1435
6768,1436
6774,1437
6777,1438
6778,1439
6783,1440
6787,1441
6788,1442
6789,1443
6790,1444
6792,1445
6793,1446
6794,1447
6795,1448
6817,1449
6818,1450
6820,1451
6822,1452
683,1453
6833,1454
6850,1455
6865,1456
6868,1457
6869,1458
6870,1459
6885,1460
6915,1461
6916,1462
692420,1463
6947,1464
6948,1465
695,1466
7-Hydroxystaurosporine,1467
7006,1468
7010,1469
7015,1470
7016,1471
7018,1472
7031,1473
7046,1474
7048,1475
7052,1476
7054,1477
7056,1478
706,1479
7066,1480
7067,1481
7068,1482
7071,1483
7075,1484
7083,1485
7099,1486
7101,1487
7124,1488
7125,1489
7134,1490
7150,1491
7153,1492
7155,1493
71555-25-4,1494
7157,1495
7172,1496
7173,1497
717906-29-1,1498
7182,1499
7184,1500
7223,1501
7224,1502
7226,1503
7251,1504
7253,1505
7272,1506
7276,1507
7277,1508
7278,1509
7283,1510
728642,1511
729230,1512
7294,1513
7296,1514
7297,1515
7298,1516
7299,1517
7301,1518
7334,1519
7341,1520
7347,1521
7357,1522
7364,1523
7371,1524
7372,1525
7398,1526
7412,1527
7421,1528
7422,1529
7442,1530
7444,1531
7465,1532
7468,1533
747,1534
7486,1535
7494,1536
7498,1537
7525,1538
7532,1539
7535,1540
759,1541
760,1542
761,1543
762,1544
763,1545
765,1546
766,1547
767,1548
768,1549
770,1550
771,1551
773,1552
774,1553
775,1554
776,1555
778,1556
7786,1557
778927,1558
779,1559
780,1560
781,1561
782,1562
783,1563
784,1564
7846,1565
7849,1566
785,1567
7852,1568
786,1569
788,1570
79001,1571
79068,1572
79148,1573
7915,1574
7920,1575
7941,1576
79608,1577
79644,1578
79661,1579
79837,1580
79858,1581
79885,1582
79915,1583
79934,1584
8-AZAGUANINE,1585
8-Cl-Ado,1586
8001,1587
801,1588
80122,1589
8013,1590
8019,1591
8029,1592
80306-38-3,1593
80351,1594
803712-67-6,1595
8038,1596
805,1597
808,1598
80834,1599
81027,1600
81033,1601
811,1602
8114,1603
814,1604
8140,1605
815,1606
81502,1607
81551,1608
816,1609
81693,1610
817,1611
81788,1612
818,1613
819,1614
8202,1615
827031-83-4,1616
828713,1617
8288,1618
834,1619
83549,1620
836,1621
83732,1622
83756,1623
83795,1624
839,1625
83903,1626
83933,1627
8394,1628
83942,1629
8396,1630
8398,1631
840,1632
8408,1633
842,1634
84254,1635
8428,1636
8435,1637
8444,1638
84446,1639
8445,1640
84456,1641
846,1642
84650,1643
847,1644
8476,1645
84790,1646
8484,1647
84875,1648
8491,1649
849675-66-7,1650
8503,1651
8510,1652
8511,1653
8513,1654
852918-02-6,1655
85320,1656
8536,1657
85366,1658
853910-02-8,1659
85443,1660
8565,1661
8566,1662
8569,1663
8573,1664
8576,1665
859853-30-8,1666
8600,1667
8621,1668
8622,1669
8630,1670
8639,1671
8644,1672
8645,1673
8647,1674
8648,1675
8654,1676
8658,1677
866,1678
866323-14-0,1679
867331-82-6,1680
8678,1681
868224-64-0,1682
8698,1683
8711,1684
8714,1685
873,1686
8737,1687
875,1688
8754,1689
876310-02-0,1690
8767,1691
8780,1692
8788,1693
8814,1694
8824,1695
882531-87-5,1696
8841,1697
8843,1698
885060-08-2,1699
8854,1700
8856,1701
8858,1702
886,1703
887,1704
8879,1705
888719-03-7,1706
8899,1707
8904,1708
8911,1709
8912,1710
8913,1711
891494-64-7,1712
89565-68-4,1713
8972,1714
8973,1715
89832,1716
89845,1717
8986,1718
8989,1719
8999,1720
9-cis Acitretin,1721
9-cis-Retinoic acid,1722
90,1723
900515-16-4,1724
90134,1725
9024,1726
9033,1727
9052,1728
905579-51-3,1729
9088,1730
9099,1731
909910-43-6,1732
91,1733
91039,1734
9113,1735
911417-87-3,1736
912545-86-9,1737
9128,1738
9132,1739
9149,1740
9152,1741
9153,1742
9154,1743
9175,1744
91754,1745
9177,1746
91807,1747
92,1748
9201,1749
9212,1750
9221,1751
9252,1752
9254,1753
925434-55-5,1754
9261,1755
9262,1756
9263,1757
9266,1758
928344-12-1,1759
928774-43-0,1760
9290,1761
93,1762
9311,1763
9312,1764
9313,1765
9344,1766
9356,1767
936091-15-5,1768
936091-56-4,1769
9367,1770
9376,1771
9377,1772
938444-93-0,1773
939981-37-0,1774
94,1775
942183-80-4,1776
9424,1777
942487-16-3,1778
9429,1779
944328-88-5,1780
944396-88-7,1781
9448,1782
9453,1783
946128-88-7,1784
9468,1785
9475,1786
95,1787
9507,1788
952,1789
952021-60-2,1790
9536,1791
9568,1792
9578,1793
9611,1794
9615,1795
9641,1796
9682,1797
9706,1798
9734,1799
9748,1800
9759,1801
9817,1802
983,1803
9833,1804
984,1805
9874,1806
9891,1807
9900,1808
994,1809
9943,1810
995,1811
9970,1812
9971,1813
998,1814
9986,1815
A 419259,1816
A 438079,1817
A 839977,1818
A-205804,1819
A-443654,1820
A-485,1821
A-674563,1822
A-769662,1823
A-770041,1824
A-803467,1825
A-83-01,1826
A-922500,1827
A-966492,1828
A66,1829
A77 1726,1830
ABC-294640,1831
ABT-199 (GDC-0199),1832
ABT-263 (NAVITOCLAX),1833
ABT-702,1834
ABT-737,1835
ABT-751 (E7010),1836
ABT-888,1837
AC-261066,1838
AC-265347,1839
AC-480,1840
ACTB-1003,1841
ACY-738,1842
ADL5859 HCL,1843
ADX-47273,1844
AEE-788,1845
AEE788 (NVP-AEE788),1846
AFATINIB (BIBW2992),1847
AG-041R,1848
AG-1024,1849
AG-14361,1850
AG-1478 (TYRPHOSTIN AG-1478),1851
AG-490 (TYRPHOSTIN B42),1852
AG-881,1853
AGI-5198,1854
AIM-100,1855
ALECTINIB (CH5424802),1856
ALISERTIB (MLN8237),1857
ALOE-EMODIN,1858
ALW-II-41-27,1859
AM-5992,1860
AM1241,1861
AM251,1862
AMD 473,1863
AMG-1,1864
AMG-208,1865
AMG-232,1866
AMG-25,1867
AMG-337,1868
AMG-458,1869
AMG-47A,1870
AMG-51,1871
AMG-548,1872
AMG-900,1873
AMG-925,1874
AMG-TIE2-1,1875
AMUVATINIB (MP-470),1876
ANACETRAPIB (MK-0859),1877
ANTIBIOTIC AD 32,1878
ANTIBIOTIC AY 22989,1879
AP-26113,1880
AP-768,1881
APOPTOSIS ACTIVATOR 2,1882
APTO-253,1883
APY29,1884
AQX-MN-100,1885
AR-00341677,1886
AR-42,1887
AR-A014418,1888
AR-C155858,1889
ARN-509,1890
ARQ-621,1891
ARRY-520,1892
AS-601245,1893
AS-602801,1894
AS-604850,1895
AS-605240,1896
ASP3026,1897
ASR-isobudimer-SO2Ph-4-CH2OC(O)NMe2,1898
AST-1306,1899
AST-487,1900
AT-IAP,1901
AT101,1902
AT13387,1903
AT7519,1904
AT7867,1905
AT9283,1906
ATALUREN (PTC124),1907
AV-412,1908
AVAGACESTAT (BMS-708163),1909
AVL-292,1910
AVN-944,1911
AX-024,1912
AZ-191,1913
AZ-20,1914
AZ-23,1915
AZ-3146,1916
AZ-628,1917
AZ-82,1918
AZ-960,1919
AZD-1080,1920
AZD-1480,1921
AZD-1775,1922
AZD-1981,1923
AZD-2014,1924
AZD-2461,1925
AZD-26,1926
AZD-2858,1927
AZD-3264,1928
AZD-3463,1929
AZD-3965,1930
AZD-4547,1931
AZD-5363,1932
AZD-5438,1933
AZD-6482,1934
AZD-7545,1935
AZD-7762,1936
AZD-8055,1937
AZD-8186,1938
AZD-8330,1939
AZD-8797,1940
AZD-8835,1941
AZD-8931 (SAPITINIB),1942
AZD-9496 (maleate),1943
AZD-9496 maleate,1944
Abacavir,1945
Abametapir,1946
Abemaciclib,1947
Abiraterone,1948
Abiraterone Acetate,1949
Ac-SAH-p53-8,1950
Acadesine,1951
Acalabrutinib,1952
Acalisib,1953
Acamprosate,1954
Acarbose,1955
Acebutolol Hcl,1956
Aceclidine Hcl,1957
Acemetacin,1958
Acesulfame Potassium,1959
Acetanilide,1960
Acetarsone,1961
Acetazolamide,1962
Acetohexamide,1963
Acetohydroxamic Acid,1964
Acetylcysteine,1965
Achp,1966
Aciclovir,1967
Acipimox,1968
Acitretin,1969
Aclarubicin,1970
Aclidinium Bromide,1971
Acpa,1972
Actinomycin D,1973
Adapalene,1974
Adefovir Dipivoxil,1975
Adenosine,1976
Aderbasib,1977
Adiphenine Hcl,1978
Adiporon,1979
Adm Hydrochloride,1980
Adomeglivant,1981
Adrenalone Hcl,1982
Afatinib,1983
Ahpn,1984
Akt Inhibitor Viii,1985
"Akt-I-1,2",1986
Akt-I-1-2,1987
Alacepril,1988
Albendazole,1989
Albendazole Oxide,1990
Aldoxorubicin Hydrochlorid,1991
Alendronate,1992
Alendronate (Fosamax),1993
Alfacalcidol,1994
Alfuzosin,1995
Alfuzosin Hcl,1996
Alfuzosin Hydrochloride,1997
Alibendol,1998
Alisertib,1999
Aliskiren,2000
Aliskiren Hemifumarate,2001
Alizarin,2002
Allopurinol,2003
Almotriptan,2004
Aloin,2005
Aloin B,2006
Aloperine,2007
Aloxistatin,2008
Alpelisib,2009
Alpelisib(BYL-719),2010
Alprostadil,2011
Altrenogest,2012
Altretamine,2013
Alverine Citrate,2014
Alvespimycin Hydrochloride,2015
Alvimopan,2016
Amantadine,2017
Amantadine Hydrochloride,2018
Amastatin,2019
Ambrisentan,2020
Amfebutamone Hcl,2021
Amfenac Sodium Monohydrate,2022
Amidopyrine,2023
Amifostine,2024
Amiloride,2025
Amiloride Hcl,2026
Amiloride Hydrochloride,2027
Aminoglutethimide,2028
Aminolevulinic Acid Hydrochloride,2029
Aminophylline,2030
Aminopterin,2031
Aminothiazole,2032
Amiodarone Hcl,2033
Amiodarone Hydrochloride,2034
Amisulpride,2035
Amitriptyline Hcl,2036
Amlexanox,2037
Amlodipine,2038
Ammonium Glycyrrhizinate,2039
Amodiaquin Dihydrochloride Dihydrate,2040
Amodiaquine,2041
Amonafide,2042
Amorolfine,2043
Amorolfine Hcl,2044
Amorolfine Hydrochloride,2045
Amoxapine,2046
Amoxicillin,2047
Amoxicillin Sodium,2048
Ampicillin Sodium,2049
Ampicillin Trihydrate,2050
Ampiroxicam,2051
Amprenavir,2052
Amprolium Hcl,2053
Amsacrine,2054
Anagrelide,2055
Anagrelide Hcl,2056
Anamorelin,2057
Anastrozole,2058
Andarine,2059
Andrographolide,2060
Aniracetam,2061
Anisotropine Methylbromide,2062
Anlotinib,2063
Ansamitocin P3,2064
Antazoline Hcl,2065
Antimycin A,2066
Antipyrine,2067
Antitumor Compound 1,2068
Apalutamide,2069
Apatinib,2070
Apaziquone,2071
Apigenin,2072
Apilimod,2073
Apixaban,2074
Apratastat,2075
Aprepitant,2076
Ara-Furan-A,2077
Arbidol Hcl,2078
Arbutin,2079
Arecoline,2080
Argatroban,2081
Arglabin,2082
Aripiprazole,2083
Armodafinil,2084
Arsenic Trioxide,2085
Artefanilide,2086
Artemether,2087
Artemisinin,2088
Artenimol,2089
Arterolane,2090
Artesunate,2091
Articaine Hcl,2092
Asaraldehyde,2093
Asenapine,2094
Asenapine Maleate,2095
Asiatic Acid,2096
Aspartame,2097
Aspirin,2098
Astragaloside A,2099
Atazanavir Sulfate,2100
Atenolol,2101
Atiprimod,2102
Atomoxetine Hcl,2103
Atorvastatin Calcium,2104
Atovaquone,2105
Atractylenolide I,2106
Atracurium Besylate,2107
Atrasentan,2108
Atuveciclib,2109
Auranofin,2110
Aurantiamarin (Methyl Hesperidin),2111
Aurora A Inhibitor I,2112
Avacopan,2113
Avanafil,2114
Avasimibe,2115
Avitinib,2116
Avobenzone,2117
Axitinib,2118
Azacitidine,2119
Azacyclonol,2120
Azacytidine,2121
Azaperone,2122
Azasetron Hydrochloride,2123
Azatadine,2124
Azatadine Dimaleate,2125
Azathioprine,2126
Azelastine Hcl,2127
Azelnidipine,2128
Azilsartan,2129
Azilsartan Medoxomil,2130
Azithromycin,2131
Azixa,2132
Azlocillin Sodium Salt,2133
Azomycin,2134
Aztreonam,2135
BAF-312,2136
BAG-956,2137
BAM7,2138
BARASERTIB (AZD1152-HQPA),2139
BATIMASTAT (BB-94),2140
BAY-11-7082,2141
BAY-1125976,2142
BAY-1436032,2143
BAY-1895344,2144
BAY-41-2272,2145
BAY-41-8543,2146
BAY-60-7550,2147
BAY-61-3606,2148
BAY-876,2149
BD-1047,2150
BDBM30026,2151
BELINOSTAT (PXD101),2152
BET-BAY 002,2153
BETA-LAPACHONE,2154
BETAHISTINE 2HCL,2155
BEZ-235,2156
BGB-3111,2157
BGJ398 (NVP-BGJ398),2158
BGP-15,2159
BGT-226 free base,2160
BGT226 (NVP-BGT226),2161
BI 2536,2162
BI-671800,2163
BI-78D3,2164
BI-847325,2165
BI-9564,2166
BI-D1870,2167
BIBR 1532,2168
BIIB021,2169
BIO-Acetoxime,2170
BIRB 796 (DORAMAPIMOD),2171
BIS(2-METHOXYETHYL) PHTHALATE,2172
BIX-01294,2173
BIX-02188,2174
BIX-02189,2175
BKM-120,2176
BLU-554,2177
BLU9931,2178
BLZ945,2179
BML-190,2180
BMS 299897,2181
BMS-214662,2182
BMS-265246,2183
BMS-3,2184
BMS-345541,2185
BMS-378806,2186
BMS-5,2187
BMS-509744,2188
BMS-536924,2189
BMS-582949,2190
BMS-587101,2191
BMS-754807,2192
BMS-777607,2193
BMS-794833,2194
BMS-833923,2195
BMS-911543,2196
BMS-983970,2197
BMS-986158,2198
BMS-986205,2199
BMY7378,2200
BOSUTINIB (SKI-606),2201
BP-1-102,2202
BQ-123,2203
BRIVANIB (BMS-540215),2204
BRIVANIB ALANINATE (BMS-582664),2205
BRL-15572,2206
BRL-54443,2207
BS-181 HCL,2208
BS194,2209
BTM-2C-dimer allyl oxime,2210
BTM-2C-dimer ketone,2211
BTZ-10526043,2212
BTZ043 RACEMATE,2213
BVT-14225,2214
BX-795,2215
BX-912,2216
BYL719,2217
Bacitracin (Zinc),2218
Baclofen,2219
Bafetinib,2220
Baicalein,2221
Baicalin,2222
Balicatib,2223
Balofloxacin,2224
Balsalazide Disodium,2225
Barasertib,2226
Bardoxolone Methyl,2227
Baricitinib,2228
Batimastat,2229
Bayer-18,2230
Bazedoxifene,2231
Bazedoxifene Acetate,2232
Bazedoxifene Hcl,2233
Belinostat,2234
Belizatinib,2235
Bemegride,2236
Benazepril,2237
Benazepril Hcl,2238
Bendamustine,2239
Bendamustine Hydrochloride,2240
Bendroflumethiazide,2241
Benfotiamine,2242
Benidipine Hcl,2243
Benserazide,2244
Benserazide Hcl,2245
Bentamapimod,2246
Benzamil,2247
Benzbromarone,2248
Benzethonium Chloride,2249
Benzocaine,2250
Benzoic Acid,2251
Benztropine Mesylate,2252
Bephenium Hydroxynaphthoate,2253
Bepotastine Besilate,2254
Bepridil,2255
Berberine,2256
Bergapten,2257
Berzosertib,2258
Bestatin,2259
Beta Carotene,2260
Betamethasone,2261
Betamethasone Dipropionate,2262
Betamethasone Valerate,2263
Betamipron,2264
Betaxolol,2265
Betaxolol Hydrochloride,2266
Bethanechol,2267
Bethanechol Chloride,2268
Bexarotene,2269
Bezafibrate,2270
Biapenem,2271
Bicalutamide,2272
Bifemelane,2273
Bifonazole,2274
Bilobalide,2275
Bimatoprost,2276
Bimiralisib,2277
Bindarit,2278
Biochanin A,2279
Biperiden Hcl,2280
Birinapant,2281
Bisacodyl,2282
Bisoprolol Fumarate,2283
Blebbistatin,2284
Bleomycin,2285
Bleomycin Sulfate,2286
Bortezomib,2287
Bosentan,2288
Bosutinib,2289
Bptes,2290
Brefeldin A,2291
Brequinar,2292
Bretylium Tosylate,2293
Briciclib,2294
Brilanestrant,2295
Brincidofovir,2296
Brinderdin,2297
Brintellix,2298
Brinzolamide,2299
Brivanib,2300
Brivudine,2301
Bromhexine,2302
Bromhexine Hcl,2303
Bromhexine Hydrochloride,2304
Brompheniramine Hydrogen Maleate,2305
Broxyquinoline,2306
Bruceantin,2307
Brucine,2308
Budesonide,2309
Bufexamac,2310
Buflomedil Hcl,2311
Bumetanide,2312
Buparlisib,2313
Bupivacaine Hcl,2314
Buprenorphine Hydrochloride,2315
Buspirone,2316
Busulfan,2317
Butein,2318
Butenafine Hcl,2319
Butoconazole,2320
Butoconazole Nitrate,2321
C-188-9,2322
CA-074Me,2323
CAA0225,2324
CANERTINIB (CI-1033),2325
CAP-232,2326
CARBAZOCHROME SODIUM SULFONATE (AC-17),2327
CARFILZOMIB (PR-171),2328
CAY-10581,2329
CAY10603,2330
CB 300919,2331
CC-401,2332
CC-885,2333
CCT018159,2334
CCT128930,2335
CCT129202,2336
CCT137690,2337
CCT251236,2338
CD 437,2339
CDK8i-51,2340
CDK9 inhibitor,2341
CEDIRANIB (AZD2171),2342
CEP-18770 (DELANZOMIB),2343
CEP-32496,2344
CEP-33779,2345
CETRIMONIUM BROMIDE (CTAB),2346
CFTRINH-172,2347
CGI-1746,2348
CGK 733,2349
CGM-097,2350
CGS 21680 HCL,2351
CH5132799,2352
CHEMBL1090466,2353
CHEMBL1221434,2354
CHEMBL1242367,2355
CHEMBL1288002,2356
CHEMBL129857,2357
CHEMBL130321,2358
CHEMBL1408258,2359
CHEMBL1643208,2360
CHEMBL166161,2361
CHEMBL1706858,2362
CHEMBL17639,2363
CHEMBL178737,2364
CHEMBL1824695,2365
CHEMBL2018451,2366
CHEMBL2052019,2367
CHEMBL2070615,2368
CHEMBL2107334,2369
CHEMBL2132441,2370
CHEMBL2133870,2371
CHEMBL2134016,2372
CHEMBL2134570,2373
CHEMBL213634,2374
CHEMBL2136663,2375
CHEMBL2138352,2376
CHEMBL2138817,2377
CHEMBL2140543,2378
CHEMBL2140838,2379
CHEMBL2140972,2380
CHEMBL2141387,2381
CHEMBL2142962,2382
CHEMBL2143037,2383
CHEMBL2144205,2384
CHEMBL2144820,2385
CHEMBL2325079,2386
CHEMBL2337032,2387
CHEMBL2426174,2388
CHEMBL256963,2389
CHEMBL258622,2390
CHEMBL277800,2391
CHEMBL3103000,2392
CHEMBL3103040,2393
CHEMBL3128069,2394
CHEMBL317493,2395
CHEMBL3184387,2396
CHEMBL3185999,2397
CHEMBL3186716,2398
CHEMBL3188517,2399
CHEMBL3188552,2400
CHEMBL3188572,2401
CHEMBL3188944,2402
CHEMBL3322515,2403
CHEMBL3348822,2404
CHEMBL3348829,2405
CHEMBL3348841,2406
CHEMBL3348848,2407
CHEMBL3348853,2408
CHEMBL3348860,2409
CHEMBL3348871,2410
CHEMBL3348874,2411
CHEMBL3348883,2412
CHEMBL3348887,2413
CHEMBL3348888,2414
CHEMBL3348890,2415
CHEMBL3348891,2416
CHEMBL3348894,2417
CHEMBL3348895,2418
CHEMBL3348900,2419
CHEMBL3348910,2420
CHEMBL3348914,2421
CHEMBL3348916,2422
CHEMBL3348922,2423
CHEMBL3348927,2424
CHEMBL3348930,2425
CHEMBL3348931,2426
CHEMBL3348934,2427
CHEMBL3348942,2428
CHEMBL3348948,2429
CHEMBL3348949,2430
CHEMBL3348950,2431
CHEMBL3348953,2432
CHEMBL3348955,2433
CHEMBL3348956,2434
CHEMBL3348961,2435
CHEMBL3348974,2436
CHEMBL3348980,2437
CHEMBL3348985,2438
CHEMBL3348989,2439
CHEMBL3348991,2440
CHEMBL3348995,2441
CHEMBL3349002,2442
CHEMBL3349004,2443
CHEMBL3349010,2444
CHEMBL3349015,2445
CHEMBL3417706,2446
CHEMBL371226,2447
CHEMBL3781751,2448
CHEMBL3814532,2449
CHEMBL3856067,2450
CHEMBL387477,2451
CHEMBL3923667,2452
CHEMBL39740,2453
CHEMBL431383,2454
CHEMBL494027,2455
CHEMBL502156,2456
CHEMBL574181,2457
CHEMBL63426,2458
CHEMBL75474,2459
CHIR-124,2460
CHIR-265,2461
CHIR-98014,2462
CHIR-98023,2463
CHIR-99021,2464
CHIR-99021 (CT99021) HCL,2465
CHZ868,2466
CI994 (TACEDINALINE),2467
CNF-2024,2468
CNX-2006,2469
CNX-774,2470
CO-1686 (AVL-301),2471
COBICISTAT (GS-9350),2472
COMBRETASTATIN A4,2473
CP-346086,2474
CP-466722,2475
CP-673451,2476
CP-724714,2477
CP-91149,2478
CPG-52364,2479
CPI-1189,2480
CPI-1205,2481
CPI-203,2482
CPI-360,2483
CPI-4203,2484
CPI-613,2485
CPI-637,2486
CRENOLANIB (CP-868596),2487
CT-98014,2488
CT-99021,2489
CTEP (RO4956371),2490
CUDC-101,2491
CUDC-907,2492
CVT-313,2493
CX-4945 (SILMITASERTIB),2494
CX-5461,2495
CX-6258,2496
CYC116,2497
CYCLIZINE 2HCL,2498
CYT387,2499
CZC24832,2500
Cabazitaxel,2501
Cabozantinib,2502
Caffeic Acid Phenethyl Ester,2503
Caffeine,2504
Caffeine Citrate,2505
Calcifediol,2506
Calcitriol,2507
Calcium Folinate,2508
Calcium Gluceptate,2509
Calhex-231,2510
Calindol,2511
Calmidazolium Chloride,2512
Camostat,2513
Camostat Mesilate,2514
Camptothecin,2515
Canadine,2516
Canagliflozin,2517
Candesartan,2518
Candesartan Cilexetil,2519
Canertinib,2520
Canrenone,2521
Cantharidin,2522
Capecitabine,2523
Capecitabine (Xeloda),2524
Capsaicin,2525
Captopril,2526
Carbachol,2527
Carbadox,2528
Carbamazepine,2529
Carbenicillin Disodium,2530
Carbenoxolone Sodium,2531
Carbidopa,2532
Carbimazole,2533
Carboplatin,2534
Carboxyamidotriazole,2535
Cardiogenol C,2536
Carfilzomib,2537
Carglumic Acid,2538
Carisoprodol,2539
Carmofur,2540
Carmustine,2541
Caroverine,2542
Carprofen,2543
Carvedilol,2544
Casin,2545
Caspofungin Acetate,2546
Catharanthine,2547
Cathepsin S Inhibitor,2548
Cdk\\/Crk Inhibitor,2549
Cebranopadol,2550
Cediranib,2551
Cefdinir,2552
Cefditoren Pivoxil,2553
Cefmenoxime,2554
Cefoperazone,2555
Cefoperazone Sodium,2556
Cefoselis Sulfate,2557
Ceftiofur,2558
Ceftiofur Hcl,2559
Ceftiofur Hydrochloride,2560
Celastrol,2561
Celecoxib,2562
Cephalexin,2563
Cephalomannine,2564
Cepharanthine,2565
Cerdulatinib,2566
Ceritinib,2567
Cerivastatin,2568
Cetirizine Dihcl,2569
Cetylpyridinium Chloride,2570
Cevimeline,2571
Cevipabulin,2572
Chelerythrine,2573
Chelerythrine Chloride,2574
Chenodeoxycholic Acid,2575
Chidamide,2576
Chlorambucil,2577
Chloramphenicol,2578
Chloramphenicol Palmitate,2579
Chlormezanone,2580
Chloro-IB-MECA,2581
Chlorogenic Acid,2582
Chloroquine,2583
Chlorothiazide,2584
Chloroxine,2585
Chlorphenesin,2586
Chlorpheniramine Maleate,2587
Chlorpromazine Hcl,2588
Chlorpropamide,2589
Chlorprothixene,2590
Chlorquinaldol,2591
Chlorzoxazone,2592
Cholic Acid,2593
Choline Chloride,2594
Chromocarb,2595
Chrysin,2596
Chrysophanic Acid,2597
Ciclopirox,2598
Ciclopirox Ethanolamine,2599
Cilastatin,2600
Cilazapril Monohydrate,2601
Cilengitide,2602
Ciliobrevin D,2603
Cilnidipine,2604
Cilomilast,2605
Cilostazol,2606
Cimetidine,2607
Cinacalcet,2608
Cinacalcet Hcl,2609
Cinacalcet Hydrochloride,2610
Cinaciguat,2611
Cinchonidine,2612
Cinchophen,2613
Cinepazide Maleate,2614
Cinoxacin,2615
Ciprofibrate,2616
Ciprofloxacin,2617
Ciproxifan,2618
Cisapride,2619
Cisatracurium Besylate,2620
Cisplatin,2621
Cisplatino,2622
Citalopram,2623
Citalopram Hydrobromide,2624
Citarinostat,2625
Citco,2626
Cladribine,2627
Clarithromycin,2628
Clemastine Fumarate,2629
Clevidipine Butyrate,2630
Clevudine,2631
Clindamycin,2632
Clindamycin Hcl,2633
Clindamycin Palmitate Hcl,2634
Clinofibrate,2635
Clobetasol Propionate,2636
Clobetasone Butyrate,2637
Clofarabine,2638
Clofazimine,2639
Clofibrate,2640
Clofibric Acid,2641
Clomifene Citrate,2642
Clomiphene,2643
Clomiphene Citrate,2644
Clomipramine Hcl,2645
Clopidogrel,2646
Clorprenaline Hcl,2647
Clorsulon,2648
Closantel Sodium,2649
Clotrimazole,2650
Cloxacillin Sodium,2651
Cobimetinib,2652
Cobimetinib (R-enantiomer),2653
Coenzyme Q10,2654
Colchicine,2655
Compb,2656
Compound 7,2657
Copanlisib,2658
Cortisone Acetate,2659
Cortivazol,2660
Costunolide,2661
Cot inhibitor-2,2662
Coumarin,2663
Cpepck Inhibitor,2664
Crenolanib,2665
Crizotinib,2666
Cromoglycate,2667
Cryptotanshinone,2668
Crystal Violet,2669
Cubicin,2670
Cucurbitacin I,2671
Curcumin,2672
"Curcumin, Curcuma longa L.",2673
Curcumol,2674
Cutamesine,2675
Cutamesine Hydrochloride,2676
Cyanein,2677
Cyclamic  Acid,2678
Cyclandelate,2679
Cyclocytidine Hydrochloride,2680
Cycloguanil,2681
Cycloheximide,2682
Cyclopamine,2683
Cyclophosphamide,2684
Cyclosporin A,2685
Cyclosporine A,2686
Cyclovirobuxine,2687
Cyprodime,2688
Cyproterone Acetate,2689
Cyromazine,2690
Cysteamine Hcl,2691
Cytarabine,2692
Cytarabine Hydrochloride,2693
Cytidine,2694
Cytisine,2695
D-CYCLOSERINE,2696
D-MANNITOL,2697
D-PANTOTHENIC ACID,2698
DABRAFENIB (GSK2118436),2699
DACLATASVIR (BMS-790052),2700
DANOPREVIR (ITMN-191),2701
DANUSERTIB (PHA-739358),2702
DAPIVIRINE (TMC120),2703
DAPT (GSI-IX),2704
DASA-58,2705
DCC-2036,2706
DCC-2036 (REBASTINIB),2707
DEGRASYN (WP1130),2708
DIDEOXYCYTIDINE 5\'-TRIPHOSPHATE,2709
DIHYDROARTEMISININ (DHA),2710
DIMAPRIT 2HCL,2711
DL-CARNITINE HCL,2712
DMXAA (VADIMEZAN),2713
DOLUTEGRAVIR (GSK1349572),2714
DOVITINIB (TKI-258) DILACTIC ACID,2715
DOXORUBICIN (ADRIAMYCIN),2716
Dabigatran,2717
Dabigatran Etexilate,2718
Dabrafenib,2719
Dacarbazine,2720
Dacinostat,2721
Daclatasvir Dihydrochloride,2722
Dacomitinib,2723
Dactolisib,2724
Daidzein,2725
Daidzin,2726
Dalcetrapib,2727
Daminozide,2728
Danirixin,2729
Dantrolene,2730
Danusertib,2731
Dapagliflozin,2732
Daphnetin,2733
Daporinad,2734
Dapoxetine Hcl,2735
Daprodustat,2736
Daptomycin,2737
Darifenacin Hbr,2738
Darolutamide,2739
Darunavir,2740
Darunavir Ethanolate,2741
Dasatinib,2742
Daunorubicin,2743
Daunorubicin Hydrochloride,2744
Dbeq,2745
Deacetyl Cortivazol,2746
Decamethonium Bromide,2747
Decernotinib,2748
Decitabine,2749
Decoquinate,2750
Defactinib,2751
Deferasirox,2752
Deflazacort,2753
Degrasyn,2754
Deguelin,2755
Demecolcine,2756
Deoxyarbutin,2757
Derazantinib,2758
Desfesoterodine,2759
Desloratadine,2760
Desonide,2761
Desoxycorticosterone Pivalate,2762
Desvenlafaxine,2763
Desvenlafaxine Succinate,2764
Detomidine Hcl,2765
Dexamethasone,2766
Dexanabinol,2767
Dexchlorpheniramine,2768
Dexchlorpheniramine Hydrochloride,2769
Dexlansoprazole,2770
Dexmedetomidine,2771
Dexrazoxane,2772
Dexrazoxane Hydrochloride,2773
Dextromethorphan,2774
Diacerein,2775
Diazoxide,2776
Dibenzothiophene,2777
Dichlorphenamide,2778
Diclazuril,2779
Diclofenac Diethylamine,2780
Diclofenac Sodium,2781
Diclofensine,2782
Dicloxacillin Sodium,2783
Dicyclomine Hcl,2784
Didanosine,2785
Dienestrol,2786
Dienogest,2787
Diethylcarbamazine,2788
Diethylstilbestrol,2789
Digitoxin,2790
Digoxin,2791
Dihydroartemisinin,2792
Dihydroergotamine,2793
Dihydromyricetin,2794
Dihydroquercetin,2795
Diindolylmethane,2796
Diltiazem,2797
Diltiazem Hcl,2798
Diltiazem Hydrochloride,2799
Dimesna,2800
Dimethyl Fumarate,2801
Dinaciclib,2802
Dinaciclib (SCH727965),2803
Dioscin,2804
Diosmin,2805
Diperodon Hcl,2806
Diphenhydramine Hcl,2807
Diphenhydramine Hydrochloride,2808
Diphenidol,2809
Dipyridamole,2810
Dirithromycin,2811
Disopyramide,2812
Disufenton Sodium,2813
Disulfiram,2814
Divalproex Sodium,2815
Dobutamine,2816
Docetaxel,2817
Dofequidar,2818
Dofetilide,2819
Dolastatin 10,2820
Dolutegravir,2821
Domiphen Bromide,2822
Domperidone,2823
Dopamine,2824
Doramapimod,2825
Doripenem Hydrate,2826
Dorsomorphin,2827
Dorzolamide Hydrochloride,2828
Dovitinib,2829
Doxapram,2830
Doxazosin Mesylate,2831
Doxepin,2832
Doxercalciferol,2833
Doxifluridine,2834
Doxofylline,2835
Doxorubicin,2836
Doxorubicin Hydrochloride,2837
Doxycycline,2838
Doxylamine Succinate,2839
Dronedarone,2840
Dronedarone Hcl,2841
Dronedarone Hydrochloride,2842
Droperidol,2843
Dropropizine,2844
Drospirenone,2845
Droxinostat,2846
Duloxetine Hcl,2847
Dutasteride,2848
Dyclonine Hcl,2849
Dydrogesterone,2850
Dynasore,2851
Dyphylline,2852
E-64,2853
E-7449,2854
EDO-S101,2855
EED226,2856
EHOP-016,2857
EL-102,2858
ELOXATIN (TN) (SANOFI SYNTHELAB),2859
EMCYT (PHARMACIA),2860
EMD638683,2861
ENMD-2076,2862
ENMD-981693,2863
ENTINOSTAT (MS-275),2864
ENZALUTAMIDE (MDV3100),2865
EPZ-005687,2866
EPZ-011989,2867
EPZ-015666,2868
EPZ-031686,2869
EPZ-5676,2870
EPZ-6438,2871
ER 819762,2872
EVACETRAPIB (LY2484595),2873
EX 527 (SELISISTAT),2874
Ebastine,2875
Ebpc,2876
Ecdysone,2877
Echinomycin,2878
Econazole,2879
Econazole Nitrate,2880
Edaravone,2881
Edoxaban,2882
Eeyarestatin I,2883
Efaproxiral Sodium,2884
Efavirenz,2885
Eflornithine,2886
Eflornithine Hydrochloride,2887
Elacridar,2888
Elaiophylin,2889
Elesclomol (STA-4783),2890
Eletriptan Hbr,2891
Eliprodil,2892
Ellagic Acid,2893
Eltrombopag,2894
Eltrombopag Olamine,2895
Elvitegravir,2896
Embelin,2897
Emetine,2898
Emodin,2899
Empesertib,2900
Emricasan,2901
Emtricitabine,2902
Enalapril Maleate,2903
Enalaprilat,2904
Enasidenib,2905
Encorafenib,2906
Endoxifen,2907
Englerin A,2908
Enoxacin,2909
Enrofloxacin,2910
Ensartinib,2911
Entacapone,2912
Entecavir Hydrate,2913
Entinostat,2914
Entrectinib,2915
Enzalutamide,2916
Enzastaurin,2917
Epalrestat,2918
Epiandrosterone,2919
Epinephrine,2920
Epinephrine Bitartrate,2921
Epirubicin Hcl,2922
Epirubicin Hydrochloride,2923
Eplerenone,2924
Epothilone A,2925
Epothilone B,2926
Epothilone D,2927
Epoxomicin,2928
Eprosartan Mesylate,2929
Eptifibatide,2930
Erastin,2931
Erdafitinib,2932
Erdosteine,2933
Ergosterol,2934
Eribulin Mesylate,2935
Erismodegib,2936
Erlotinib,2937
Erlotinib Hydrochloride,2938
Erteberel,2939
Erythritol,2940
Escitalopram Oxalate,2941
Esculin,2942
Esmolol Hcl,2943
Esomeprazole Sodium,2944
Estradiol,2945
Estradiol Valerate,2946
Estriol,2947
Estrone,2948
Ethacridine Lactate Monohydrate,2949
Ethambutol,2950
Ethambutol Hcl,2951
Ethinyl Estradiol,2952
Ethinylestradiol,2953
Ethionamide,2954
Ethosuximide,2955
Ethyl Bromopyruvate,2956
Etodolac,2957
Etofibrate,2958
Etomidate,2959
Etonogestrel,2960
Etoposide,2961
Everolimus,2962
Evobrutinib,2963
Evodiamine,2964
Evofosfamide,2965
Exatecan,2966
Exemestane,2967
Ezatiostat,2968
Ezetimibe,2969
Ezetimibe Glucuronide,2970
Ezutromid,2971
FASUDIL (HA-1077) HCL,2972
FERROSTATIN-1 (FER-1),2973
FG-2216,2974
FG-4592,2975
FGF401,2976
FINGOLIMOD (FTY720) HCL,2977
FLUNARIZINE 2HCL,2978
FMK-MEA,2979
FORETINIB (GSK1363089),2980
FOSTAMATINIB (R788),2981
FR-900098,2982
FRAX1036,2983
FRAX486,2984
FRAX597,2985
FT-207 (NSC 148958),2986
Famciclovir,2987
Famotidine,2988
Famprofazone,2989
Fascaplysin,2990
Fasn Mrk,2991
Fasudil Hydrochloride,2992
Favipiravir,2993
Fazarabine,2994
Fccp,2995
Febrifugine,2996
Febuxostat,2997
Felbamate,2998
Felodipine,2999
Fendiline,3000
Fenobam,3001
Fenofibrate,3002
Fenoldopam,3003
Fenoprofen,3004
Fenretinide,3005
Fenspiride Hcl,3006
Fenticonazole,3007
Fenticonazole Nitrate,3008
Fesoterodine,3009
Fesoterodine Fumarate,3010
Fexofenadine Hcl,3011
Fidaxomicin,3012
Filanesib,3013
Filgotinib,3014
Finasteride,3015
Fingolimod,3016
Fingolimod Hydrochloride,3017
Fisetin,3018
Flavopiridol,3019
Flavopiridol Hcl,3020
Flecainide Acetate,3021
Flopropione,3022
Florfenicol,3023
Floxuridine,3024
Flubendazole,3025
Fluconazole,3026
Flucytosine,3027
Fludarabine Base,3028
Fludarabine Phosphate,3029
Flufenamic Acid,3030
Flumazenil,3031
Flumequine,3032
Flumethasone,3033
Flunarizine,3034
Flunarizine Hydrochloride,3035
Fluocinolone Acetonide,3036
Fluocinonide,3037
Fluorometholone Acetate,3038
Fluoxetine Hcl,3039
Fluphenazine,3040
Fluphenazine Dihydrochloride,3041
Fluphenazine Hydrochloride,3042
Flupirtine,3043
Flupirtine Maleate,3044
Flurbiprofen,3045
Fluspirilene,3046
Flutamide,3047
Fluticasone Propionate,3048
Fluvastatin,3049
Fluvastatin Sodium,3050
Fluvoxamine,3051
Fmau,3052
Fmk,3053
Fomepizole,3054
Formestane,3055
Formoterol Hemifumarate,3056
Forskolin,3057
Fosaprepitant Dimeglumine Salt,3058
Foscarnet,3059
Foscarnet Sodium,3060
Fosfomycin,3061
Fosmidomycin,3062
Fostamatinib,3063
Fotemustine,3064
Fruquintinib,3065
Fulvestrant,3066
Furaltadone Hcl,3067
Furazolidone,3068
Furosemide,3069
GANT 58,3070
GANT61,3071
GB-83,3072
GDC-0068,3073
GDC-0152,3074
GDC-0326,3075
GDC-0339,3076
GDC-0349,3077
GDC-0623,3078
GDC-0834 Racemate,3079
GDC-0879,3080
GDC-0941,3081
GDC-0980,3082
GDC-0980 (RG7422),3083
GEMZAR (LILLY),3084
GENZ-644282,3085
GIVINOSTAT (ITF2357),3086
GLPG0187,3087
GLS-968,3088
GMX-1778,3089
GNE-317,3090
GNE-3511,3091
GNE-477,3092
GNE-490,3093
GNE-493,3094
GNE-495,3095
GNE-618,3096
GNF-2,3097
GNF-5837,3098
GNF-7,3099
GNF-PF-1145,3100
GO 6983,3101
GOLVATINIB (E7050),3102
GS-9620,3103
GSI-IX,3104
GSK J4 HCL,3105
GSK-1016790A,3106
GSK-1059615,3107
GSK-1070916,3108
GSK-126,3109
GSK-1292263,3110
GSK-1324726A,3111
GSK-1838705A,3112
GSK-1904529A,3113
GSK-1995010,3114
GSK-2126458,3115
GSK-2126458 (GSK458),3116
GSK-2250665A,3117
GSK-2256098,3118
GSK-2334470,3119
GSK-25,3120
GSK-256066,3121
GSK-2578215A,3122
GSK-2606414,3123
GSK-2636771,3124
GSK-2656157,3125
GSK-269962A,3126
GSK-2830371,3127
GSK-343,3128
GSK-3787,3129
GSK-3965,3130
GSK-4112,3131
GSK-429286A,3132
GSK-461364,3133
GSK-461364A,3134
GSK-484,3135
GSK-503,3136
GSK-525768A,3137
GSK-583,3138
GSK-615,3139
GSK-650394,3140
GSK-837149A,3141
GSK-923295,3142
GSK-J1,3143
GSK-J2,3144
GSK-J4,3145
GSK682753A,3146
GSK6853,3147
GSK690693,3148
GW-0742,3149
GW-1929,3150
GW-2580,3151
GW-305074X,3152
GW-3965,3153
GW-3965 HCL,3154
GW-4064,3155
GW-4064X,3156
GW-441756,3157
GW-4869,3158
GW-501516,3159
GW-5074,3160
GW-6471,3161
GW-7647,3162
GW-768505A,3163
GW-788388,3164
GW-842166X,3165
GW-9508,3166
GW-9662,3167
GYKI-53655,3168
GZD824,3169
Gabapentin,3170
Gabexate Mesylate,3171
Galantamine,3172
Galeterone,3173
Galunisertib,3174
Ganciclovir,3175
Ganetespib,3176
Ganetespib (STA-9090),3177
Gardiquimod,3178
Gavestinel Sodium,3179
Gefitinib,3180
Geldanamycin,3181
Gemcitabine,3182
Gemcitabine Hydrochloride,3183
Gemfibrozil,3184
Genipin,3185
Geniposide,3186
Geniposidic Acid,3187
Genistein,3188
Genistin,3189
Gentamycin Sulfate,3190
Gentian Violet Cation,3191
Genz-668764,3192
Genz-669178,3193
Gestodene,3194
Gilteritinib,3195
Gimeracil,3196
Ginkgolide A,3197
Ginkgolide B,3198
Givinostat Hydrochloride,3199
Glafenine Hcl,3200
Gliclazide,3201
Glimepiride,3202
Glipizide,3203
Gliquidone,3204
Glyburide,3205
Glycyrrhizic Acid,3206
Go 6976,3207
Golgicide A,3208
Gossypol,3209
Gramicidin,3210
Gramine,3211
Granisetron Hcl,3212
Granisetron Hydrochloride,3213
Griseofulvin,3214
Guaifenesin,3215
Guanadrel,3216
Guanethidine Sulfate,3217
Guanfacine,3218
Guanidine Hcl,3219
Guanosine,3220
H 89 2HCL,3221
HA14-1,3222
HAPA-gentamycin B,3223
HC 067047,3224
HC-030031,3225
HDACi-01,3226
HDACi-02,3227
HER2-INHIBITOR-1,3228
HG6-64-1,3229
HLI-373989,3230
HMN-214,3231
HMS3655L04,3232
HMSL10088,3233
HPI 1,3234
HSP-990,3235
HYDROXYZINE 2HCL,3236
HYODEOXYCHOLIC ACID (HDCA),3237
Halcinonide,3238
Halobetasol Propionate,3239
Halofantrine,3240
Halofantrine Hydrochloride,3241
Haloperidol,3242
Hematoxylin,3243
Hesperadin,3244
Hesperetin,3245
Hesperidin,3246
Hexestrol,3247
Homoharringtonine,3248
Hordenine,3249
Hydralazine,3250
Hydralazine Hcl,3251
Hydrochlorothiazide,3252
Hydrocortisone,3253
Hydroxocobalamin,3254
Hydroxychloroquine,3255
Hydroxychloroquine Sulfate,3256
Hydroxyflutamide,3257
Hydroxymetronidazole,3258
Hydroxyurea,3259
Hyodeoxycholic Acid,3260
Hypothemycin,3261
I-BET151 (GSK1210151A),3262
I-BET762,3263
IBRUTINIB (PCI-32765),3264
IC-87114,3265
ICG-001,3266
ICRF-193,3267
ID-8,3268
IEM 1754 DIHYDROBROMIDE,3269
IKK-16 (IKK INHIBITOR VII),3270
IKK-2 Inhibitor VIII,3271
IMD 0354,3272
INCB28060,3273
INDOLE-3-CARBINOL,3274
INIPARIB (BSI-201),3275
INK-128(MLN0128),3276
INO-1001,3277
IOWH032,3278
IOX-2,3279
IPA-3,3280
IPI-145 (INK1197),3281
IPRIFLAVONE (OSTEOFIX),3282
IRAK INHIBITOR 5,3283
IRAK-1-4 INHIBITOR I,3284
ISPINESIB (SB-715992),3285
ITD-1,3286
ITX3,3287
IVACAFTOR (VX-770),3288
IWP-2,3289
IWP-L6,3290
IWR-1-ENDO,3291
Ibiglustat,3292
Ibrutinib,3293
Ibuprofen,3294
Ibutamoren,3295
Ibutamoren Mesilate,3296
Ibutamoren Mesylate,3297
Ibutilide,3298
Ibutilide Fumarate,3299
Icariin,3300
Icotinib,3301
Idarubicin Hydrochloride,3302
Idasanutlin,3303
Idebenone,3304
Idelalisib,3305
Idoxuridine,3306
Ifenprodil Tartrate,3307
Ifosfamide,3308
Iguratimod,3309
Ilomastat,3310
Iloperidone,3311
Iloprost,3312
Imatinib,3313
Imatinib Mesylate,3314
Imipramine,3315
Imipramine Hcl,3316
Imiquimod,3317
Incyclinide,3318
Indacaterol Maleate,3319
Indapamide,3320
Indibulin,3321
Indimitecan Hydrochloride,3322
Indimitecan hydrochloride (LMP-776),3323
Indirubin,3324
Indisulam,3325
Indomethacin,3326
Indotecan Hydrochloride,3327
Indotecan hydrochloride (LMP-400),3328
Infigratinib,3329
Ingenol Mebutate,3330
Inosine,3331
Ipatasertib,3332
Irbesartan,3333
Irestatin 9389,3334
Irinotecan,3335
Irinotecan Hcl Trihydrate,3336
Irinotecan Hydrochloride,3337
Irosustat,3338
Irsogladine,3339
Isepamicin Sulfate,3340
Isoconazole Nitrate,3341
Isocycloheximide,3342
Isodonol,3343
Isoliquiritigenin,3344
Isoniazid,3345
Isoproterenol,3346
Isosorbide,3347
Isosorbide Dinitrate,3348
Isotretinoin,3349
Ispinesib,3350
Isradipine,3351
Istradefylline,3352
Itacitinib,3353
Itk Inhibitor,3354
Itraconazole,3355
Ivabradine Hcl,3356
Ivabradine Hydrochloride,3357
Ivacaftor,3358
Ivachtin,3359
Ivermectin,3360
Ivosidenib,3361
Ixabepilone,3362
Ixazomib,3363
Ixazomib Citrate,3364
J113397,3365
JIB-04,3366
JK-184,3367
JNJ-1661010,3368
JNJ-26854165 (SERDEMETAN),3369
JNJ-38158471,3370
JNJ-38877605,3371
JNJ-42165279,3372
JNJ-7706621,3373
JNJ-7777120,3374
JNK-IN-7,3375
JPH203,3376
JQ1,3377
JS-65-103,3378
JTC-801,3379
JZL184,3380
JZL195,3381
Jasmonic Acid Methyl Ester,3382
Jnk Inhibitor Ix,3383
K02288,3384
KGBPLKOPSFDBOX-UHFFFAOYSA-N,3385
KH-CB19,3386
KI-16198,3387
KI-16425,3388
KI-20227,3389
KI-8751,3390
KPT-185,3391
KPT-276,3392
KPT-330,3393
KPT-8602,3394
KRCA-0008,3395
KRN 633,3396
KRP-297,3397
KU-0060648,3398
KU-0063794,3399
KU-55933,3400
KU-60019,3401
KW-2449,3402
KW-2478,3403
KX-01,3404
KX2-391,3405
KY02111,3406
Kaempferol,3407
Kanamycin,3408
Ketanserin,3409
Ketoprofen,3410
Ketorolac,3411
Ketotifen,3412
Ketotifen Fumarate,3413
Kinetin,3414
Kinome_3673,3415
Kn-93,3416
L-(+)-RHAMNOSE MONOHYDRATE,3417
"L-690,330",3418
L-ASCORBYL 6-PALMITATE,3419
L-CARNITINE,3420
L-Thyroxine,3421
L778123,3422
LAPATINIB (GW-572016) DITOSYLATE,3423
LAQ824 (DACINOSTAT),3424
LB-100,3425
LDK378,3426
LDN-193189,3427
LDN-57444,3428
LENVATINIB (E7080),3429
LG-100268,3430
LGH-447,3431
LGK974,3432
LINIFANIB (ABT-869),3433
LLL-12,3434
LLY-507,3435
LOSARTAN POTASSIUM (DUP 753),3436
LRRK2-IN-1,3437
LY-2090314,3438
LY-2109761,3439
LY-2157299,3440
LY-2228820,3441
LY-2365109 hydrochloride,3442
LY-2603618,3443
LY-2608204,3444
LY-2784544,3445
LY-2811376,3446
LY-2835219,3447
LY-2874455,3448
LY-2886721,3449
LY-294002,3450
LY-2940680,3451
LY-3009120,3452
LY-3023414,3453
LY-3214996,3454
LY-364947,3455
LY-411575,3456
Lacidipine,3457
Lacosamide,3458
Lactulose,3459
Lafutidine,3460
Lamivudine,3461
Lamotrigine,3462
Lansoprazole,3463
Lapatinib,3464
Lappaconite Hbr,3465
Lappaconitine,3466
Laquinimod,3467
Laropiprant,3468
Larotrectinib,3469
Leflunomide,3470
Lemborexant,3471
Lenalidomide,3472
Lenvatinib,3473
Leptomycin B,3474
Lestaurtinib,3475
Letrozole,3476
Levamisole,3477
Levetiracetam,3478
Levobetaxolol Hcl,3479
Levofloxacin,3480
Levonorgestrel,3481
Levosimendan,3482
Levosulpiride,3483
Lexibulin,3484
Lexibulin Hydrochloride,3485
Liarozole,3486
Licofelone,3487
Lidocaine,3488
Lidoflazine,3489
Lificiguat,3490
Limonin,3491
Linagliptin,3492
Linezolid,3493
Linifanib,3494
Linopirdine,3495
Linsitinib,3496
Liothyronine,3497
Liothyronine Sodium,3498
Lirimilast,3499
Lithium Citrate,3500
Lithocholic Acid,3501
Litronesib,3502
Lomefloxacin,3503
Lomefloxacin Hcl,3504
Lomefloxacin Hydrochloride,3505
Lomeguatrib,3506
Lomerizine Dihydrochloride,3507
Lomerizine Hcl,3508
Lomustine,3509
Lonafarnib,3510
Lonidamine,3511
Loperamide,3512
Loperamide Hcl,3513
Lopinavir,3514
Lorlatinib,3515
Lornoxicam,3516
Loteprednol Etabonate,3517
Lovastatin,3518
Loxapine Succinate,3519
Lubiprostone,3520
Lucanthone,3521
Luliconazole,3522
Lumacaftor,3523
Lumefantrine,3524
Luminespib,3525
Lupeol,3526
Lurbinectedin,3527
Luteolin,3528
M2698,3529
M344,3530
MANIDIPINE 2HCL,3531
MASITINIB (AB1010),3532
MC1568,3533
MDIVI-1,3534
MECLIZINE 2HCL,3535
MEK162,3536
METHYL-HESPERIDIN,3537
METHYLHYDANTOIN-5-(D),3538
MG 149,3539
MG-115,3540
MG-132,3541
MGCD-265,3542
MI-2,3543
MI-503,3544
MI-538,3545
MILCICLIB (PHA-848125),3546
MIR96-IN-1,3547
MK-0354,3548
MK-0557,3549
MK-0752,3550
MK-1775,3551
MK-2048,3552
MK-2206,3553
MK-2206 2HCL,3554
MK-2461,3555
MK-2866 (GTX-024),3556
MK-3207,3557
MK-4101,3558
MK-4541,3559
MK-4815,3560
MK-4827,3561
MK-5108,3562
MK-591,3563
MK-767,3564
MK-8245,3565
MK-8669,3566
MK-8745,3567
MK-8776,3568
MKC-1,3569
MKC-3946,3570
ML-133 HCL,3571
ML-141,3572
ML-161,3573
ML-216,3574
ML-238,3575
ML-240,3576
ML-264,3577
ML-323,3578
ML-324,3579
ML-327,3580
ML-329,3581
ML-364,3582
ML-369,3583
ML-7,3584
MLN-120B,3585
MLN-2238,3586
MLN-8054,3587
MLN-9708,3588
MLS-003678589,3589
MLS-0090801.0001,3590
MOCETINOSTAT (MGCD0103),3591
MOCLOBEMIDE (RO 111163),3592
MOTESANIB DIPHOSPHATE (AMG-706),3593
MPI-0479605,3594
MRK-003,3595
MRS 2578,3596
MRT 68601 hydrochloride,3597
MX69,3598
Magnolol,3599
Malotilate,3600
Manassantin A,3601
Manidipine,3602
Mannitol,3603
Manoalide,3604
Maprotiline,3605
Maprotiline Hcl,3606
Maprotiline Hydrochloride,3607
Maraviroc,3608
Marbofloxacin,3609
Marimastat,3610
Marizomib,3611
Marizomib / Salinosporamide A,3612
Maslinic Acid,3613
Mavelertinib,3614
Mcoppb,3615
Mebendazole,3616
Mebutamate,3617
Mecamylamine,3618
Mecarbinate,3619
Mechlorethamine,3620
Mechlorethamine Hydrochloride,3621
Meclinertant,3622
Meclizine,3623
Meclizine Hydrochloride,3624
Meclofenamic Acid,3625
Medetomidine Hcl,3626
Medroxyprogesterone Acetate,3627
Mefenamic Acid,3628
Mefloquine,3629
Megestrol Acetate,3630
Meglumine,3631
Mek Inhibitor,3632
Melatonin,3633
Meloxicam,3634
Melphalan,3635
Melphalan Hydrochloride,3636
Memantine,3637
Memantine Hcl,3638
Menadione,3639
Mepenzolate Bromide,3640
Mephenytoin,3641
Mepiroxol,3642
Meprednisone,3643
Meptazinol Hcl,3644
Mequinol,3645
Mercaptopurine,3646
Merestinib,3647
Meropenem,3648
Mesalazine,3649
Mesna,3650
Mestranol,3651
Metaxalone,3652
Metformin,3653
Methazolamide,3654
Methdilazine Hydrochloride,3655
Methenamine,3656
Methocarbamol,3657
Methotrexate,3658
Methoxsalen,3659
Methscopolamine,3660
Methyclothiazide,3661
Methyldopa,3662
Methylene Blue,3663
Methylene Blue Cation,3664
Methylergonovine,3665
Methylprednisolone,3666
Methylrosaniline Chloride,3667
Methyltestosterone,3668
Methylthiouracil,3669
Meticrane,3670
Metolazone,3671
Metoprolol Tartrate,3672
Metronidazole,3673
Metyrosine,3674
Mevastatin,3675
Mexiletine Hcl,3676
Mezlocillin Sodium,3677
Mianserin,3678
Miconazole,3679
Miconazole Nitrate,3680
Midostaurin,3681
Mifepristone,3682
Miglitol,3683
Miglustat,3684
Milciclib,3685
Milnacipran Hcl,3686
Milrinone,3687
Minocycline,3688
Minoxidil,3689
Minoxidil Sulfate,3690
Mirabegron,3691
Miransertib,3692
Mirtazapine,3693
Mitapivat,3694
Mithramycin,3695
Mithramycin A,3696
Mitiglinide Calcium,3697
Mitomycin C,3698
Mitomycine,3699
Mitotane,3700
Mitoxantrone,3701
Mitoxantrone Hcl,3702
Mivebresib,3703
Mizolastine,3704
Mocetinostat,3705
Moexipril Hcl,3706
MolMap_000049,3707
Molidustat,3708
Mometasone Furoate,3709
Monatepil,3710
Monensin Sodium Salt,3711
Monobenzone,3712
Montelukast Sodium,3713
Moracizine,3714
Morin Hydrate,3715
Mosapride,3716
Mosapride Citrate,3717
Motesanib,3718
Motolimod,3719
Moxalactam Disodium,3720
Moxifloxacin Hcl,3721
Moxifloxacin Hydrochloride,3722
Moxifloxacin Hydrochloride Monohydrate,3723
Moxonidine,3724
Mozavaptan,3725
Mpep,3726
Mps1-IN-1,3727
Mubritinib,3728
Mycophenolate Mofetil,3729
Mycophenolic Acid,3730
Myricetin,3731
Myricitrin,3732
N6-METHYLADENOSINE (M6A),3733
NAVELBINE DITARTRATE (TN),3734
NBI-74330,3735
NCB-1026,3736
NCGC00014650-03,3737
NCGC00016552-01,3738
NCGC00016686-07,3739
NCGC00017254-02,3740
NCGC00018159-01,3741
NCGC00021305-08,3742
NCGC00021925-04,3743
NCGC00025091-04,3744
NCGC00037850,3745
NCGC00090797-11,3746
NCGC00090808-03,3747
NCGC00095055-03,3748
NCGC00095145-01,3749
NCGC00095245-01,3750
NCGC00096095-02,3751
NCGC00142605-03,3752
NCGC00142624-04,3753
NCGC00160531-01,3754
NCGC00161834-01,3755
NCGC00162383-02,3756
NCGC00162409-03,3757
NCGC00162423-03,3758
NCGC00163424-03,3759
NCGC00163474-05,3760
NCGC00163532-01,3761
NCGC00163547-01,3762
NCGC00163548-02,3763
NCGC00163683-02,3764
NCGC00164566-02,3765
NCGC00164600-03,3766
NCGC00164789-05,3767
NCGC00165782-02,3768
NCGC00165799-02,3769
NCGC00166236-01,3770
NCGC00166281-02,3771
NCGC00167431-02,3772
NCGC00167518-03,3773
NCGC00179454-04,3774
NCGC00179649-07,3775
NCGC00181131-02,3776
NCGC00181306-03,3777
NCGC00183677-03,3778
NCGC00183844-01,3779
NCGC00185090-04,3780
NCGC00185736-01,3781
NCGC00238624,3782
NCGC00241036,3783
NCGC00241411,3784
NCGC00242487,3785
NCGC00242502-01,3786
NCGC00249759,3787
NCGC00250393-01,3788
NCGC00250402-01,3789
NCGC00253463-01,3790
NCGC00253909-01,3791
NCGC00262331,3792
NCGC00262398,3793
NCGC00262398-02,3794
NCGC00262689-01,3795
NCGC00263015,3796
NCGC00263018-01,3797
NCGC00263106-01,3798
NCGC00263108-01,3799
NCGC00263119-01,3800
NCGC00263143-01,3801
NCGC00263148-01,3802
NCGC00263228-01,3803
NCGC00263265-01,3804
NCGC00263268-01,3805
NCGC00263270-01,3806
NCGC00263944-01,3807
NCGC00271415-02,3808
NCGC00344564-02,3809
NCGC00344999-01,3810
NCGC00345810-01,3811
NCGC00346433-01,3812
NCGC00346471-01,3813
NCGC00346475-01,3814
NCGC00346481-01,3815
NCGC00346501-01,3816
NCGC00346524-01,3817
NCGC00346531-01,3818
NCGC00346563-01,3819
NCGC00346580-01,3820
NCGC00346590-01,3821
NCGC00346609-01,3822
NCGC00346660-01,3823
NCGC00346661-01,3824
NCGC00346664-01,3825
NCGC00346736-01,3826
NCGC00346737-01,3827
NCGC00346827-01,3828
NCGC00347282-01,3829
NCGC00372530,3830
NCGC00384826-01,3831
NCGC00408930,3832
NCGC00505117,3833
NCGC00510708,3834
NECROSTATIN-1,3835
NERATINIB (HKI-272),3836
NICOTINAMIDE (VITAMIN B3),3837
NITD609,3838
NLG919,3839
NMDA (N-METHYL-D-ASPARTIC ACID),3840
NMS-859,3841
NMS-873,3842
NMS-P118,3843
NPS-2143,3844
NPS-R568,3845
NSC-127716,3846
NSC-141540,3847
NSC-23766,3848
NSC-23925,3849
NSC-256439,3850
NSC-319726,3851
NSC-405020,3852
NSC-48006,3853
NSC-663284,3854
NSC-678515,3855
NSC-707389,3856
NSC-733504,3857
NSC-85998,3858
NU-6027,3859
NU-6102,3860
NU-7441,3861
NU-7441 (KU-57788),3862
NVP-231,3863
NVP-ADW742,3864
NVP-AEW541,3865
NVP-AUY922,3866
NVP-BEP800,3867
NVP-BGT226,3868
NVP-BHG712,3869
NVP-BSK805,3870
NVP-BSK805 2HCL,3871
NVP-BVU972,3872
NVP-CGM097,3873
NVP-TNKS656,3874
NVP-XAV-939,3875
NVS-CECR2-1,3876
NXY-059,3877
NYSTATIN (FUNGICIDIN),3878
Nabilone,3879
Nabumetone,3880
Nadifloxacin,3881
Nafamostat,3882
Nafamostat Mesilate,3883
Nafamostat Mesylate,3884
Nafcillin Sodium,3885
Naftopidil,3886
Nalidixic Acid,3887
Naloxone Hcl,3888
Naltrexone,3889
Naltrexone Hcl,3890
Naltrexone Hydrochloride,3891
Naltrindole Hydrochloride,3892
Nampt-IN-1,3893
Nanchangmycin,3894
Nandrolone Phenpropionate,3895
Napabucasin,3896
Naphazoline Hcl,3897
Naproxen,3898
Naproxen Sodium,3899
Naquotinib Mesylate,3900
Naratriptan,3901
Naratriptan Hydrochloride,3902
Naringenin,3903
Naringin,3904
Naringin Dihydrochalcone,3905
Natamycin,3906
Nateglinide,3907
Navitoclax,3908
Navitoclax (ABT-263),3909
Navoximod,3910
Nebivolol,3911
Necrostatin 2,3912
Necrostatin 2 S enantiomer,3913
Nedaplatin,3914
Nefiracetam,3915
Nefopam Hcl,3916
Nelarabine,3917
Neohesperidin,3918
Nepafenac,3919
Neratinib,3920
Nesbuvir,3921
Nevirapine,3922
Niacin,3923
Niacinamide,3924
Nialamide,3925
Nicardipine,3926
Nicardipine Hcl,3927
Niclosamide,3928
Nicorandil,3929
Nicotine Ditartrate,3930
Nifedipine,3931
Nifekalant,3932
Niflumic Acid,3933
Nifuroxazide,3934
Niguldipine,3935
Nilotinib,3936
Nilutamide,3937
Nilvadipine,3938
Nimesulide,3939
Nimodipine,3940
Nimorazole,3941
Nintedanib,3942
Niraparib,3943
Niraxostat,3944
Nirogacestat,3945
Nisoldipine,3946
Nitazoxanide,3947
Nithiamide,3948
Nitisinone,3949
Nitogenin,3950
Nitrendipine,3951
Nitrosoglutathione,3952
Nitroxoline,3953
Nizatidine,3954
Nmp,3955
Nobiletin,3956
Nocodazole,3957
Noradrenaline Bitartrate Monohydrate,3958
Norcisapride,3959
Norethindrone,3960
Norfloxacin,3961
Noscapine,3962
Noscapine Hcl,3963
Novobiocin,3964
Novobiocin Sodium,3965
Nutlin-3,3966
Nutlin-3a (-),3967
OBATOCLAX MESYLATE (GX15-070),3968
OC000459,3969
ODANACATIB (MK-0822),3970
OMECAMTIV MECARBIL (CK-1827452),3971
ON-01910,3972
ON-123300,3973
ONX-0914 (PR-957),3974
OPROZOMIB (ONX 0912),3975
ORG 27569,3976
OROTIC ACID (6-CARBOXYURACIL),3977
ORY-1001,3978
OSI-420,3979
OSI-632,3980
OSI-906 (LINSITINIB),3981
OSI-930,3982
OSU-03012,3983
OSU-03012 (AR-12),3984
OSU-T315,3985
OTS-964,3986
OTSSP167,3987
OXYTETRACYCLINE (TERRAMYCIN),3988
Obatoclax,3989
Octocrylene,3990
Octopamine Hydrochloride,3991
Octreotide,3992
Ofloxacin,3993
Oglufanide,3994
Olanzapine,3995
Olaparib,3996
Oligomycin A,3997
Olmesartan,3998
Olmesartan Medoxomil,3999
Olprinone,4000
Olsalazine Sodium,4001
Omacetaxine Mepesuccinate,4002
Omaveloxolone,4003
Ombrabulin,4004
Omeprazole,4005
Omigapil,4006
Ondansetron Hcl,4007
Orantinib,4008
Org 25935,4009
Oridonin,4010
Orlistat,4011
Ornidazole,4012
Orphenadrine Citrate,4013
Orteronel,4014
Osanetant,4015
Oseltamivir,4016
Oseltamivir Acid,4017
Oseltamivir Phosphate,4018
Osimertinib,4019
Osimertinib Mesylate,4020
Ospemifene,4021
Osthole,4022
Ostol,4023
Otenabant,4024
Oteracil Potassium,4025
Otilonium Bromide,4026
Oxaliplatin,4027
Oxamflatin,4028
Oxandrolone,4029
Oxaprozin,4030
Oxcarbazepine,4031
Oxeladin Citrate,4032
Oxethazaine,4033
Oxfendazole,4034
Oxibendazole,4035
Oxybuprocaine Hcl,4036
Oxybutynin,4037
Oxybutynin Chloride,4038
Oxymatrine,4039
Oxymetazoline,4040
Oxymetazoline Hcl,4041
Oxymetazoline Hydrochloride,4042
Oxymetholone,4043
Oxyphenbutazone,4044
Oxyphenonium Bromide,4045
Oxytetracycline,4046
Ozagrel,4047
Ozagrel Hcl,4048
Ozagrel Hydrochloride,4049
Ozanimod,4050
P21d hydrochloride,4051
P22077,4052
P276-00,4053
P5091 (P005091),4054
PA-824,4055
PAC 1,4056
PACRITINIB (SB1518),4057
PALBOCICLIB (PD-0332991) HCL,4058
PALOMID 529 (P529),4059
PB-28,4060
PCI-24781,4061
PCI-34051,4062
PD-0220245,4063
PD-0325901,4064
PD-123319,4065
PD-128907,4066
PD-128907 HCL,4067
PD-150606,4068
PD-166285,4069
PD-166793,4070
PD-168393,4071
PD-173074,4072
PD-173955,4073
PD-184352 (CI-1040),4074
PD-198306,4075
PD-318088,4076
PD-325901,4077
PD-98059,4078
PD1-PDL1 inhibitor 2,4079
PDK1 inhibitor,4080
PELITINIB (EKB-569),4081
PF 184,4082
PF-03814735,4083
PF-04217903,4084
PF-04418948,4085
PF-04457845,4086
PF-04691502,4087
PF-04880594,4088
PF-04929113 (SNX-5422),4089
PF-04979064,4090
PF-05212384,4091
PF-05212384 (PKI-587),4092
PF-06282999,4093
PF-06821497,4094
PF-299804,4095
PF-3758309,4096
PF-3845,4097
PF-431396,4098
PF-4708671,4099
PF-477736,4100
PF-4989216,4101
PF-5274857,4102
PF-543,4103
PF-562271,4104
PF-573228,4105
PF-CBP1,4106
PFI-1 (PF-6405761),4107
PFI-3,4108
PH-797804,4109
PHA-408,4110
PHA-665752,4111
PHA-680632,4112
PHA-690509,4113
PHA-767491,4114
PHA-793887,4115
PHT-427,4116
PIFITHRIN-MU,4117
PIK-293,4118
PIK-294,4119
PIK-75,4120
PIK-90,4121
PIK-93,4122
PIMASERTIB (AS-703026),4123
PJ34,4124
PK-11195,4125
PKI-402,4126
PLURISIN #1 (NSC 14613),4127
PLX-4720,4128
PLX7904,4129
PNU-120596,4130
PNU-282987,4131
PNU-74654,4132
PONATINIB (AP24534),4133
PP1,4134
PP121,4135
PP2,4136
PP242,4137
PQ 401,4138
PR-619,4139
PRACINOSTAT (SB939),4140
PRT-060318,4141
PRT062607,4142
PRT062607 HCL,4143
PS-1145,4144
PTC-124,4145
PU-WS-13,4146
PYR-41,4147
Paclitaxel,4148
Pacritinib,4149
Paeoniflorin,4150
Paeonol,4151
Palbociclib,4152
Palmatine Chloride,4153
Palonosetron,4154
Pamidronic Acid,4155
Pancuronium Bromide,4156
Pancuronium Dibromide,4157
Panobinostat,4158
Pantoprazole,4159
Pantothenic Acid,4160
Parbendazole,4161
Pargyline,4162
Paromomycin,4163
Paroxetine,4164
Paroxetine Hcl,4165
Parthenolide,4166
Pasiniazid,4167
Patidegib,4168
Patupilone,4169
Pazopanib,4170
Pazopanib Hydrochloride,4171
Pdhk Riken,4172
Peficitinib,4173
Pefloxacin,4174
Pefloxacin Mesylate,4175
Pelitinib,4176
Pemetrexed,4177
Penciclovir,4178
Penicillin G Sodium,4179
Pentagastrin,4180
Pentamidine,4181
Pentamidine Isethionate,4182
Pentolinium Tartrate,4183
Pentostatin,4184
Pepstatin,4185
Peramivir,4186
Pergolide Mesylate,4187
Perhexiline,4188
Perifosine,4189
Pevonedistat,4190
Pexidartinib,4191
Pexmetinib,4192
Phenformin Hcl,4193
Phenindione,4194
Pheniramine Maleate,4195
Phenothiazine,4196
Phenoxybenzamine Hcl,4197
Phenprocoumon,4198
Phensuximide,4199
Phentolamine Mesylate,4200
Phenylbutazone,4201
Phenylephrine Hcl,4202
Phenytoin,4203
Phenytoin Sodium,4204
Phloretin,4205
Phlorizin,4206
Phthalylsulfacetamide,4207
Piboserod,4208
Piboserod Hydrochloride,4209
Piceatannol,4210
Picropodophyllin,4211
Pictilisib,4212
Pidotimod,4213
Pilaralisib,4214
Pilocarpine Hcl,4215
Pim 1 Inhibitor 2,4216
Pimecrolimus,4217
Pimobendan,4218
Pinacidil,4219
Pinorubicin,4220
Pioglitazone,4221
Pioglitazone Hcl,4222
Pioglitazone Hydrochloride,4223
Piperacetazine,4224
Piperacillin Sodium,4225
Piperaquine,4226
Piperazine Hexahydrate,4227
Piperine,4228
Pipobroman,4229
Piracetam,4230
Pirarubicin,4231
Pirfenidone,4232
Piromidic Acid,4233
Piroxicam,4234
Pitavastatin Calcium,4235
Pizotifen,4236
Pizotifen Malate,4237
Plerixafor,4238
Plerixafor Hydrochloride,4239
Plicamycin,4240
Plinabulin,4241
Pluripotin,4242
Pmsf,4243
Podofilox,4244
Podophyllotoxin,4245
Polydatin,4246
Pomalidomide,4247
Ponatinib,4248
Porfiromycin,4249
Posaconazole,4250
Potassium Canrenoate,4251
Potassium Iodide,4252
Poziotinib,4253
Ppads,4254
Pracinostat,4255
Pradigastat,4256
Pralatrexate,4257
Pralnacasan,4258
Pramipexole,4259
Pramiracetam,4260
Pramoxine Hcl,4261
Pranlukast,4262
Pranlukast Hydrate,4263
Pranoprofen,4264
Pravadoline,4265
Pravastatin Sodium,4266
Praziquantel,4267
Prazosin,4268
Prazosin Hydrochloride,4269
Prednisolone,4270
Prednisolone Acetate,4271
Prednisone,4272
Pregabalin,4273
Pregnenolone,4274
Prexasertib,4275
Pridinol Methanesulfonate,4276
Primaquine,4277
Primaquine Diphosphate,4278
Primidone,4279
Prinaberel,4280
Proadifen Hcl,4281
Probenecid,4282
Probucol,4283
Procaine Hcl,4284
Procarbazine,4285
Procarbazine Hydrochloride,4286
Prochlorperazine,4287
Prochlorperazine Dimaleate,4288
Procyclidine Hcl,4289
Progesterone,4290
Proglumide,4291
Proguanil,4292
Propafenone Hcl,4293
Propafenone Hydrochloride,4294
Proparacaine,4295
Proparacaine Hcl,4296
Propylthiouracil,4297
Proscillaridin,4298
Prostaglandin E2,4299
Protionamide,4300
Prucalopride,4301
Prucalopride Succinate,4302
Puerarin,4303
Purmorphamine,4304
Purvalanol A,4305
Purvalanol B,4306
Pyrantel Pamoate,4307
Pyrazinamide,4308
Pyrazinoic Acid,4309
Pyridostatin,4310
Pyridostigmine Bromide,4311
Pyridoxine Hcl,4312
Pyrimethamine,4313
Pyronaridine,4314
Pyroxamide,4315
Pyrvinium Chloride Dihydrate,4316
QL47,4317
QUISINOSTAT (JNJ-26481585),4318
QUIZARTINIB (AC220),4319
Quercetin,4320
Quercetin Dihydrate,4321
Quetiapine Fumarate,4322
Quinacrine,4323
Quinacrine Dihydrochloride Dihydrate,4324
Quinacrine Hydrochloride,4325
Quinapril Hcl,4326
Quinidine,4327
Quinine,4328
Quisinostat,4329
Quizartinib,4330
R-406,4331
R-406 (FREE BASE),4332
R-547,4333
RAF265 (CHIR-265),4334
RANOLAZINE 2HCL,4335
REGORAFENIB (BAY 73-4506),4336
RG108,4337
RG2833 (RGFP109),4338
RGB-286638,4339
RGFP966,4340
RIBAVIRIN 5\'-TRIPHOSPHATE,4341
RIGOSERTIB (ON-01910),4342
RITA (NSC 652287),4343
RKI-1447,4344
RO-3306,4345
RO-4929097,4346
RO-495,4347
RO-4987655,4348
RO-51,4349
ROCILINOSTAT (ACY-1215),4350
RS-127445,4351
RSL3,4352
RX-3117,4353
RX-5902,4354
Racecadotril,4355
Ractopamine Hcl,4356
Raf265 derivative,4357
Ralimetinib,4358
Raloxifene,4359
Raloxifene Hydrochloride,4360
Raltegravir,4361
Raltitrexed,4362
Ramelteon,4363
Ramipril,4364
Ranitidine,4365
Ranolazine,4366
Rebamipide,4367
Rebeccamycin,4368
Reboxetine Mesylate,4369
Refametinib,4370
Regorafenib,4371
Relugolix,4372
Repaglinide,4373
Repsox,4374
Resatorvid,4375
Reserpine,4376
Resiquimod,4377
Resistomycin,4378
Resminostat,4379
Resveratrol,4380
Retapamulin,4381
Retaspimycin Hydrochloride,4382
Reversine,4383
Rhein,4384
Rheochrysidin,4385
Ribavirin,4386
Ribitol,4387
Ribociclib,4388
Ribociclib (LEE011),4389
Ridaforolimus,4390
Rifabutin,4391
Rifampicin,4392
Rifampin,4393
Rifapentina,4394
Rifapentine,4395
Rifaximin,4396
Rigosertib Sodium(Random Configuration),4397
Rilmenidine,4398
Rilpivirine,4399
Riluzole,4400
Rimantadine,4401
Rimonabant,4402
Riociguat,4403
Ripasudil,4404
Risedronate Sodium,4405
Risperidone,4406
Rita,4407
Ritodrine Hcl,4408
Ritonavir,4409
Rivaroxaban,4410
Rivastigmine,4411
Rivastigmine Tartrate,4412
Riviciclib,4413
Riviciclib (P276-00),4414
Robotnikinin,4415
Rocuronium Bromide,4416
Rofecoxib,4417
Roflumilast,4418
Rolipram,4419
Romidepsin,4420
RomidepsinFK-228,4421
Roniciclib,4422
Ronidazole,4423
Ropinirole Hcl,4424
Rose Bengal Disodium,4425
Rosiglitazone,4426
Rosuvastatin Calcium,4427
Rotenone,4428
Rotundine,4429
Roxatidine Acetate Hcl,4430
Roxithromycin,4431
Ruboxistaurin Mesylate,4432
Rucaparib,4433
Rucaparib Phosphate,4434
Rufinamide,4435
Rupintrivir,4436
Rutaecarpine,4437
Ruxolitinib,4438
S-(+)-Rolipram,4439
S-99,4440
S-RUXOLITINIB (INCB018424),4441
S-Trityl-L-cysteine,4442
S31-201,4443
S63845,4444
SA-13353,4445
SANT-1,4446
SANT-2,4447
SAR131675,4448
SAR131675 Racemate,4449
SAR245409 (XL765),4450
SAR405,4451
SARACATINIB (AZD0530),4452
SB-1317,4453
SB-1518,4454
SB-202190,4455
SB-202190 (FHPI),4456
SB-203580,4457
SB-206553,4458
SB-216763,4459
SB-228357,4460
SB-265610,4461
SB-269970 HCL,4462
SB-271046,4463
SB-408124,4464
SB-415286,4465
SB-431542,4466
SB-505124,4467
SB-525334,4468
SB-590885,4469
SB-612111,4470
SB-705498,4471
SB-742457,4472
SB-743921,4473
SB-747651A,4474
SCH-772984,4475
SCH-900435,4476
SCH-900776,4477
SCHEMBL12175228,4478
SCHEMBL12611449,4479
SCHEMBL1461351,4480
SCHEMBL1614292,4481
SCHEMBL17378613,4482
SCHEMBL17680458,4483
SCHEMBL185621,4484
SCHEMBL19918218,4485
SCHEMBL20400776,4486
SCHEMBL20734874,4487
SCHEMBL2105915,4488
SCHEMBL2227980,4489
SCHEMBL224883,4490
SCHEMBL2263525,4491
SCHEMBL2300706,4492
SCHEMBL2929203,4493
SCHEMBL3619307,4494
SCHEMBL3958507,4495
SCHEMBL6874948,4496
SCHEMBL8233739,4497
SCHEMBL82368,4498
SCHEMBL8437603,4499
SCHISANDRIN B (SCH B),4500
SELUMETINIB (AZD6244),4501
SEMAGACESTAT (LY450139),4502
SEMAXANIB (SU5416),4503
SF2523,4504
SGC-0946,4505
SGC-CBP30,4506
SGI-1027,4507
SGI-1776 FREE BASE,4508
SGI-7079,4509
SGX-523,4510
SHP-099,4511
SJ-172550,4512
SJG-136,4513
SKF-89976A,4514
SL-327,4515
SM-164,4516
SMI-4A,4517
SNS-032,4518
SNS-032 (BMS-387032),4519
SNS-314,4520
SNS-314 MESYLATE,4521
SNX-2112 (PF-04928473),4522
SNX-5422,4523
SODIUM 4-AMINOHIPPURATE HYDRATE,4524
SODIUM 4-AMINOSALICYLATE,4525
SP600125,4526
SR-01000075723,4527
SR-3029,4528
SR-3306,4529
SR-33805,4530
SR-9011,4531
SR-9243,4532
SRPIN340,4533
SRT-1720,4534
SRT-3025,4535
SSR-128129E,4536
SSR-504734,4537
SSR-69071,4538
STAVUDINE (D4T),4539
STEMREGENIN 1 (SR1),4540
STF-083010,4541
STF-118804,4542
STF-62247,4543
Safinamide Mesylate,4544
Salicin,4545
Salidroside,4546
Salinomycin,4547
Salirasib,4548
Salubrinal,4549
Sapitinib,4550
Saquinavir Mesylate,4551
Saracatinib,4552
Sarafloxacin,4553
Sarafloxacin Hcl,4554
Sarafloxacin Hydrochloride,4555
Sarpogrelate,4556
Sasapyrine,4557
Saxagliptin,4558
Sclareol,4559
Sclareolide,4560
Scopine,4561
Scopine Hcl,4562
Scriptaid,4563
Secnidazole,4564
Secoisolariciresinol,4565
Selegiline,4566
Selegiline Hydrochloride,4567
Seliciclib,4568
Selumetinib,4569
Seocalcitol,4570
Sepantronium,4571
Sepantronium Bromide,4572
Serabelisib,4573
Seratrodast,4574
Serotonin Hcl,4575
Sertaconazole Nitrate,4576
Sertraline,4577
Sertraline Hcl,4578
Sertraline Hydrochloride,4579
Sesamin,4580
Shikimic Acid,4581
Shikonin,4582
Sildenafil,4583
Sildenafil Citrate,4584
Silibinin,4585
Silmitasertib,4586
Silver Sulfadiazine,4587
Simurosertib,4588
Simvastatin,4589
Sinomenine,4590
Sipatrigine,4591
Siponimod,4592
Sirolimus,4593
Sirtinol,4594
Sitafloxacin Hydrate,4595
Sitagliptin,4596
Sitagliptin Phosphate Monohydrate,4597
Sitaxentan Sodium,4598
Sivelestat,4599
Ski Ii,4600
Sodium Ascorbate,4601
Sodium Cromoglycate,4602
Sodium Danshensu,4603
Sodium Diethyldithiocarbamate Trihydrate,4604
Sodium Nitrite,4605
Sodium Nitroprusside,4606
Sodium Picosulfate,4607
Sodium Salicylate,4608
Sofosbuvir,4609
Solanesol,4610
Solcitinib,4611
Solifenacin Succinate,4612
Sonidegib,4613
Sophocarpine,4614
Sorafenib,4615
Sorafenib Tosylate,4616
Sorbitol,4617
Sotalol,4618
Sotrastaurin,4619
Sparfloxacin,4620
Spiramycin,4621
Spironolactone,4622
Stanozolol,4623
Stattic,4624
Stauprimide,4625
Staurosporine,4626
Streptomycin (sulfate),4627
Streptomycin Sulfate,4628
Streptozocin,4629
Strontium Ranelate,4630
Succinylcholine Chloride,4631
Succinylcholine Chloride Dihydrate,4632
Sucralose,4633
Sufugolix,4634
Sulbactam,4635
Sulbactam Sodium,4636
Sulconazole Nitrate,4637
Sulfacetamide Sodium,4638
Sulfadiazine,4639
Sulfadoxine,4640
Sulfaguanidine,4641
Sulfamerazine,4642
Sulfameter,4643
Sulfamethazine,4644
Sulfamethizole,4645
Sulfamethoxazole,4646
Sulfamethoxypyridazine,4647
Sulfanilamide,4648
Sulfaphenazole,4649
Sulfapyridine,4650
Sulfasalazine,4651
Sulindac,4652
Sulpiride,4653
Sumanirole,4654
Sumanirole Maleate,4655
Sumatriptan,4656
Sumatriptan Succinate,4657
Sunitinib,4658
Sunitinib Malate,4659
Suplatast,4660
Suplatast Tosylate,4661
Suprofen,4662
Suramin,4663
Suramin Sodium,4664
Syk Inhibitor Iii,4665
Synephrine,4666
Synephrine Hcl,4667
T0901317,4668
TA02,4669
TAE-226 (NVP-TAE226),4670
TAE-684,4671
TAE-684 (NVP-TAE684),4672
TAK-285,4673
TAK-438,4674
TAK-593,4675
TAK-632,4676
TAK-700 (ORTERONEL),4677
TAK-715,4678
TAK-733,4679
TAK-875,4680
TAK-901,4681
TANDUTINIB (MLN518),4682
TAS-116,4683
TAXIFOLIN (DIHYDROQUERCETIN),4684
TD139,4685
TELAPREVIR (VX-950),4686
TENOVIN-1,4687
TG-100-115,4688
TG-100713,4689
TG-101209,4690
TG-101348 (SAR302503),4691
TGX-221,4692
THZ1,4693
THZ2,4694
THZ531,4695
TIC10,4696
TIC10 isomer,4697
TIE2 KINASE INHIBITOR,4698
TIVOZANIB (AV-951),4699
TOFACITINIB (CP-690550) CITRATE,4700
TORIN 1,4701
TORIN 2,4702
TOSEDOSTAT (CHR2797),4703
TP-3654,4704
TPCA-1,4705
TPX-0005,4706
TRAMETINIB (GSK1120212),4707
TRICHOSTATIN A (TSA),4708
TRIFLUOPERAZINE 2HCL,4709
TRIPTOLIDE (PG490),4710
TRO 19622,4711
TTNPB (AROTINOID ACID),4712
TW-37,4713
TWS119,4714
TYRPHOSTIN 9,4715
TYRPHOSTIN AG 1296,4716
TYRPHOSTIN AG 879,4717
Tacrine,4718
Tacrine Hcl,4719
Tacrolimus,4720
Tadalafil,4721
Tafenoquine,4722
Takeda-6d,4723
Taladegib,4724
Talampanel,4725
Talarozole,4726
Talarozole (R enantiomer),4727
Talazoparib,4728
Talc,4729
Talmapimod,4730
Tame,4731
Tamibarotene,4732
Tamoxifen,4733
Tamoxifen Citrate,4734
Tandutinib,4735
Tanespimycin,4736
Tangeretin,4737
Tanshinone I,4738
Tanshinone Iia,4739
Tariquidar,4740
Taselisib,4741
Tasisulam,4742
Tasquinimod,4743
Tavaborole / AN2690,4744
Tazarotene,4745
Tcid,4746
Tebipenem Pivoxil,4747
Tecalcet,4748
Tegaserod,4749
Tegaserod Maleate,4750
Teicoplanin,4751
Telatinib,4752
Telbivudine,4753
Telmisartan,4754
Telotristat Etiprate,4755
Temocapril Hcl,4756
Temozolomide,4757
Temsirolimus,4758
Teniposide,4759
Tenofovir Disoproxil Fumarate,4760
Tenoxicam,4761
Terameprocol,4762
Terazosin,4763
Terazosin Hcl,4764
Terbinafine,4765
Terbinafine Hcl,4766
Terfenadine,4767
Tesevatinib,4768
Tesmilifene,4769
Tesmilifene Hydrochloride,4770
Testolactone,4771
Testosterone,4772
Testosterone Cypionate,4773
Testosterone Propionate,4774
Tetrabenazine,4775
Tetracaine Hcl,4776
Tetracycline,4777
Tetracycline Hcl,4778
Tetracycline Hydrochloride,4779
Tetrahydroberberine,4780
Tetrahydropapaverine Hcl,4781
Tetrahydrouridine,4782
Tetrahydrozoline Hcl,4783
Tetrandrine,4784
Thalidomide,4785
Thapsigargin,4786
Theophylline,4787
Thiabendazole,4788
Thiamphenicol,4789
Thiazovivin,4790
Thioguanine,4791
Thiolactomycin,4792
Thioproperazine Dimethanesulfonate,4793
Thioridazine Hcl,4794
Thiotepa,4795
Thonzonium Bromide,4796
Tiagabine,4797
Tiagabine Hydrochloride,4798
Tianeptine Sodium,4799
Ticagrelor,4800
Ticarcillin Sodium,4801
Ticlopidine,4802
Ticlopidine Hcl,4803
Ticlopidine Hydrochloride,4804
Tideglusib,4805
Tigecycline,4806
Tilmicosin,4807
Timolol Maleate,4808
Tinidazole,4809
Tioconazole,4810
Tiopronin,4811
Tiotropium Bromide,4812
Tiotropium Bromide Hydrate,4813
Tioxolone,4814
Tipifarnib,4815
Tipiracil,4816
Tiplasinin,4817
Tiplaxtinin,4818
Tirapazamine,4819
Tiratricol,4820
Tivantinib,4821
Tizanidine,4822
Tizanidine Hcl,4823
Tizanidine Hydrochloride,4824
Tizoxanide,4825
Tobramycin,4826
Toceranib,4827
Tocris-1479,4828
Tofacitinib,4829
Tolazoline,4830
Tolazoline Hcl,4831
Tolbutamide,4832
Tolcapone,4833
Tolfenamic Acid,4834
Tolmetin Sodium,4835
Tolnaftate,4836
Tolperisone Hcl,4837
Tolrestat,4838
Tolterodine Tartrate,4839
Toltrazuril,4840
Tolvaptan,4841
Topiramate,4842
Topotecan,4843
Topotecan Hydrochloride,4844
Torcetrapib,4845
Toremifene Citrate,4846
Torsemide,4847
Tosedostat,4848
Tozasertib,4849
Tpck,4850
Trabectedin,4851
Trametinib,4852
Tranexamic Acid,4853
Tranilast,4854
Tranylcypromine,4855
Trazodone,4856
Trazodone Hcl,4857
Trazodone Hydrochloride,4858
Tretinoin,4859
Triamcinolone Acetonide,4860
Triamterene,4861
Trichostatin A,4862
Triciribine,4863
Triciribinephosphate,4864
Triclosan,4865
Triethylenemelamine,4866
Trifluoperazine,4867
Trifluoperazine Hydrochloride,4868
Triflupromazine,4869
Trifluridine,4870
Trihexyphenidyl,4871
Trilostane,4872
Trimethobenzamide,4873
Trimethoprim,4874
Trimetrexate,4875
Trioxsalen,4876
Tripelennamine Hcl,4877
Triptolide,4878
Triptonide,4879
Troglitazone,4880
Trometamol,4881
Tropicamide,4882
Trospium Chloride,4883
Troxatyl,4884
Troxerutin,4885
Tubacin,4886
Tubastatin A,4887
Tubastatin A Hcl,4888
Tylosin Tartrate,4889
U-104,4890
U-73122,4891
U0126,4892
U0126-ETOH,4893
U09Q76B8VK,4894
UK 383367,4895
UNC-0631,4896
UNC-0638,4897
UNC-0646,4898
UNC-1215,4899
UNC-1999,4900
UNC-2025,4901
UNC-2250,4902
UNC-3866,4903
UNC-569,4904
UNII-4HVE799MEJ,4905
UNII-70N8WTD318,4906
UNII-7E99B9ZM19,4907
UNII-8JJC99KHGL,4908
UNII-J2H993JF5Q,4909
UNII-KXQ762CQTH,4910
UNII-RF59KJ79DG,4911
UNII-S098K6HGD9,4912
URB597,4913
Ulipristal Acetate,4914
Ulixertinib,4915
Uprosertib,4916
Uracil,4917
Uracil Mustard,4918
Urapidil Hcl,4919
Uridine,4920
Uridine Triacetate,4921
Ursolic Acid,4922
VALPROIC ACID SODIUM SALT (SODIUM VALPROATE),4923
VARESPLADIB (LY315920),4924
VATALANIB (PTK787) 2HCL,4925
VBY-825,4926
VCH-916,4927
VE-821,4928
VE-822,4929
VER-155008,4930
VER-3323 hemifumarate salt,4931
VILDAGLIPTIN (LAF-237),4932
VITAMIN B12,4933
VLX1570,4934
VOLASERTIB (BI 6727),4935
VPS34 inhibitor 1,4936
VS-4718,4937
VS-5584,4938
VU 0357121,4939
VU 0361737,4940
VU 0364439,4941
VU 0364770,4942
VU 0661013,4943
VX-11E,4944
VX-661,4945
VX-680,4946
VX-702,4947
VX-745,4948
VX-765,4949
VX-809 (LUMACAFTOR),4950
Valaciclovir Hcl,4951
Valdecoxib,4952
Valganciclovir Hcl,4953
Valnemulin Hcl,4954
Valproic Acid,4955
Valproic Acid Sodium Salt,4956
Valrubicin,4957
Valsartan,4958
Valspodar,4959
Vancomycin Hydrochloride,4960
Vandetanib,4961
Vanillin,4962
Vanillylacetone,4963
Vapiprost Hydrochloride,4964
Vardenafil,4965
Vardenafil Hcl Trihydrate,4966
Varenicline,4967
Varenicline Tartrate,4968
Varlitinib,4969
Varlitinib Tosylate,4970
Vatalanib,4971
Vecuronium Bromide,4972
Veliflapon,4973
Veliparib,4974
Vemurafenib,4975
Venetoclax,4976
Venetoclax (ABT-199),4977
Venlafaxine,4978
Verapamil,4979
Verapamil Hcl,4980
Verdinexor,4981
Verteporfin,4982
Vicriviroc,4983
Vidarabine,4984
Vidofludimus,4985
Vilazodone Hcl,4986
Vinblastine,4987
Vinblastine Sulfate,4988
Vincristine,4989
Vincristine Sulfate,4990
Vindesine Sulfate,4991
Vinflunine,4992
Vinorelbine,4993
Vinorelbine Tartrate,4994
Vinpocetine,4995
Vismodegib,4996
Vistusertib,4997
Visudyne,4998
Vitamin C,4999
Voglibose,5000
Vorapaxar,5001
Vorasidenib,5002
Voreloxin,5003
Voriconazole,5004
Vorinostat,5005
Vorinostat (SAHA),5006
Vosaroxin,5007
Voxtalisib,5008
WAY-100635,5009
WAY-100635 MALEATE,5010
WAY-262611,5011
WAY-600,5012
WH-4-023,5013
WHI-P154,5014
WIKI4,5015
WNK463,5016
WNT-C59 (C59),5017
WO2016044770,5018
WP1066,5019
WS-3,5020
WY-14643 (PIRINIXIC ACID),5021
WYE-125132 (WYE-132),5022
WYE-354,5023
WYE-687,5024
WZ3146,5025
WZ4002,5026
WZ4003,5027
WZ8040,5028
WZ811,5029
Wee1 Inhibitor,5030
Withaferin A,5031
Wnt-C59,5032
Wortmannin From Penicillium Funiculosum,5033
X-396,5034
XAV-939,5035
XCT-790,5036
XL-019,5037
XL-147,5038
XL-228,5039
XL-335,5040
XL-388,5041
XL-647,5042
XL-784,5043
XMD17-109,5044
XMD8-87,5045
XMD8-92,5046
XMU-MP-1,5047
XRP44X,5048
Xanthatin,5049
Xanthone,5050
Ximelagatran,5051
Xl-888,5052
Xylometazoline,5053
Xylometazoline Hcl,5054
Xylometazoline Hydrochloride,5055
Y-27632,5056
YK-4-279,5057
YKL-05-099,5058
YM155 (SEPANTRONIUM BROMIDE),5059
YM201636,5060
YM511,5061
YO-01027,5062
YU238259,5063
ZIBOTENTAN (ZD4054),5064
ZLN005,5065
ZM-306416,5066
ZM-323881 HCL,5067
ZM-336372,5068
ZM-447439,5069
ZOSUQUIDAR (LY335979) 3HCL,5070
ZSTK474,5071
Zafirlukast,5072
Zalcitabine,5073
Zaldaride Maleate,5074
Zaleplon,5075
Zaltoprofen,5076
Zanamivir,5077
Zebularine,5078
Zibotentan,5079
Zidovudine,5080
Zileuton,5081
Zinc Pyrithione,5082
Ziprasidone,5083
Ziprasidone Hydrochloride,5084
Zoledronic Acid,5085
Zoledronic Acid Monohydrate,5086
Zolinza,5087
Zolmitriptan,5088
Zonisamide,5089
Zoxazolamine,5090
Zuclomiphene,5091
bafilomycin A1,5092
beta-Narcotine,5093
beta-Sitosterol,5094
c-FMS inhibitor,5095
cc-115,5096
cc-122,5097
cl-82198,5098
dimethyl but-2-enedioate,5099
eFT508,5100
ent-Lamivudine,5101
glycyl-H 1152,5102
gm 1489,5103
h-89,5104
h-d-cys(trt)-oh,5105
hg-10-102-01,5106
lfm-a13,5107
nor-Binaltorphimine,5108
nutlin-3B,5109
quinazolin-4-ylamine,5110
su5402,5111
trans-Piceatannol,5112
"{(3R,4R)-4-Methyl-3-[methyl(7h-Pyrrolo[2,3-D]pyrimidin-4-Yl)amino]piperidin-1-Yl}(Pyrrolidin-1-Yl)methanone",5113
"{2-[(2,6-dichlorophenyl)amino]phenyl}acetate",5114
