id,entity
0,100
1,10000
2,10002
3,10013
4,100130827
5,10014
6,10019
7,10021
8,1003
9,10038
10,10039
11,10057
12,10060
13,10105
14,10110
15,10114
16,10135
17,1017
18,10170
19,1018
20,10188
21,1019
22,101935602
23,102
24,1020
25,1021
26,1022
27,1024
28,10242
29,10247
30,10249
31,1025
32,10257
33,1026
34,10280
35,10298
36,10327
37,10376
38,10381
39,10382
40,10383
41,10432
42,10461
43,10494
44,10499
45,10536
46,10599
47,10606
48,10645
49,1066
50,10682
51,107
52,10724
53,10733
54,10746
55,10769
56,10783
57,108
58,1080
59,10800
60,10825
61,10846
62,10855
63,10857
64,10863
65,10893
66,10919
67,10951
68,10988
69,11011
70,11040
71,1105
72,11069
73,1109
74,11096
75,111
76,1111
77,11113
78,11156
79,11183
80,11184
81,11188
82,11200
83,11201
84,11213
85,11238
86,112398
87,112399
88,11251
89,11255
90,1128
91,11280
92,1129
93,11309
94,1131
95,1132
96,113235
97,11329
98,1133
99,11330
100,11331
101,1134
102,11343
103,1135
104,1136
105,1137
106,1138
107,1139
108,1140
109,1141
110,1142
111,114294
112,1143
113,1144
114,1145
115,114548
116,1146
117,1147
118,115584
119,116085
120,116443
121,116444
122,116447
123,117144
124,117155
125,1181
126,1187
127,1188
128,118856
129,1195
130,1196
131,1198
132,11981
133,120227
134,12048
135,120892
136,1215
137,121642
138,122011
139,122042
140,122622
141,1230
142,123096
143,123228
144,1233
145,1234
146,124
147,1241
148,1244
149,124583
150,125
151,126
152,1263
153,1268
154,1269
155,127
156,13
157,130399
158,1311
159,1312
160,131890
161,132
162,1326
163,1327
164,1329
165,1339
166,134
167,1340
168,1345
169,1346
170,134864
171,1349
172,135
173,1350
174,1351
175,136
176,1371
177,1373
178,1374
179,1376
180,1384
181,1385
182,1387
183,140
184,140469
185,140609
186,140901
187,142
188,143
189,1432
190,1436
191,1445
192,1452
193,1453
194,1454
195,145407
196,145482
197,1455
198,1456
199,1457
200,1459
201,146
202,146802
203,147
204,147746
205,148
206,1491
207,150
208,150094
209,1504
210,1508
211,1509
212,151
213,1510
214,1511
215,151306
216,152
217,153
218,1535
219,1536
220,154
221,1543
222,1544
223,1545
224,1548
225,154807
226,155
227,1555
228,1557
229,1558
230,1559
231,156
232,1565
233,1573
234,1576
235,1577
236,1583
237,1584
238,1585
239,1586
240,1588
241,159
242,1594
243,1595
244,1604
245,160728
246,1610
247,1612
248,1613
249,1615
250,1621
251,162466
252,1633
253,16337
254,1634
255,1636
256,1644
257,1645
258,1646
259,165631
260,1666
261,166614
262,166785
263,167359
264,1716
265,1717
266,1719
267,1723
268,1728
269,1733
270,1742
271,1759
272,176
273,1760
274,1773
275,178
276,1786
277,1787
278,1788
279,1789
280,18
281,1800
282,1803
283,1806
284,1808
285,1812
286,1813
287,1814
288,1815
289,1816
290,1827
291,1841
292,185
293,1859
294,186
295,187
296,189
297,1890
298,19
299,190
300,1901
301,1903
302,1909
303,191
304,1910
305,1956
306,196
307,1969
308,1977
309,1991
310,2
311,2006
312,2011
313,202374
314,2030
315,203068
316,2041
317,2042
318,2043
319,2044
320,2045
321,2046
322,2047
323,2048
324,204851
325,2049
326,2050
327,2051
328,2053
329,2064
330,2065
331,2066
332,207
333,2078
334,208
335,2081
336,2099
337,210
338,2100
339,2101
340,2103
341,2104
342,211
343,212
344,2120
345,213
346,2139
347,2147
348,2149
349,2152
350,2155
351,2158
352,2159
353,216
354,2160
355,2167
356,2168
357,2169
358,217
359,2170
360,2171
361,2172
362,2182
363,2185
364,2191
365,2194
366,219931
367,221120
368,221656
369,221955
370,2222
371,2224
372,222962
373,2230
374,2235
375,2237
376,2241
377,2242
378,2246
379,2247
380,225689
381,2260
382,2261
383,2263
384,2264
385,2268
386,2280
387,2281
388,22848
389,22858
390,2287
391,2289
392,22933
393,22978
394,22983
395,23012
396,23028
397,23043
398,23097
399,231
400,23113
401,23173
402,23192
403,23193
404,2321
405,2322
406,23235
407,2324
408,23387
409,23396
410,23408
411,23410
412,23411
413,2342
414,23420
415,23435
416,23450
417,23464
418,23468
419,23475
420,23476
421,2348
422,2350
423,23541
424,2356
425,23569
426,2357
427,23590
428,23604
429,23617
430,23621
431,23632
432,23649
433,23657
434,23678
435,23683
436,238
437,239
438,240
439,241
440,24145
441,2444
442,246
443,247
444,2475
445,249
446,2492
447,25
448,251
449,2516
450,2534
451,2539
452,2548
453,2550
454,255239
455,2554
456,2555
457,2556
458,2557
459,2558
460,2559
461,2560
462,2561
463,2562
464,2563
465,2564
466,2565
467,2566
468,2567
469,2568
470,25778
471,2580
472,2582
473,25824
474,25865
475,2593
476,2595
477,2597
478,25974
479,25989
480,26
481,26013
482,26090
483,26140
484,2617
485,2618
486,262
487,26275
488,2628
489,2629
490,2638
491,2648
492,26524
493,2653
494,26576
495,2671
496,2677
497,2678
498,2692
499,2697
500,27
501,27032
502,27094
503,27095
504,27102
505,27115
506,27148
507,27232
508,27250
509,27306
510,2731
511,27330
512,27345
513,27347
514,2739
515,2740
516,2741
517,2742
518,2743
519,2744
520,2752
521,276
522,2778
523,279
524,2805
525,2806
526,2815
527,28234
528,2831
529,283383
530,2840
531,2841
532,2847
533,2852
534,285220
535,2859
536,2862
537,28639
538,2864
539,2868
540,2869
541,2872
542,2875
543,28755
544,2885
545,2891
546,2892
547,2897
548,2898
549,28988
550,28996
551,290
552,2902
553,2903
554,2904
555,2905
556,2906
557,2908
558,2911
559,29110
560,2912
561,2913
562,2915
563,2916
564,2931
565,2932
566,2936
567,2937
568,2939
569,2950
570,2977
571,2983
572,29850
573,29881
574,29952
575,29968
576,2998
577,29991
578,29994
579,3005
580,301
581,3028
582,3039
583,3040
584,3043
585,3055
586,306
587,3064
588,3065
589,3066
590,3073
591,3074
592,30811
593,30814
594,3091
595,31
596,3105
597,31221
598,"31221

5159"
599,3141
600,3156
601,316
602,3172
603,3174
604,3176
605,3178
606,32
607,3206
608,3242
609,3248
610,3249
611,3251
612,326625
613,3269
614,3274
615,3276
616,328
617,3283
618,3284
619,3290
620,3291
621,3292
622,3293
623,3294
624,3309
625,3312
626,3315
627,332
628,3320
629,3326
630,3350
631,3351
632,3352
633,3354
634,3355
635,3356
636,3357
637,3358
638,3359
639,3360
640,3361
641,3362
642,3363
643,338442
644,338567
645,340024
646,340156
647,3416
648,341676
649,3417
650,343450
651,3458
652,347732
653,3480
654,3486
655,348980
656,351
657,353
658,353189
659,354
660,3551
661,3553
662,3554
663,3558
664,3562
665,3565
666,3567
667,3569
668,3576
669,3577
670,3579
671,358
672,36
673,3614
674,3615
675,3619
676,3620
677,3623
678,3643
679,3645
680,3654
681,367
682,3676
683,368
684,3683
685,3689
686,369
687,3690
688,3702
689,3708
690,3709
691,3710
692,3716
693,3717
694,3718
695,3725
696,3735
697,3736
698,3737
699,3738
700,3739
701,3741
702,3743
703,3744
704,3746
705,3747
706,375
707,3751
708,3752
709,3753
710,3756
711,3757
712,3758
713,3761
714,3762
715,3763
716,3764
717,3767
718,3768
719,3775
720,3776
721,377677
722,3777
723,3778
724,3779
725,3780
726,3781
727,3782
728,3783
729,3784
730,3785
731,3786
732,378807
733,3791
734,38
735,3815
736,3832
737,3855
738,3859
739,387129
740,388228
741,389840
742,390245
743,3932
744,3933
745,3938
746,3939
747,3978
748,3980
749,3984
750,3985
751,39970
752,40
753,4015
754,4018
755,4023
756,4025
757,4048
758,4057
759,4058
760,4067
761,4088
762,41
763,4117
764,412
765,4128
766,4129
767,4130
768,4133
769,4134
770,4137
771,4139
772,4140
773,4145
774,4151
775,415116
776,4154
777,4159
778,4160
779,4161
780,4170
781,4190
782,4193
783,4214
784,4215
785,4216
786,4233
787,4286
788,4293
789,4294
790,4296
791,4297
792,43
793,4306
794,4312
795,4313
796,4314
797,4316
798,4317
799,4318
800,4319
801,4320
802,4321
803,4322
804,4323
805,4324
806,4325
807,4326
808,4327
809,4350
810,4352
811,4353
812,4363
813,438
814,440
815,440275
816,440503
817,443
818,444
819,445
820,4486
821,4504
822,4507
823,4508
824,4512
825,4513
826,4514
827,4519
828,4524
829,4543
830,4544
831,4547
832,4548
833,4552
834,4583
835,4593
836,4594
837,4638
838,4661
839,4688
840,4689
841,471
842,4718
843,472
844,475
845,4750
846,4751
847,4752
848,4758
849,4759
850,476
851,4780
852,4790
853,4791
854,4792
855,4835
856,4837
857,4842
858,4843
859,4846
860,4850864
861,4860
862,4864
863,4869
864,4879
865,4881
866,4886
867,4887
868,4914
869,4915
870,4916
871,4921
872,494551
873,495
874,4953
875,4967
876,498
877,4985
878,4986
879,4987
880,4988
881,5004
882,5005
883,501
884,5024
885,5025
886,5028
887,5029
888,5031
889,5032
890,5033
891,5047
892,50484
893,50488
894,50507
895,5053
896,5054
897,5058
898,506
899,5062
900,5063
901,50632
902,5066
903,50771
904,50801
905,50833
906,50840
907,509
908,5091
909,50940
910,5095
911,5096
912,51053
913,51056
914,51086
915,5111
916,51135
917,51174
918,51175
919,51185
920,51265
921,51268
922,5127
923,5128
924,51284
925,5129
926,5130
927,51305
928,51311
929,51347
930,5136
931,5137
932,5138
933,5139
934,5140
935,5141
936,5142
937,51422
938,51426
939,5143
940,5144
941,5145
942,5146
943,5148
944,5149
945,5150
946,5151
947,5152
948,5153
949,5156
950,51564
951,5158
952,5159
953,5166
954,5167
955,5170
956,51701
957,51727
958,51765
959,51776
960,51807
961,52
962,5218
963,5226
964,523
965,5241
966,5243
967,526
968,5260
969,5261
970,5264
971,5272
972,528
973,5287
974,5288
975,5290
976,5291
977,5292
978,5293
979,5294
980,5295
981,5296
982,5298
983,5315
984,5319
985,5320
986,5321
987,5322
988,5327
989,5328
990,5334
991,5337
992,53373
993,5338
994,5340
995,5346
996,5347
997,5351
998,5352
999,53632
1000,53637
1001,5371
1002,5375
1003,53829
1004,53904
1005,53944
1006,5406
1007,54101
1008,54106
1009,54107
1010,54205
1011,54207
1012,5422
1013,5423
1014,5426
1015,5427
1016,5428
1017,5429
1018,5443
1019,5444
1020,54575
1021,54577
1022,54578
1023,54579
1024,54583
1025,54600
1026,54625
1027,5465
1028,54657
1029,54658
1030,54659
1031,5467
1032,54677
1033,5468
1034,54681
1035,5471
1036,54737
1037,5476
1038,5478
1039,54795
1040,54799
1041,54861
1042,54878
1043,55
1044,55117
1045,55145
1046,55157
1047,55163
1048,55193
1049,552
1050,55214
1051,55217
1052,55239
1053,55244
1054,553
1055,5530
1056,55300
1057,55312
1058,5533
1059,5535
1060,55351
1061,55361
1062,554
1063,5550
1064,55561
1065,55584
1066,55589
1067,5562
1068,5563
1069,5564
1070,5565
1071,5566
1072,55662
1073,5567
1074,5569
1075,5571
1076,55775
1077,5578
1078,55781
1079,5579
1080,55799
1081,558
1082,5580
1083,55800
1084,5581
1085,5582
1086,55825
1087,5583
1088,5584
1089,5585
1090,5586
1091,55867
1092,55869
1093,5587
1094,55879
1095,5588
1096,5590
1097,5591
1098,5592
1099,5593
1100,5594
1101,5595
1102,5596
1103,5597
1104,5598
1105,5599
1106,5600
1107,5601
1108,5602
1109,5603
1110,5604
1111,5605
1112,5606
1113,5607
1114,5608
1115,5609
1116,5610
1117,5613
1118,5621
1119,5624
1120,5627
1121,5631
1122,5644
1123,56479
1124,56547
1125,56604
1126,5662
1127,56655
1128,567
1129,5673
1130,5682
1131,5683
1132,5684
1133,5685
1134,5686
1135,5687
1136,5688
1137,5689
1138,5690
1139,5691
1140,5692
1141,56922
1142,56923
1143,56924
1144,5693
1145,56934
1146,5694
1147,5695
1148,5696
1149,5698
1150,5699
1151,56997
1152,570
1153,57016
1154,57026
1155,57053
1156,5707
1157,5708
1158,57105
1159,57118
1160,57144
1161,57172
1162,5724
1163,5729
1164,5730
1165,5731
1166,5732
1167,5733
1168,5734
1169,5737
1170,5739
1171,57396
1172,5740
1173,57406
1174,5742
1175,5743
1176,57468
1177,5747
1178,5753
1179,57551
1180,57582
1181,57657
1182,5770
1183,57704
1184,5775
1185,5778
1186,57787
1187,5791
1188,5802
1189,58190
1190,5836
1191,5837
1192,58497
1193,5871
1194,5879
1195,5880
1196,5893
1197,5894
1198,590
1199,5914
1200,5915
1201,5916
1202,5918
1203,59272
1204,59340
1205,59350
1206,5947
1207,595
1208,5950
1209,5959
1210,596
1211,5965
1212,5970
1213,5972
1214,5979
1215,599
1216,5999
1217,6010
1218,6011
1219,6035
1220,6037
1221,6046
1222,60482
1223,60681
1224,6093
1225,6095
1226,6096
1227,6097
1228,6098
1229,610
1230,6122
1231,613
1232,6195
1233,6196
1234,6197
1235,6198
1236,623
1237,624
1238,6240
1239,6241
1240,6256
1241,6257
1242,6258
1243,6261
1244,6262
1245,6263
1246,6271
1247,6273
1248,6275
1249,6283
1250,6284
1251,6285
1252,6286
1253,6300
1254,6303
1255,6311
1256,632
1257,6323
1258,6324
1259,6326
1260,6327
1261,6328
1262,6329
1263,6330
1264,6331
1265,6332
1266,6334
1267,6335
1268,6336
1269,6337
1270,6338
1271,6339
1272,6340
1273,6347
1274,6387
1275,640
1276,6401
1277,64066
1278,64078
1279,64087
1280,641
1281,6416
1282,64175
1283,64386
1284,645
1285,6462
1286,6469
1287,6470
1288,6472
1289,6476
1290,64761
1291,64805
1292,64840
1293,64902
1294,65061
1295,6513
1296,6514
1297,652
1298,6523
1299,6524
1300,6527
1301,6529
1302,6530
1303,6531
1304,6532
1305,653361
1306,6548
1307,6553
1308,6554
1309,6555
1310,6557
1311,6558
1312,6559
1313,6560
1314,6564
1315,6565
1316,657
1317,6570
1318,6571
1319,6573
1320,6578
1321,6579
1322,658
1323,6580
1324,6581
1325,6582
1326,6583
1327,6584
1328,659
1329,65975
1330,660
1331,6606
1332,6608
1333,6609
1334,6622
1335,6646
1336,6647
1337,6648
1338,6652
1339,6713
1340,6714
1341,6715
1342,6716
1343,6718
1344,672
1345,6725
1346,673
1347,6732
1348,6733
1349,6749
1350,6750
1351,6751
1352,6752
1353,6753
1354,6754
1355,6755
1356,676
1357,6768
1358,6774
1359,6777
1360,6778
1361,6783
1362,6787
1363,6788
1364,6789
1365,6790
1366,6792
1367,6793
1368,6794
1369,6795
1370,6817
1371,6818
1372,6820
1373,6822
1374,683
1375,6833
1376,6850
1377,6865
1378,6868
1379,6869
1380,6870
1381,6885
1382,6915
1383,6916
1384,692420
1385,6947
1386,6948
1387,695
1388,7006
1389,7010
1390,7015
1391,7016
1392,7018
1393,7031
1394,7046
1395,7048
1396,7052
1397,7054
1398,7056
1399,706
1400,7066
1401,7067
1402,7068
1403,7071
1404,7075
1405,7083
1406,7097
1407,7099
1408,7101
1409,7124
1410,7125
1411,7134
1412,7150
1413,7153
1414,7155
1415,7157
1416,7172
1417,7173
1418,7182
1419,7184
1420,7223
1421,7224
1422,7226
1423,7251
1424,7253
1425,7272
1426,7276
1427,7277
1428,7278
1429,7283
1430,728642
1431,729230
1432,7294
1433,7295
1434,7296
1435,7297
1436,7298
1437,7299
1438,7301
1439,7334
1440,7341
1441,7347
1442,7357
1443,7364
1444,7371
1445,7372
1446,7398
1447,7412
1448,7421
1449,7422
1450,7442
1451,7444
1452,7465
1453,7468
1454,747
1455,7486
1456,7494
1457,7498
1458,7525
1459,7532
1460,7535
1461,759
1462,760
1463,761
1464,762
1465,763
1466,765
1467,766
1468,767
1469,768
1470,770
1471,771
1472,773
1473,774
1474,775
1475,776
1476,778
1477,7786
1478,778927
1479,779
1480,780
1481,781
1482,782
1483,783
1484,784
1485,7846
1486,7849
1487,785
1488,7852
1489,786
1490,788
1491,790
1492,79001
1493,79068
1494,79148
1495,7915
1496,7920
1497,7941
1498,79608
1499,79644
1500,79661
1501,79676
1502,79837
1503,79858
1504,79885
1505,79915
1506,79934
1507,8001
1508,801
1509,80122
1510,8013
1511,80150
1512,8019
1513,8029
1514,80351
1515,8038
1516,805
1517,808
1518,80834
1519,81027
1520,81033
1521,811
1522,8114
1523,814
1524,8140
1525,815
1526,81502
1527,81551
1528,816
1529,81693
1530,817
1531,81788
1532,818
1533,819
1534,8202
1535,8284
1536,828713
1537,8288
1538,831
1539,834
1540,83549
1541,836
1542,83732
1543,83756
1544,83795
1545,839
1546,83903
1547,83933
1548,8394
1549,83942
1550,8396
1551,8398
1552,840
1553,8408
1554,842
1555,8424
1556,84254
1557,8428
1558,8435
1559,8444
1560,84446
1561,8445
1562,84456
1563,846
1564,84650
1565,847
1566,84706
1567,8476
1568,84790
1569,8484
1570,84875
1571,8491
1572,8503
1573,8510
1574,8511
1575,8513
1576,85320
1577,8536
1578,85366
1579,85443
1580,8565
1581,8566
1582,8569
1583,8573
1584,8576
1585,8600
1586,8621
1587,8622
1588,8630
1589,8639
1590,8644
1591,8645
1592,8647
1593,8648
1594,8654
1595,8658
1596,866
1597,8678
1598,8698
1599,8711
1600,8714
1601,873
1602,8737
1603,875
1604,8754
1605,8767
1606,8780
1607,8788
1608,8814
1609,8824
1610,8841
1611,8843
1612,8854
1613,8856
1614,8858
1615,886
1616,887
1617,8879
1618,8899
1619,8904
1620,8911
1621,8912
1622,8913
1623,8972
1624,8973
1625,89832
1626,89845
1627,8985
1628,8986
1629,8989
1630,8999
1631,90
1632,90134
1633,9024
1634,9033
1635,9052
1636,9088
1637,9099
1638,91
1639,91039
1640,9113
1641,9128
1642,9132
1643,9149
1644,9152
1645,9153
1646,9154
1647,91703
1648,9175
1649,91754
1650,9177
1651,91807
1652,92
1653,9201
1654,9212
1655,9221
1656,9252
1657,9254
1658,9261
1659,9262
1660,9263
1661,9266
1662,9290
1663,93
1664,9311
1665,9312
1666,9313
1667,9344
1668,9356
1669,9367
1670,9376
1671,9377
1672,94
1673,9424
1674,9429
1675,9448
1676,9453
1677,9468
1678,9475
1679,95
1680,9507
1681,952
1682,9536
1683,9568
1684,9578
1685,9611
1686,9615
1687,9641
1688,9682
1689,9706
1690,9734
1691,9748
1692,9759
1693,9817
1694,983
1695,9833
1696,984
1697,9874
1698,9891
1699,9900
1700,994
1701,9943
1702,995
1703,9970
1704,9971
1705,998
1706,9986
1707,CID100016
1708,CID100094
1709,CID10026128
1710,CID10027278
1711,CID10029385
1712,CID10034073
1713,CID10041070
1714,CID10047612
1715,CID10052040
1716,CID1005519
1717,CID10056071
1718,CID1005654
1719,CID10070893
1720,CID10074640
1721,CID10077130
1722,CID10077147
1723,CID10090485
1724,CID10090750
1725,CID10095659
1726,CID10096344
1727,CID101043861
1728,CID10109823
1729,CID10113978
1730,CID10126189
1731,CID10127622
1732,CID10133
1733,CID1013376
1734,CID10138980
1735,CID10141893
1736,CID101526
1737,CID10152654
1738,CID10158562
1739,CID10158940
1740,CID10160238
1741,CID10168
1742,CID10172943
1743,CID10173277
1744,CID101744
1745,CID10174505
1746,CID10177
1747,CID10180
1748,CID10182969
1749,CID10184653
1750,CID10195250
1751,CID10201696
1752,CID10202642
1753,CID10206
1754,CID10207
1755,CID10208
1756,CID102175
1757,CID10219
1758,CID10226546
1759,CID10228
1760,CID10231331
1761,CID10235
1762,CID10237
1763,CID102484
1764,CID10253143
1765,CID10256643
1766,CID10271028
1767,CID10275789
1768,CID10280735
1769,CID10286159
1770,CID10288191
1771,CID10294813
1772,CID10296883
1773,CID10297043
1774,CID10302451
1775,CID10317566
1776,CID10322165
1777,CID10331844
1778,CID10339178
1779,CID10339779
1780,CID10341154
1781,CID10348973
1782,CID10354063
1783,CID10365033
1784,CID10366136
1785,CID10367662
1786,CID10369242
1787,CID10377751
1788,CID10384072
1789,CID10409068
1790,CID10427712
1791,CID10430360
1792,CID10435235
1793,CID10437018
1794,CID10458325
1795,CID1046
1796,CID10461508
1797,CID10461815
1798,CID1047
1799,CID104741
1800,CID10474335
1801,CID10475633
1802,CID104769
1803,CID104794
1804,CID104799
1805,CID1048267
1806,CID104850
1807,CID104858
1808,CID104865
1809,CID104920
1810,CID105066
1811,CID105115
1812,CID10531
1813,CID1054
1814,CID10607
1815,CID10621
1816,CID10629256
1817,CID10639
1818,CID10648
1819,CID1067700
1820,CID1069686
1821,CID10701
1822,CID107706
1823,CID107751
1824,CID107771
1825,CID107778
1826,CID107807
1827,CID107848
1828,CID107935
1829,CID107952
1830,CID107969
1831,CID107970
1832,CID107971
1833,CID107985
1834,CID108092
1835,CID108107
1836,CID108143
1837,CID108144
1838,CID108150
1839,CID108187
1840,CID10830
1841,CID10830874
1842,CID10866
1843,CID10909430
1844,CID10917
1845,CID10921
1846,CID10995177
1847,CID1102
1848,CID11057
1849,CID110635
1850,CID11064619
1851,CID11065
1852,CID11074431
1853,CID11079
1854,CID11092
1855,CID11102
1856,CID11152667
1857,CID11154925
1858,CID11159621
1859,CID11167112
1860,CID11167602
1861,CID11175137
1862,CID11178236
1863,CID11188409
1864,CID11201705
1865,CID11210478
1866,CID11213558
1867,CID11214940
1868,CID11219835
1869,CID11222830
1870,CID11224
1871,CID11226684
1872,CID11228183
1873,CID11234052
1874,CID11238147
1875,CID11242315
1876,CID11243536
1877,CID11243969
1878,CID11248490
1879,CID11248978
1880,CID11249084
1881,CID11249248
1882,CID11256664
1883,CID11256720
1884,CID11271909
1885,CID11272610
1886,CID11273
1887,CID11282283
1888,CID11285001
1889,CID11285588
1890,CID11288934
1891,CID11292191
1892,CID11296583
1893,CID11304743
1894,CID11313361
1895,CID11313622
1896,CID11314340
1897,CID11317348
1898,CID11326715
1899,CID11327430
1900,CID11333
1901,CID11338033
1902,CID11345983
1903,CID11347535
1904,CID11349170
1905,CID11351021
1906,CID11354606
1907,CID11358077
1908,CID11364421
1909,CID11373846
1910,CID11381449
1911,CID11383075
1912,CID11387605
1913,CID11393719
1914,CID11398092
1915,CID11399764
1916,CID11404337
1917,CID11409972
1918,CID11414799
1919,CID11427553
1920,CID11431660
1921,CID11431811
1922,CID11433190
1923,CID11434515
1924,CID11440648
1925,CID11442891
1926,CID11450633
1927,CID11452716
1928,CID11454028
1929,CID11455910
1930,CID11462174
1931,CID11467730
1932,CID11476171
1933,CID11477084
1934,CID11478363
1935,CID114811
1936,CID11485656
1937,CID114869
1938,CID11488110
1939,CID11488320
1940,CID11491176
1941,CID114917
1942,CID11493841
1943,CID11494412
1944,CID11497983
1945,CID11499245
1946,CID115000
1947,CID11501591
1948,CID115087
1949,CID1150897
1950,CID115107
1951,CID11511120
1952,CID11519397
1953,CID11519741
1954,CID11520894
1955,CID11524144
1956,CID11525740
1957,CID115269
1958,CID11530459
1959,CID11533060
1960,CID115355
1961,CID115358
1962,CID11538455
1963,CID11539025
1964,CID11548
1965,CID11548023
1966,CID11548630
1967,CID11552757
1968,CID11556427
1969,CID11556711
1970,CID11561383
1971,CID11565518
1972,CID11570805
1973,CID11577725
1974,CID11591741
1975,CID11595431
1976,CID11598628
1977,CID11607738
1978,CID11609586
1979,CID11609955
1980,CID11612883
1981,CID11617559
1982,CID11618268
1983,CID11619093
1984,CID11620908
1985,CID11625818
1986,CID11626560
1987,CID11630874
1988,CID11634725
1989,CID11635371
1990,CID11638255
1991,CID11640390
1992,CID11646823
1993,CID11647372
1994,CID11654378
1995,CID11655119
1996,CID11656518
1997,CID11667893
1998,CID11671467
1999,CID11673921
2000,CID11676373
2001,CID11676786
2002,CID11683
2003,CID11685945
2004,CID11689883
2005,CID11700696
2006,CID11703255
2007,CID11707110
2008,CID117072549
2009,CID117072550
2010,CID11712649
2011,CID11713159
2012,CID11715767
2013,CID11717001
2014,CID11717074
2015,CID11717641
2016,CID11719003
2017,CID11719130
2018,CID1174
2019,CID11740218
2020,CID11745519
2021,CID11749858
2022,CID11750009
2023,CID11751549
2024,CID11754200
2025,CID11754511
2026,CID117636625
2027,CID117817422
2028,CID11784504
2029,CID117951478
2030,CID117996749
2031,CID118025540
2032,CID118036971
2033,CID118191391
2034,CID118196485
2035,CID118238298
2036,CID1183
2037,CID118310260
2038,CID11844351
2039,CID11848225
2040,CID11849514
2041,CID118572017
2042,CID118572065
2043,CID11858109
2044,CID118598754
2045,CID118693658
2046,CID11876263
2047,CID118869362
2048,CID118946372
2049,CID118957930
2050,CID118958122
2051,CID118986645
2052,CID119031
2053,CID119034
2054,CID119081
2055,CID119081417
2056,CID119182
2057,CID119192
2058,CID119245
2059,CID119369
2060,CID119373
2061,CID11950170
2062,CID119525
2063,CID11955716
2064,CID11955855
2065,CID119570
2066,CID11957503
2067,CID11957577
2068,CID11957628
2069,CID11957668
2070,CID11957684
2071,CID11957721
2072,CID119583
2073,CID119584
2074,CID11960271
2075,CID11960529
2076,CID119607
2077,CID11963194
2078,CID11964036
2079,CID11965767
2080,CID11973122
2081,CID11973736
2082,CID11976582
2083,CID11977753
2084,CID11978790
2085,CID11979774
2086,CID11983295
2087,CID11984561
2088,CID11987888
2089,CID11998575
2090,CID12000240
2091,CID12003241
2092,CID1201549
2093,CID120181
2094,CID12035
2095,CID121232405
2096,CID121271792
2097,CID121277860
2098,CID121328278
2099,CID1213452
2100,CID121396
2101,CID121408882
2102,CID121473004
2103,CID121487936
2104,CID121488167
2105,CID121499143
2106,CID121513855
2107,CID121586
2108,CID121587
2109,CID121596782
2110,CID121858
2111,CID121892
2112,CID122108
2113,CID122125
2114,CID12215
2115,CID122197581
2116,CID122262
2117,CID122335
2118,CID122724
2119,CID123132228
2120,CID12314839
2121,CID123596
2122,CID123606
2123,CID123608
2124,CID123631
2125,CID123723
2126,CID12387471
2127,CID123964
2128,CID123985
2129,CID124087
2130,CID124112581
2131,CID124246
2132,CID125017
2133,CID12597
2134,CID12620
2135,CID126565
2136,CID126758
2137,CID126843232
2138,CID126941
2139,CID1269845
2140,CID1271002
2141,CID127150
2142,CID127151
2143,CID1274465
2144,CID129010078
2145,CID129228
2146,CID12934390
2147,CID129426
2148,CID12947
2149,CID129869
2150,CID13018151
2151,CID130313
2152,CID130881
2153,CID130904
2154,CID130966
2155,CID13109
2156,CID13116
2157,CID1317464
2158,CID131955127
2159,CID132449
2160,CID1324494
2161,CID132519
2162,CID13266
2163,CID132971
2164,CID133021
2165,CID133053818
2166,CID133065662
2167,CID13342
2168,CID13387
2169,CID134018
2170,CID134327298
2171,CID1345
2172,CID134601
2173,CID134780
2174,CID134828256
2175,CID1349907
2176,CID13520
2177,CID135397708
2178,CID135398491
2179,CID135398492
2180,CID135398495
2181,CID135398499
2182,CID135398501
2183,CID135398510
2184,CID135398512
2185,CID135398513
2186,CID135398521
2187,CID135398635
2188,CID135398641
2189,CID135398645
2190,CID135398661
2191,CID135398735
2192,CID135398737
2193,CID135398738
2194,CID135398739
2195,CID135398740
2196,CID135398741
2197,CID135398744
2198,CID135398745
2199,CID135398748
2200,CID135399748
2201,CID135400182
2202,CID135400189
2203,CID135401907
2204,CID135402864
2205,CID135403620
2206,CID135403646
2207,CID135403805
2208,CID135403821
2209,CID135403829
2210,CID135409400
2211,CID135409453
2212,CID135409642
2213,CID135410875
2214,CID135411
2215,CID135413494
2216,CID135413496
2217,CID135413504
2218,CID135413505
2219,CID135413511
2220,CID135413523
2221,CID135413534
2222,CID135413536
2223,CID135413538
2224,CID135413539
2225,CID135413545
2226,CID135415564
2227,CID135415867
2228,CID135418940
2229,CID135419190
2230,CID135421197
2231,CID135421442
2232,CID135423438
2233,CID135430323
2234,CID135430945
2235,CID135440386
2236,CID135440466
2237,CID135449331
2238,CID135449332
2239,CID135465539
2240,CID135473382
2241,CID135497698
2242,CID135526609
2243,CID135533054
2244,CID135539077
2245,CID135564531
2246,CID135564570
2247,CID135564599
2248,CID135564631
2249,CID135564749
2250,CID135564787
2251,CID135564864
2252,CID135564985
2253,CID135565082
2254,CID135565181
2255,CID135565545
2256,CID135565596
2257,CID135565635
2258,CID135565674
2259,CID135565884
2260,CID135565923
2261,CID135565981
2262,CID135567102
2263,CID135659062
2264,CID135705561
2265,CID1357397
2266,CID135742497
2267,CID135985126
2268,CID1361334
2269,CID136153010
2270,CID136173253
2271,CID136216943
2272,CID136237316
2273,CID136240579
2274,CID136257953
2275,CID1362865
2276,CID1367095
2277,CID13769
2278,CID13789
2279,CID13791
2280,CID1383884
2281,CID138402877
2282,CID138403267
2283,CID13943299
2284,CID13988706
2285,CID1400
2286,CID1401
2287,CID14010333
2288,CID14033269
2289,CID14051
2290,CID14052
2291,CID14240392
2292,CID144
2293,CID1461
2294,CID146570
2295,CID146571
2296,CID14676
2297,CID147569
2298,CID147912
2299,CID148121
2300,CID148124
2301,CID148177
2302,CID148195
2303,CID148198
2304,CID148201
2305,CID14825856
2306,CID14888
2307,CID149096
2308,CID14957
2309,CID14982
2310,CID14989
2311,CID150311
2312,CID15057856
2313,CID150762
2314,CID151075
2315,CID151115
2316,CID151118
2317,CID151166
2318,CID151170
2319,CID151171
2320,CID151178
2321,CID151183
2322,CID151194
2323,CID153270
2324,CID15331
2325,CID153994
2326,CID153997
2327,CID154059
2328,CID154234
2329,CID154256
2330,CID154257
2331,CID154272
2332,CID154417
2333,CID15443
2334,CID15459
2335,CID1546
2336,CID1548887
2337,CID1548943
2338,CID1548955
2339,CID1548972
2340,CID1549008
2341,CID1549120
2342,CID154943
2343,CID1550286
2344,CID155290
2345,CID15547703
2346,CID15558393
2347,CID155815
2348,CID15604015
2349,CID15605952
2350,CID156391
2351,CID156414
2352,CID156418
2353,CID156419
2354,CID156422
2355,CID15664
2356,CID15723
2357,CID157920
2358,CID158550
2359,CID158758
2360,CID158781
2361,CID158797
2362,CID159269
2363,CID159278
2364,CID159324
2365,CID159325
2366,CID15951529
2367,CID15953832
2368,CID15953870
2369,CID159594
2370,CID159603
2371,CID15983966
2372,CID159968
2373,CID16004692
2374,CID16007391
2375,CID160254
2376,CID160355
2377,CID16038120
2378,CID16038374
2379,CID16041424
2380,CID160436
2381,CID16048654
2382,CID16049404
2383,CID16051951
2384,CID16052038
2385,CID16070111
2386,CID16078973
2387,CID16078986
2388,CID16086114
2389,CID16095342
2390,CID16097523
2391,CID16097729
2392,CID16108977
2393,CID16118392
2394,CID16123056
2395,CID16124208
2396,CID16130140
2397,CID1615267
2398,CID161557
2399,CID16202152
2400,CID162147
2401,CID16216349
2402,CID16218900
2403,CID16218924
2404,CID16219612
2405,CID16220066
2406,CID16220172
2407,CID162204
2408,CID16222096
2409,CID16222097
2410,CID16222379
2411,CID16224745
2412,CID16231
2413,CID16307093
2414,CID163091
2415,CID163263
2416,CID163659
2417,CID16367
2418,CID163701
2419,CID163751
2420,CID164509
2421,CID164521
2422,CID164522
2423,CID164676
2424,CID16490
2425,CID16533
2426,CID165339223
2427,CID165411828
2428,CID165457
2429,CID165542
2430,CID165580
2431,CID16654980
2432,CID166558
2433,CID16659841
2434,CID16666332
2435,CID16666333
2436,CID16666708
2437,CID16667431
2438,CID16667669
2439,CID16678941
2440,CID16681698
2441,CID16718576
2442,CID16719221
2443,CID16720766
2444,CID16722832
2445,CID16722834
2446,CID16722836
2447,CID16723044
2448,CID16725726
2449,CID16736529
2450,CID16736978
2451,CID16738693
2452,CID16739650
2453,CID16741245
2454,CID16742063
2455,CID16747388
2456,CID16747683
2457,CID16755649
2458,CID16757846
2459,CID16757877
2460,CID16759173
2461,CID16759177
2462,CID16760658
2463,CID16760696
2464,CID16760703
2465,CID167980
2466,CID168430535
2467,CID168993
2468,CID169371
2469,CID170361
2470,CID170367
2471,CID17134
2472,CID171548
2473,CID17275
2474,CID173612
2475,CID174174
2476,CID174277
2477,CID17513
2478,CID175534
2479,CID17571905
2480,CID175805
2481,CID176155
2482,CID176158
2483,CID176167
2484,CID176517025
2485,CID17684448
2486,CID176870
2487,CID176871
2488,CID176873
2489,CID177335
2490,CID177336
2491,CID177358
2492,CID1775
2493,CID17751063
2494,CID17751819
2495,CID17754438
2496,CID17754765
2497,CID17755052
2498,CID17755248
2499,CID17756618
2500,CID177865
2501,CID178024
2502,CID1794427
2503,CID179651
2504,CID181458
2505,CID18283
2506,CID18343
2507,CID18542136
2508,CID188914
2509,CID189821
2510,CID190
2511,CID1901244
2512,CID19212
2513,CID192197
2514,CID1935
2515,CID19648
2516,CID19675
2517,CID196968
2518,CID196970
2519,CID1973
2520,CID1978
2521,CID1981
2522,CID1983
2523,CID1985
2524,CID1986
2525,CID19861
2526,CID198693
2527,CID1989
2528,CID1990
2529,CID19910
2530,CID200103
2531,CID20058
2532,CID20279
2533,CID204100
2534,CID2044
2535,CID2049
2536,CID2051
2537,CID20525
2538,CID20635522
2539,CID207841
2540,CID2082
2541,CID2083
2542,CID20849066
2543,CID2088
2544,CID208898
2545,CID208902
2546,CID208908
2547,CID20916937
2548,CID2092
2549,CID20933
2550,CID210172
2551,CID210332
2552,CID21081761
2553,CID2123
2554,CID2125
2555,CID2130
2556,CID213039
2557,CID213040
2558,CID2141
2559,CID214347
2560,CID214348
2561,CID2145
2562,CID21467
2563,CID2148
2564,CID2153
2565,CID2155
2566,CID2155128
2567,CID2157
2568,CID21585658
2569,CID2159
2570,CID2160
2571,CID2161
2572,CID2162
2573,CID216210
2574,CID216235
2575,CID216237
2576,CID216239
2577,CID216326
2578,CID216454
2579,CID216457
2580,CID216468
2581,CID2165
2582,CID2170
2583,CID21704
2584,CID21718
2585,CID2176
2586,CID21784
2587,CID2179
2588,CID21800
2589,CID2187
2590,CID219025
2591,CID219077
2592,CID219078
2593,CID219099
2594,CID219104
2595,CID2196
2596,CID2200
2597,CID22024915
2598,CID220401
2599,CID22049997
2600,CID2206
2601,CID221493
2602,CID222284
2603,CID222285
2604,CID22291652
2605,CID2230
2606,CID22386467
2607,CID22419
2608,CID2244
2609,CID22475
2610,CID2249
2611,CID22508903
2612,CID225362
2613,CID22570509
2614,CID22571
2615,CID22624897
2616,CID2265
2617,CID2267
2618,CID227456
2619,CID22833280
2620,CID2284
2621,CID22880
2622,CID229455
2623,CID2296132
2624,CID23009
2625,CID23063810
2626,CID2310
2627,CID23116321
2628,CID2315
2629,CID2327
2630,CID2331284
2631,CID2333
2632,CID2337
2633,CID2351
2634,CID2353
2635,CID2354
2636,CID2355
2637,CID23565
2638,CID23582824
2639,CID23625762
2640,CID23630211
2641,CID23634362
2642,CID23635314
2643,CID23642227
2644,CID23643975
2645,CID23653175
2646,CID23654923
2647,CID2366
2648,CID23662354
2649,CID23663126
2650,CID23663939
2651,CID23663941
2652,CID23663953
2653,CID23663956
2654,CID23663973
2655,CID23663974
2656,CID23663979
2657,CID23663991
2658,CID23663996
2659,CID23665411
2660,CID23666110
2661,CID23666879
2662,CID23667299
2663,CID23667548
2664,CID23667628
2665,CID23667630
2666,CID23668193
2667,CID23668834
2668,CID23671691
2669,CID23672584
2670,CID23674541
2671,CID23675320
2672,CID23679527
2673,CID23681059
2674,CID23681107
2675,CID23683671
2676,CID23685176
2677,CID23685177
2678,CID2369
2679,CID23696523
2680,CID237
2681,CID2370
2682,CID23711819
2683,CID23725083
2684,CID23725625
2685,CID2375
2686,CID2377
2687,CID2378
2688,CID238053
2689,CID2381
2690,CID2391
2691,CID2404
2692,CID2405
2693,CID24066
2694,CID240767
2695,CID2415
2696,CID24180125
2697,CID24180719
2698,CID24197464
2699,CID243
2700,CID2435
2701,CID24360
2702,CID2438
2703,CID2442
2704,CID2449
2705,CID2453
2706,CID2466
2707,CID247
2708,CID2471
2709,CID24720972
2710,CID24739943
2711,CID2474
2712,CID24748204
2713,CID24748573
2714,CID24753719
2715,CID24756910
2716,CID24764449
2717,CID24765037
2718,CID24767976
2719,CID24768261
2720,CID2477
2721,CID24770514
2722,CID24771824
2723,CID24771867
2724,CID24772860
2725,CID24775005
2726,CID24776050
2727,CID24776445
2728,CID24779724
2729,CID24779775
2730,CID2478
2731,CID24780598
2732,CID24785538
2733,CID24788636
2734,CID24788740
2735,CID24794418
2736,CID24795070
2737,CID24800108
2738,CID24800541
2739,CID24812758
2740,CID24821094
2741,CID24822275
2742,CID24825971
2743,CID24826799
2744,CID24840086
2745,CID24853505
2746,CID24856041
2747,CID24856436
2748,CID24857286
2749,CID24857323
2750,CID24858111
2751,CID24864132
2752,CID24864821
2753,CID24866313
2754,CID24866733
2755,CID24872560
2756,CID24879368
2757,CID24882589
2758,CID24883277
2759,CID24887371
2760,CID24889392
2761,CID24901704
2762,CID24905142
2763,CID24905149
2764,CID24906275
2765,CID249332
2766,CID24951314
2767,CID24958200
2768,CID24963252
2769,CID24964624
2770,CID24967599
2771,CID24978538
2772,CID24988881
2773,CID24995523
2774,CID24995524
2775,CID24996872
2776,CID25017411
2777,CID25019940
2778,CID25021165
2779,CID25022668
2780,CID25023738
2781,CID25027363
2782,CID25033539
2783,CID25050
2784,CID25062766
2785,CID25066467
2786,CID25067547
2787,CID25073775
2788,CID25093235
2789,CID25099184
2790,CID25102847
2791,CID25105690
2792,CID25108829
2793,CID25109292
2794,CID25109985
2795,CID25110841
2796,CID25113169
2797,CID25113626
2798,CID25113758
2799,CID25114442
2800,CID25117126
2801,CID25124816
2802,CID25125014
2803,CID25126798
2804,CID25127713
2805,CID25134326
2806,CID25134521
2807,CID25136944
2808,CID25137844
2809,CID25141092
2810,CID25145656
2811,CID25150857
2812,CID25151352
2813,CID25151504
2814,CID25154041
2815,CID25154713
2816,CID25154714
2817,CID25154867
2818,CID25167017
2819,CID25167777
2820,CID25168990
2821,CID25169382
2822,CID2518
2823,CID25183872
2824,CID2519
2825,CID25195294
2826,CID25195348
2827,CID25195352
2828,CID25199517
2829,CID2520
2830,CID25206185
2831,CID25207689
2832,CID25210273
2833,CID25226117
2834,CID25227436
2835,CID25227462
2836,CID25227847
2837,CID25229450
2838,CID25229526
2839,CID25235170
2840,CID25242324
2841,CID25249
2842,CID25253377
2843,CID25254071
2844,CID25256849
2845,CID25257557
2846,CID25260757
2847,CID25262792
2848,CID25262965
2849,CID25263033
2850,CID25265312
2851,CID252682
2852,CID253078
2853,CID2536
2854,CID2540
2855,CID2541
2856,CID2554
2857,CID2576
2858,CID2577
2859,CID2578
2860,CID2581
2861,CID2585
2862,CID259331
2863,CID259846
2864,CID26041
2865,CID260439
2866,CID26248
2867,CID265237
2868,CID26596
2869,CID2662
2870,CID26757
2871,CID26758
2872,CID2678
2873,CID2681
2874,CID2682
2875,CID26879
2876,CID26964
2877,CID2703
2878,CID2708
2879,CID2713
2880,CID2717
2881,CID2719
2882,CID2720
2883,CID27200
2884,CID2722
2885,CID2723601
2886,CID2723754
2887,CID2723920
2888,CID2724368
2889,CID2724385
2890,CID2725002
2891,CID2725048
2892,CID2726
2893,CID2727
2894,CID2729042
2895,CID2733
2896,CID2733525
2897,CID2733526
2898,CID27350
2899,CID27400
2900,CID2741
2901,CID2742550
2902,CID27447
2903,CID2746
2904,CID2747117
2905,CID2749
2906,CID27503
2907,CID275196
2908,CID2754
2909,CID2756
2910,CID2761171
2911,CID2762
2912,CID2763
2913,CID2764
2914,CID2765355
2915,CID2771
2916,CID2777
2917,CID2779853
2918,CID2787
2919,CID2794
2920,CID2796
2921,CID2797
2922,CID2797577
2923,CID2800
2924,CID2800647
2925,CID2801
2926,CID2803
2927,CID28061
2928,CID2809273
2929,CID2812
2930,CID2817763
2931,CID2819993
2932,CID2827646
2933,CID2828334
2934,CID2836600
2935,CID285033
2936,CID2882
2937,CID2882155
2938,CID2888648
2939,CID2893
2940,CID2895
2941,CID2900
2942,CID2907
2943,CID29112
2944,CID2913
2945,CID29243
2946,CID2926768
2947,CID2929
2948,CID29327
2949,CID2942
2950,CID2950007
2951,CID2968
2952,CID2984337
2953,CID29971118
2954,CID29985980
2955,CID3000322
2956,CID3000518
2957,CID3001055
2958,CID3002977
2959,CID3003141
2960,CID3003565
2961,CID300471
2962,CID3005572
2963,CID3006531
2964,CID3008319
2965,CID3009
2966,CID3009355
2967,CID3010818
2968,CID3011155
2969,CID3019
2970,CID3019427
2971,CID3023
2972,CID3025
2973,CID3025944
2974,CID3025961
2975,CID3025986
2976,CID3032
2977,CID30323
2978,CID3032474
2979,CID3032771
2980,CID3033050
2981,CID3033825
2982,CID3033968
2983,CID3034010
2984,CID3034034
2985,CID3035714
2986,CID3035850
2987,CID3036505
2988,CID3037209
2989,CID3038
2990,CID3038502
2991,CID3038517
2992,CID3038522
2993,CID3038525
2994,CID3040551
2995,CID3042
2996,CID3045381
2997,CID3047796
2998,CID3052
2999,CID3052762
3000,CID3052775
3001,CID3055
3002,CID3062316
3003,CID3071
3004,CID30751
3005,CID3081361
3006,CID3085092
3007,CID3085326
3008,CID3099980
3009,CID3100
3010,CID3101542
3011,CID310360
3012,CID31072
3013,CID3108
3014,CID3114
3015,CID311434
3016,CID3117
3017,CID3121
3018,CID31211
3019,CID31239
3020,CID31401
3021,CID31411
3022,CID3151
3023,CID31553
3024,CID3156
3025,CID3157
3026,CID3158
3027,CID3162
3028,CID3168
3029,CID3169
3030,CID31703
3031,CID3180
3032,CID3182
3033,CID3191
3034,CID3198
3035,CID3203
3036,CID32169
3037,CID3218
3038,CID3220
3039,CID3229
3040,CID323
3041,CID32343
3042,CID3241
3043,CID327653
3044,CID32798
3045,CID3291
3046,CID33036
3047,CID3308
3048,CID3324
3049,CID3326
3050,CID3330
3051,CID3331
3052,CID3333
3053,CID3336
3054,CID3339
3055,CID3341
3056,CID3342
3057,CID3348
3058,CID3354
3059,CID3356
3060,CID3357
3061,CID33613
3062,CID3362
3063,CID33624
3064,CID3365
3065,CID3366
3066,CID3367
3067,CID3371
3068,CID3372
3069,CID3372016
3070,CID3373
3071,CID3374
3072,CID3378093
3073,CID3385
3074,CID3386
3075,CID3392731
3076,CID3394
3077,CID3396
3078,CID3397
3079,CID3406
3080,CID3410
3081,CID3415
3082,CID34312
3083,CID34359
3084,CID3440
3085,CID344265
3086,CID34458
3087,CID3446
3088,CID3463
3089,CID34633
3090,CID346721
3091,CID3468
3092,CID3474778
3093,CID3475
3094,CID3476
3095,CID3476986
3096,CID3478
3097,CID3488
3098,CID3499
3099,CID3501
3100,CID35028115
3101,CID3503
3102,CID3516
3103,CID3519
3104,CID3520
3105,CID352500
3106,CID35370
3107,CID354624
3108,CID3547
3109,CID3549
3110,CID3549980
3111,CID3559
3112,CID356653
3113,CID3570748
3114,CID35802
3115,CID358177
3116,CID36294
3117,CID36314
3118,CID3637
3119,CID3639
3120,CID36462
3121,CID3651377
3122,CID3652
3123,CID3654103
3124,CID3657
3125,CID3658
3126,CID36708
3127,CID3672
3128,CID3675
3129,CID3676
3130,CID3678
3131,CID36811
3132,CID3686
3133,CID3689
3134,CID3690
3135,CID3696
3136,CID3702
3137,CID3712
3138,CID3715
3139,CID37392
3140,CID37393
3141,CID374536
3142,CID3747
3143,CID3749
3144,CID3752
3145,CID37542
3146,CID3760
3147,CID3767
3148,CID3779
3149,CID3784
3150,CID379077
3151,CID3795
3152,CID38103
3153,CID3821
3154,CID3822
3155,CID3825
3156,CID3825829
3157,CID3826
3158,CID3827
3159,CID3830
3160,CID3838
3161,CID38521
3162,CID387447
3163,CID3878
3164,CID3883
3165,CID3885
3166,CID38853
3167,CID38911
3168,CID3899
3169,CID3902
3170,CID39042
3171,CID39186
3172,CID3922
3173,CID3926
3174,CID392622
3175,CID393111
3176,CID3932
3177,CID3938007
3178,CID394397
3179,CID3948
3180,CID3950
3181,CID3955
3182,CID39562
3183,CID3957
3184,CID3964
3185,CID3973
3186,CID39764
3187,CID397888
3188,CID398148
3189,CID3994
3190,CID399465
3191,CID4006
3192,CID400633
3193,CID400769
3194,CID4008
3195,CID4011
3196,CID4021
3197,CID4030
3198,CID4032
3199,CID4033
3200,CID4034
3201,CID4037
3202,CID4044
3203,CID4046
3204,CID405012
3205,CID4054
3206,CID4055
3207,CID4057
3208,CID4060
3209,CID4062
3210,CID40632
3211,CID406563
3212,CID4068248
3213,CID4075
3214,CID4075607
3215,CID4076092
3216,CID40854
3217,CID4091
3218,CID4096211
3219,CID409805
3220,CID4100
3221,CID4101
3222,CID41022
3223,CID4107
3224,CID41114
3225,CID4114
3226,CID4121
3227,CID4122
3228,CID4139
3229,CID4165
3230,CID41684
3231,CID4170
3232,CID4171
3233,CID4173
3234,CID4178
3235,CID41781
3236,CID4184
3237,CID41867
3238,CID4189
3239,CID4194514
3240,CID4197
3241,CID4201
3242,CID4205
3243,CID4210951
3244,CID4211
3245,CID4212
3246,CID4216
3247,CID421610
3248,CID4219798
3249,CID4235
3250,CID4248455
3251,CID4259181
3252,CID42596951
3253,CID42598643
3254,CID42609626
3255,CID42609849
3256,CID4261
3257,CID42611257
3258,CID42623900
3259,CID42623951
3260,CID42627755
3261,CID42628503
3262,CID42636535
3263,CID42640
3264,CID42642645
3265,CID42642648
3266,CID42642654
3267,CID42647289
3268,CID43116
3269,CID43231
3270,CID4331799
3271,CID4369359
3272,CID43815
3273,CID439246
3274,CID439260
3275,CID439280
3276,CID439501
3277,CID439503
3278,CID439518
3279,CID439533
3280,CID439647
3281,CID439693
3282,CID4409
3283,CID44093
3284,CID440936
3285,CID4410
3286,CID441074
3287,CID441130
3288,CID441140
3289,CID441207
3290,CID441242
3291,CID441244
3292,CID4413
3293,CID441300
3294,CID441302
3295,CID441307
3296,CID441308
3297,CID441314
3298,CID441325
3299,CID441328
3300,CID441336
3301,CID441344
3302,CID441350
3303,CID441351
3304,CID44135961
3305,CID441361
3306,CID44137675
3307,CID44137946
3308,CID44139710
3309,CID441401
3310,CID441404
3311,CID44143209
3312,CID44143370
3313,CID44155856
3314,CID44156902
3315,CID44156921
3316,CID4418
3317,CID44180156
3318,CID44181686
3319,CID44182295
3320,CID44182398
3321,CID44187
3322,CID44187362
3323,CID44187953
3324,CID44191096
3325,CID44195571
3326,CID44195701
3327,CID44199317
3328,CID442021
3329,CID44205240
3330,CID44206063
3331,CID442088
3332,CID4421
3333,CID44219749
3334,CID44224257
3335,CID44225877
3336,CID44237094
3337,CID44240850
3338,CID442424
3339,CID442428
3340,CID442439
3341,CID44246499
3342,CID44247466
3343,CID44250175
3344,CID442514
3345,CID44251605
3346,CID442534
3347,CID44259
3348,CID442614
3349,CID442972
3350,CID44315352
3351,CID443289
3352,CID44329754
3353,CID443354
3354,CID443382
3355,CID443390
3356,CID44341259
3357,CID443593
3358,CID4436
3359,CID44383
3360,CID443867
3361,CID443872
3362,CID443873
3363,CID443878
3364,CID443936
3365,CID443939
3366,CID443943
3367,CID443955
3368,CID444
3369,CID4440
3370,CID444020
3371,CID444025
3372,CID444030
3373,CID444031
3374,CID444036
3375,CID44403842
3376,CID44404825
3377,CID44421596
3378,CID44424838
3379,CID44451493
3380,CID44457280
3381,CID44462758
3382,CID44462760
3383,CID444679
3384,CID44469321
3385,CID444732
3386,CID44475014
3387,CID444795
3388,CID44480399
3389,CID44483163
3390,CID445154
3391,CID44516953
3392,CID44519124
3393,CID44543605
3394,CID44545852
3395,CID44551660
3396,CID44561
3397,CID445643
3398,CID44573504
3399,CID445858
3400,CID44592366
3401,CID44595079
3402,CID44599207
3403,CID44599690
3404,CID44603362
3405,CID44603533
3406,CID4460695
3407,CID44607360
3408,CID44607530
3409,CID44607531
3410,CID446156
3411,CID4463
3412,CID44631912
3413,CID44632017
3414,CID446378
3415,CID446541
3416,CID446598
3417,CID446727
3418,CID446738
3419,CID446987
3420,CID447043
3421,CID447077
3422,CID4472
3423,CID447371
3424,CID4474
3425,CID4477
3426,CID447865
3427,CID447905
3428,CID447912
3429,CID447966
3430,CID448013
3431,CID448014
3432,CID448042
3433,CID448055
3434,CID44814409
3435,CID44828492
3436,CID4485
3437,CID448537
3438,CID448545
3439,CID4486
3440,CID448601
3441,CID448799
3442,CID4488
3443,CID448812
3444,CID448949
3445,CID448991
3446,CID449035
3447,CID449054
3448,CID449069
3449,CID449171
3450,CID449193
3451,CID449241
3452,CID4493
3453,CID449381
3454,CID4494
3455,CID4495
3456,CID4497
3457,CID4499
3458,CID45027820
3459,CID4507
3460,CID45101433
3461,CID4513
3462,CID45139106
3463,CID451415
3464,CID451668
3465,CID4521392
3466,CID452548
3467,CID45270144
3468,CID45279469
3469,CID453548
3470,CID45375808
3471,CID45375887
3472,CID45375953
3473,CID4539
3474,CID454194
3475,CID454216
3476,CID45480520
3477,CID456199
3478,CID456214
3479,CID456389
3480,CID4566
3481,CID457193
3482,CID45784923
3483,CID4583
3484,CID4593
3485,CID4594
3486,CID45942672
3487,CID4595
3488,CID459617
3489,CID4601
3490,CID460612
3491,CID461399
3492,CID4614
3493,CID46173038
3494,CID46175189
3495,CID46180666
3496,CID46184986
3497,CID46188928
3498,CID46189838
3499,CID46191454
3500,CID46192505
3501,CID46199207
3502,CID46199646
3503,CID46209401
3504,CID46209426
3505,CID4621
3506,CID46213929
3507,CID46214930
3508,CID46215462
3509,CID46215815
3510,CID46216556
3511,CID46216796
3512,CID4622
3513,CID46220502
3514,CID46224413
3515,CID46224516
3516,CID46232606
3517,CID462382
3518,CID46239014
3519,CID46239015
3520,CID46241268
3521,CID46242512
3522,CID46244454
3523,CID46245047
3524,CID46245328
3525,CID4633
3526,CID4634
3527,CID4636
3528,CID46398810
3529,CID4641
3530,CID4649
3531,CID4659569
3532,CID46700756
3533,CID4674
3534,CID46742353
3535,CID4679
3536,CID4680
3537,CID46832368
3538,CID46834118
3539,CID46836227
3540,CID46843772
3541,CID46843906
3542,CID468595
3543,CID46866705
3544,CID46870258
3545,CID4688
3546,CID46883536
3547,CID46885626
3548,CID46898058
3549,CID46907787
3550,CID46909588
3551,CID46911017
3552,CID46911228
3553,CID46911863
3554,CID46912230
3555,CID46916694
3556,CID46918825
3557,CID46925884
3558,CID46926062
3559,CID46926350
3560,CID46926973
3561,CID46927888
3562,CID46930984
3563,CID46930992
3564,CID46930998
3565,CID46931003
3566,CID46931953
3567,CID46933992
3568,CID46934289
3569,CID46940575
3570,CID46943432
3571,CID46944259
3572,CID470375
3573,CID4705
3574,CID4708
3575,CID4713
3576,CID47320
3577,CID4735
3578,CID4746
3579,CID47471
3580,CID47472
3581,CID47528
3582,CID4756
3583,CID4760
3584,CID4761
3585,CID4768
3586,CID476861
3587,CID47751
3588,CID4781
3589,CID47811
3590,CID47812
3591,CID4784
3592,CID47866
3593,CID4787937
3594,CID4788
3595,CID47936
3596,CID479503
3597,CID4810
3598,CID4823
3599,CID4829
3600,CID483477
3601,CID483926009
3602,CID4842
3603,CID4843
3604,CID4855
3605,CID4858
3606,CID4875
3607,CID4878
3608,CID4881
3609,CID4887
3610,CID4888
3611,CID4891
3612,CID4893
3613,CID4906
3614,CID4908
3615,CID4908365
3616,CID4909
3617,CID4911
3618,CID4912
3619,CID4914
3620,CID4915
3621,CID4917
3622,CID4919
3623,CID4922
3624,CID492405
3625,CID493027
3626,CID4932
3627,CID4935
3628,CID493570
3629,CID4943
3630,CID4946
3631,CID49766501
3632,CID49769085
3633,CID49777740
3634,CID49784945
3635,CID4979942
3636,CID49803313
3637,CID49806720
3638,CID49830258
3639,CID49830260
3640,CID49831008
3641,CID49831257
3642,CID49836020
3643,CID49836027
3644,CID49836058
3645,CID49837968
3646,CID49841217
3647,CID49843509
3648,CID49843531
3649,CID49846579
3650,CID49848070
3651,CID49849912
3652,CID49850262
3653,CID49852229
3654,CID49852941
3655,CID49855250
3656,CID49864204
3657,CID49867926
3658,CID49867928
3659,CID49867930
3660,CID49867936
3661,CID4991
3662,CID4993
3663,CID4996
3664,CID5002
3665,CID5003929
3666,CID5018304
3667,CID5034
3668,CID5035
3669,CID5042
3670,CID504670
3671,CID50515
3672,CID5052
3673,CID5056
3674,CID5070
3675,CID5071
3676,CID5073
3677,CID5078
3678,CID5081913
3679,CID50878566
3680,CID5090
3681,CID50905018
3682,CID50905713
3683,CID50909779
3684,CID5092
3685,CID50922675
3686,CID50922691
3687,CID5094
3688,CID50942
3689,CID5095
3690,CID50985821
3691,CID51000408
3692,CID51001932
3693,CID51003603
3694,CID51031035
3695,CID51033720
3696,CID51038269
3697,CID51039095
3698,CID51040
3699,CID51042438
3700,CID51066577
3701,CID51081
3702,CID51082
3703,CID5113032
3704,CID512282
3705,CID51346120
3706,CID51346455
3707,CID51358113
3708,CID51371303
3709,CID515328
3710,CID5160
3711,CID5161
3712,CID5163
3713,CID51634
3714,CID5169
3715,CID51712
3716,CID517321
3717,CID51754
3718,CID517546
3719,CID51755
3720,CID5186
3721,CID521106
3722,CID5215
3723,CID5253
3724,CID5277135
3725,CID5278396
3726,CID5280343
3727,CID5280360
3728,CID5280373
3729,CID5280443
3730,CID5280445
3731,CID5280453
3732,CID5280489
3733,CID5280567
3734,CID5280569
3735,CID5280723
3736,CID5280793
3737,CID5280795
3738,CID5280805
3739,CID5280863
3740,CID5280961
3741,CID5281004
3742,CID5281025
3743,CID5281032
3744,CID5281033
3745,CID5281034
3746,CID5281040
3747,CID5281056
3748,CID5281064
3749,CID5281065
3750,CID5281066
3751,CID5281067
3752,CID5281068
3753,CID5281069
3754,CID5281078
3755,CID5281081
3756,CID5281107
3757,CID5281222
3758,CID5281304
3759,CID5281321
3760,CID5281377
3761,CID5281417
3762,CID5281437
3763,CID5281511
3764,CID5281605
3765,CID5281607
3766,CID5281613
3767,CID5281614
3768,CID5281672
3769,CID5281673
3770,CID5281708
3771,CID5281718
3772,CID5281787
3773,CID5281807
3774,CID5281855
3775,CID5281884
3776,CID5281915
3777,CID5281929
3778,CID5282049
3779,CID5282054
3780,CID5282136
3781,CID5282138
3782,CID5282139
3783,CID5282181
3784,CID5282226
3785,CID5282230
3786,CID5282379
3787,CID5282386
3788,CID5282402
3789,CID5282407
3790,CID5282408
3791,CID5282440
3792,CID5282451
3793,CID5282455
3794,CID5282458
3795,CID5282474
3796,CID5282481
3797,CID5282521
3798,CID5283066
3799,CID5283731
3800,CID5283820
3801,CID5284329
3802,CID5284330
3803,CID5284360
3804,CID5284373
3805,CID5284419
3806,CID5284441
3807,CID5284443
3808,CID5284447
3809,CID5284452
3810,CID5284513
3811,CID5284549
3812,CID5284583
3813,CID5284587
3814,CID5284592
3815,CID5284596
3816,CID5284613
3817,CID5284616
3818,CID5284627
3819,CID5284631
3820,CID5287541
3821,CID5287620
3822,CID5287792
3823,CID5287855
3824,CID5287969
3825,CID5288149
3826,CID5288209
3827,CID5288382
3828,CID5289394
3829,CID5289418
3830,CID5289501
3831,CID5291
3832,CID52912189
3833,CID52912222
3834,CID52913813
3835,CID52934180
3836,CID52934829
3837,CID52938427
3838,CID52943938
3839,CID52947716
3840,CID52948550
3841,CID5310939
3842,CID5310966
3843,CID5310993
3844,CID5311
3845,CID5311007
3846,CID5311027
3847,CID5311037
3848,CID5311066
3849,CID5311068
3850,CID5311167
3851,CID5311180
3852,CID5311181
3853,CID5311194
3854,CID5311217
3855,CID5311272
3856,CID5311309
3857,CID5311339
3858,CID5311345
3859,CID5311382
3860,CID5311497
3861,CID5311510
3862,CID5312122
3863,CID5312125
3864,CID5312149
3865,CID5316290
3866,CID5318517
3867,CID5318997
3868,CID5321010
3869,CID5321018
3870,CID53232
3871,CID53235510
3872,CID5323714
3873,CID5324
3874,CID53240420
3875,CID5324346
3876,CID53245636
3877,CID53248764
3878,CID5325
3879,CID53252516
3880,CID5326
3881,CID53262401
3882,CID5326956
3883,CID5327
3884,CID53276
3885,CID5327686
3886,CID5327721
3887,CID5327916
3888,CID5328
3889,CID5328779
3890,CID5328940
3891,CID5329
3892,CID5329006
3893,CID5329098
3894,CID5329099
3895,CID5329102
3896,CID5329106
3897,CID5330
3898,CID53302361
3899,CID5330286
3900,CID5330790
3901,CID53315868
3902,CID53315882
3903,CID53316140
3904,CID53316142
3905,CID53322732
3906,CID53322923
3907,CID53325875
3908,CID5333
3909,CID53340426
3910,CID53340666
3911,CID53340771
3912,CID53344620
3913,CID53348204
3914,CID5335
3915,CID53355503
3916,CID5335621
3917,CID53356806
3918,CID53358942
3919,CID53359
3920,CID5336
3921,CID5337997
3922,CID53380437
3923,CID53387035
3924,CID53388144
3925,CID5339
3926,CID53396311
3927,CID53396328
3928,CID53398697
3929,CID53401057
3930,CID5342
3931,CID53469059
3932,CID53469448
3933,CID53484170
3934,CID53494972
3935,CID53495165
3936,CID5351307
3937,CID5351344
3938,CID5352062
3939,CID5353431
3940,CID5353852
3941,CID5355
3942,CID5358
3943,CID5359
3944,CID5360373
3945,CID5360515
3946,CID5360696
3947,CID5361
3948,CID5362123
3949,CID5362124
3950,CID5362129
3951,CID5362376
3952,CID5362420
3953,CID5362422
3954,CID5379
3955,CID5381
3956,CID5386
3957,CID5388961
3958,CID5388983
3959,CID5394
3960,CID5401
3961,CID5405
3962,CID5417
3963,CID54259
3964,CID5426
3965,CID54260
3966,CID5429
3967,CID5430
3968,CID54360
3969,CID54454
3970,CID5452
3971,CID5453
3972,CID54575456
3973,CID54576693
3974,CID5458190
3975,CID54585
3976,CID5459110
3977,CID5459308
3978,CID5459840
3979,CID5460033
3980,CID54608520
3981,CID54611422
3982,CID5462501
3983,CID5464025
3984,CID5464092
3985,CID54670067
3986,CID54671008
3987,CID54671203
3988,CID54675769
3989,CID54675776
3990,CID54675779
3991,CID54675783
3992,CID54676228
3993,CID54676905
3994,CID54677470
3995,CID54677946
3996,CID54677971
3997,CID54677973
3998,CID54678486
3999,CID54678490
4000,CID54678924
4001,CID54679224
4002,CID54680660
4003,CID54680692
4004,CID54682876
4005,CID54684141
4006,CID54685215
4007,CID54686904
4008,CID54690031
4009,CID5469318
4010,CID54698642
4011,CID54704426
4012,CID54706679
4013,CID54708532
4014,CID5472
4015,CID54726191
4016,CID54765302
4017,CID54766013
4018,CID5477212
4019,CID5478883
4020,CID5478927
4021,CID5479
4022,CID5480230
4023,CID5482
4024,CID5483
4025,CID5483090
4026,CID54840
4027,CID54841
4028,CID5484444
4029,CID5485201
4030,CID5486699
4031,CID5486971
4032,CID5487
4033,CID5487426
4034,CID5488548
4035,CID54889
4036,CID54891
4037,CID54892
4038,CID54900
4039,CID5493444
4040,CID5494425
4041,CID5494449
4042,CID5495818
4043,CID5504
4044,CID5505
4045,CID5509
4046,CID5510
4047,CID55182
4048,CID55245
4049,CID5526
4050,CID55283
4051,CID5530
4052,CID55329
4053,CID5533
4054,CID5546
4055,CID5560
4056,CID5564
4057,CID5566
4058,CID5568
4059,CID5572
4060,CID5574924
4061,CID5577
4062,CID5578
4063,CID5583
4064,CID5585
4065,CID5587
4066,CID5591
4067,CID5593
4068,CID56031
4069,CID56069
4070,CID5614
4071,CID56207
4072,CID56208
4073,CID56329
4074,CID56330
4075,CID564
4076,CID56463
4077,CID5656
4078,CID56599293
4079,CID56599306
4080,CID56603532
4081,CID56645356
4082,CID56645961
4083,CID56649281
4084,CID56649450
4085,CID56650312
4086,CID56654642
4087,CID56682557
4088,CID56704
4089,CID56832449
4090,CID5684
4091,CID568416
4092,CID56843850
4093,CID56844015
4094,CID56846691
4095,CID56846693
4096,CID5694
4097,CID56941241
4098,CID56944144
4099,CID56948527
4100,CID56949412
4101,CID56949517
4102,CID56953649
4103,CID56956240
4104,CID56959
4105,CID56960363
4106,CID56960447
4107,CID56962337
4108,CID56963315
4109,CID56965901
4110,CID56965963
4111,CID56968072
4112,CID56973724
4113,CID5702160
4114,CID5702220
4115,CID5702541
4116,CID57030
4117,CID5709
4118,CID5712
4119,CID5717
4120,CID5717801
4121,CID5719
4122,CID572
4123,CID5720
4124,CID5730
4125,CID57327016
4126,CID57335384
4127,CID57336514
4128,CID57336745
4129,CID57336812
4130,CID57339144
4131,CID57339395
4132,CID5734
4133,CID57340685
4134,CID57345410
4135,CID57345941
4136,CID57353643
4137,CID57363
4138,CID57379345
4139,CID57381425
4140,CID57394021
4141,CID57412684
4142,CID5742
4143,CID5742832
4144,CID5743
4145,CID57441923
4146,CID5745
4147,CID5746
4148,CID57469
4149,CID5748
4150,CID5748293
4151,CID57519505
4152,CID57519508
4153,CID57519509
4154,CID57519510
4155,CID57519512
4156,CID57519517
4157,CID57519518
4158,CID57519522
4159,CID57519523
4160,CID57519524
4161,CID57519526
4162,CID57519527
4163,CID57519528
4164,CID57519529
4165,CID57519531
4166,CID57519533
4167,CID57519535
4168,CID57519537
4169,CID57519538
4170,CID57519540
4171,CID57519541
4172,CID57519542
4173,CID57519543
4174,CID57519544
4175,CID57519546
4176,CID57519547
4177,CID57519549
4178,CID57519550
4179,CID57519551
4180,CID57519554
4181,CID57519555
4182,CID57519748
4183,CID5754
4184,CID5755
4185,CID5756
4186,CID5757
4187,CID5763
4188,CID57662985
4189,CID5770
4190,CID5775
4191,CID5780
4192,CID5790
4193,CID57928403
4194,CID5795
4195,CID5799
4196,CID57990869
4197,CID5803
4198,CID5813717
4199,CID5815
4200,CID5816
4201,CID5819
4202,CID58204997
4203,CID58221879
4204,CID58298318
4205,CID58299817
4206,CID5831
4207,CID5833
4208,CID5834
4209,CID5849
4210,CID58507717
4211,CID58539301
4212,CID58573469
4213,CID5865
4214,CID5870
4215,CID5878
4216,CID5881
4217,CID5905
4218,CID5909
4219,CID5910
4220,CID59174488
4221,CID59174579
4222,CID5920
4223,CID59239165
4224,CID5924208
4225,CID5935
4226,CID59397065
4227,CID59422203
4228,CID59437537
4229,CID5944
4230,CID59472121
4231,CID5959
4232,CID59599728
4233,CID59603622
4234,CID59604787
4235,CID59634741
4236,CID59669121
4237,CID59691338
4238,CID5970
4239,CID5974
4240,CID59757974
4241,CID59768
4242,CID59772
4243,CID5978
4244,CID59783754
4245,CID5991
4246,CID5994
4247,CID5995
4248,CID60060499
4249,CID6009
4250,CID6010
4251,CID60119583
4252,CID6013
4253,CID60138149
4254,CID60147023
4255,CID60160561
4256,CID60164
4257,CID60167648
4258,CID60167849
4259,CID6018
4260,CID6019
4261,CID60195218
4262,CID60196195
4263,CID60196281
4264,CID60196361
4265,CID60198
4266,CID60199242
4267,CID60202647
4268,CID6029
4269,CID6032
4270,CID6041
4271,CID60464
4272,CID6047
4273,CID6048
4274,CID60490
4275,CID60560
4276,CID6058
4277,CID60602
4278,CID60606
4279,CID60648
4280,CID60651
4281,CID60652
4282,CID60656
4283,CID60699
4284,CID60700
4285,CID60703
4286,CID6072
4287,CID60726
4288,CID60749
4289,CID60750
4290,CID60753
4291,CID60795
4292,CID60803
4293,CID60810
4294,CID60822
4295,CID60825
4296,CID60834
4297,CID60835
4298,CID60837
4299,CID60838
4300,CID60846
4301,CID60854
4302,CID60855
4303,CID60857
4304,CID60871
4305,CID60875
4306,CID60877
4307,CID60934
4308,CID60953
4309,CID60961
4310,CID60974
4311,CID6099
4312,CID6100
4313,CID6103
4314,CID610479
4315,CID6135
4316,CID6151
4317,CID616236
4318,CID6167
4319,CID6172
4320,CID6175
4321,CID6178111
4322,CID6194
4323,CID6197
4324,CID62074
4325,CID6209
4326,CID6215
4327,CID6230
4328,CID6234
4329,CID6239
4330,CID6240
4331,CID6241
4332,CID6251
4333,CID6252
4334,CID6253
4335,CID6256
4336,CID62705067
4337,CID62770
4338,CID6279
4339,CID62857
4340,CID62859
4341,CID62878
4342,CID62886
4343,CID62907
4344,CID6291
4345,CID62920
4346,CID6293
4347,CID62935
4348,CID62969
4349,CID62978
4350,CID63002
4351,CID63009
4352,CID6301
4353,CID6321424
4354,CID63224
4355,CID6323266
4356,CID6325199
4357,CID6328657
4358,CID6337614
4359,CID636362
4360,CID636375
4361,CID636377
4362,CID636402
4363,CID636403
4364,CID637568
4365,CID638024
4366,CID638278
4367,CID6398764
4368,CID64139
4369,CID64150
4370,CID6419718
4371,CID6419954
4372,CID6420013
4373,CID6420023
4374,CID6420040
4375,CID6420138
4376,CID6422124
4377,CID6433118
4378,CID6433119
4379,CID6433151
4380,CID6435335
4381,CID6435415
4382,CID6436
4383,CID6436173
4384,CID6436208
4385,CID6436223
4386,CID6437368
4387,CID6437380
4388,CID6437877
4389,CID6438130
4390,CID6440181
4391,CID6440352
4392,CID644213
4393,CID644215
4394,CID6442177
4395,CID644241
4396,CID644243
4397,CID644274
4398,CID6444206
4399,CID6444692
4400,CID6445533
4401,CID6445540
4402,CID6445562
4403,CID6450522
4404,CID6450551
4405,CID6450819
4406,CID6450830
4407,CID6451164
4408,CID6456015
4409,CID6461
4410,CID64646
4411,CID64713
4412,CID64715
4413,CID64737
4414,CID6473881
4415,CID6473883
4416,CID6476900
4417,CID64945
4418,CID64982
4419,CID65014
4420,CID65015
4421,CID65016
4422,CID65028
4423,CID6503
4424,CID6505803
4425,CID65064
4426,CID6509979
4427,CID6518171
4428,CID6519698
4429,CID65264
4430,CID65328
4431,CID65335
4432,CID65341
4433,CID65348
4434,CID65373
4435,CID65399
4436,CID6539952
4437,CID65411
4438,CID65483
4439,CID65495
4440,CID65625
4441,CID65628
4442,CID65632
4443,CID656583
4444,CID656586
4445,CID65663
4446,CID656631
4447,CID656665
4448,CID656667
4449,CID656867
4450,CID656954
4451,CID65709
4452,CID657201
4453,CID657237
4454,CID65725
4455,CID657298
4456,CID657302
4457,CID65752
4458,CID65777
4459,CID65833
4460,CID65906
4461,CID65944
4462,CID65948
4463,CID65958
4464,CID65981
4465,CID65999
4466,CID6604165
4467,CID6604437
4468,CID6604561
4469,CID6604870
4470,CID6605258
4471,CID66062
4472,CID66064
4473,CID6610318
4474,CID6613
4475,CID66136
4476,CID66144
4477,CID66249
4478,CID66259
4479,CID66414
4480,CID66558287
4481,CID66558664
4482,CID66577006
4483,CID66577038
4484,CID66598080
4485,CID66613669
4486,CID666418
4487,CID66646767
4488,CID667467
4489,CID667476
4490,CID667484
4491,CID667490
4492,CID667493
4493,CID6675804
4494,CID667639
4495,CID66774402
4496,CID67081200
4497,CID6710614
4498,CID6710658
4499,CID67171867
4500,CID672296
4501,CID6726
4502,CID67310049
4503,CID67356
4504,CID6741
4505,CID67462786
4506,CID67469084
4507,CID67469117
4508,CID6746983
4509,CID67501411
4510,CID67533
4511,CID6758
4512,CID676352
4513,CID67983918
4514,CID68060125
4515,CID68077
4516,CID681
4517,CID68107965
4518,CID68165256
4519,CID68210102
4520,CID68234129
4521,CID68304
4522,CID68313
4523,CID6839
4524,CID6850808
4525,CID6851740
4526,CID6852167
4527,CID68539
4528,CID68540
4529,CID68546
4530,CID68553
4531,CID6857732
4532,CID68589
4533,CID68591
4534,CID68601
4535,CID68617
4536,CID68624
4537,CID68626
4538,CID68643
4539,CID68647
4540,CID68654
4541,CID68712
4542,CID68727
4543,CID68740
4544,CID6878030
4545,CID68827
4546,CID688272
4547,CID6883
4548,CID68844
4549,CID68853159
4550,CID688563
4551,CID68861
4552,CID68871
4553,CID68873
4554,CID6890
4555,CID68911
4556,CID68938909
4557,CID6912
4558,CID6914273
4559,CID6914657
4560,CID6914666
4561,CID6915744
4562,CID6915944
4563,CID6917698
4564,CID6917715
4565,CID6917797
4566,CID6917864
4567,CID6917875
4568,CID6917907
4569,CID6918029
4570,CID6918078
4571,CID6918132
4572,CID6918178
4573,CID6918182
4574,CID6918223
4575,CID6918265
4576,CID6918289
4577,CID6918296
4578,CID6918313
4579,CID6918314
4580,CID6918386
4581,CID6918405
4582,CID6918427
4583,CID6918446
4584,CID6918454
4585,CID6918456
4586,CID6918462
4587,CID6918493
4588,CID6918537
4589,CID6918540
4590,CID6918554
4591,CID6918558
4592,CID6918638
4593,CID6918663
4594,CID6918664
4595,CID6918670
4596,CID6918678
4597,CID6918736
4598,CID6918788
4599,CID6918837
4600,CID6918848
4601,CID6918852
4602,CID69923936
4603,CID70004430
4604,CID701891
4605,CID7020
4606,CID704473
4607,CID7048968
4608,CID70676303
4609,CID70679466
4610,CID70684
4611,CID70687193
4612,CID70701134
4613,CID70789348
4614,CID70789547
4615,CID70798655
4616,CID70817911
4617,CID70914230
4618,CID70934541
4619,CID70945511
4620,CID70983932
4621,CID70983934
4622,CID7108
4623,CID71157
4624,CID71158
4625,CID71183
4626,CID71188
4627,CID71226662
4628,CID71268957
4629,CID71271629
4630,CID71279
4631,CID71291068
4632,CID71295844
4633,CID71295845
4634,CID71300295
4635,CID71301
4636,CID71304818
4637,CID71307851
4638,CID71329
4639,CID71339
4640,CID71352
4641,CID71354
4642,CID71360
4643,CID71384
4644,CID71386
4645,CID71398
4646,CID71399
4647,CID71420
4648,CID71478
4649,CID71479709
4650,CID71481097
4651,CID71485
4652,CID71492799
4653,CID71494949
4654,CID71496458
4655,CID71496742
4656,CID71521142
4657,CID71523377
4658,CID71543365
4659,CID71557891
4660,CID71571306
4661,CID71571562
4662,CID71587153
4663,CID71599640
4664,CID71600087
4665,CID71601111
4666,CID71604307
4667,CID71607189
4668,CID71616
4669,CID71651
4670,CID71657455
4671,CID71660551
4672,CID71664305
4673,CID71668
4674,CID7172
4675,CID71721540
4676,CID71729975
4677,CID71731823
4678,CID71748056
4679,CID71764
4680,CID71773
4681,CID71774
4682,CID71811910
4683,CID71815
4684,CID71916
4685,CID71992
4686,CID72092
4687,CID72139
4688,CID72172
4689,CID72188603
4690,CID72200024
4691,CID72201027
4692,CID72271
4693,CID72281
4694,CID72295940
4695,CID72300
4696,CID72307
4697,CID72311
4698,CID72327
4699,CID72344
4700,CID72435
4701,CID72547474
4702,CID72547959
4703,CID72551585
4704,CID72551586
4705,CID72686
4706,CID72699186
4707,CID72709209
4708,CID72710568
4709,CID72710839
4710,CID72716071
4711,CID7271796
4712,CID72726
4713,CID72734520
4714,CID729483
4715,CID72959169
4716,CID73010924
4717,CID73014064
4718,CID73078
4719,CID73110
4720,CID73115
4721,CID73211763
4722,CID73259
4723,CID73265183
4724,CID73265184
4725,CID73265190
4726,CID73265200
4727,CID73265201
4728,CID73265204
4729,CID73265205
4730,CID73265206
4731,CID73265209
4732,CID73265219
4733,CID73265220
4734,CID73265221
4735,CID73265222
4736,CID73265223
4737,CID73265224
4738,CID73265225
4739,CID73265226
4740,CID73265227
4741,CID73265228
4742,CID73265229
4743,CID73265230
4744,CID73265232
4745,CID73265233
4746,CID73265234
4747,CID73265271
4748,CID73265272
4749,CID73265273
4750,CID73265276
4751,CID73265277
4752,CID73265279
4753,CID73265281
4754,CID73265283
4755,CID73265288
4756,CID73265289
4757,CID73265292
4758,CID73265293
4759,CID73265294
4760,CID73265297
4761,CID73265301
4762,CID73265302
4763,CID73265304
4764,CID73265308
4765,CID73265309
4766,CID73265310
4767,CID73265311
4768,CID73265316
4769,CID73265318
4770,CID73265321
4771,CID73265323
4772,CID73265324
4773,CID73265326
4774,CID73265327
4775,CID73265328
4776,CID73265332
4777,CID73265336
4778,CID73265337
4779,CID73265342
4780,CID73265344
4781,CID73265348
4782,CID73265351
4783,CID73265352
4784,CID73265357
4785,CID73265358
4786,CID73265360
4787,CID73265362
4788,CID73265363
4789,CID73265364
4790,CID73265367
4791,CID73265368
4792,CID73265369
4793,CID73265372
4794,CID73265375
4795,CID73265376
4796,CID73265377
4797,CID73265380
4798,CID73265382
4799,CID73265383
4800,CID73265389
4801,CID73265390
4802,CID73265391
4803,CID73265392
4804,CID73265393
4805,CID73265397
4806,CID73265399
4807,CID73265401
4808,CID73265403
4809,CID73265405
4810,CID73265406
4811,CID73265408
4812,CID73265412
4813,CID73265414
4814,CID73293
4815,CID73339
4816,CID73352604
4817,CID73388374
4818,CID73425588
4819,CID73425805
4820,CID73427118
4821,CID73442
4822,CID73442743
4823,CID73461
4824,CID73581
4825,CID73602827
4826,CID73603034
4827,CID73659
4828,CID73670548
4829,CID73774610
4830,CID73777259
4831,CID73957
4832,CID74439626
4833,CID74989
4834,CID74990
4835,CID7533
4836,CID753704
4837,CID7550
4838,CID7566371
4839,CID76044
4840,CID76073169
4841,CID7638
4842,CID764764
4843,CID76685059
4844,CID766949
4845,CID7697
4846,CID76971721
4847,CID77082
4848,CID774
4849,CID77991
4850,CID77993
4851,CID77995
4852,CID77999
4853,CID78000
4854,CID78243717
4855,CID78320408
4856,CID78320750
4857,CID78357763
4858,CID78357807
4859,CID791637
4860,CID794323
4861,CID80311
4862,CID81689696
4863,CID82146
4864,CID82148
4865,CID82153
4866,CID8226
4867,CID8228
4868,CID8249
4869,CID8344
4870,CID836002
4871,CID83823
4872,CID83969
4873,CID83979
4874,CID84029
4875,CID84759
4876,CID8478
4877,CID8514
4878,CID8515
4879,CID854026
4880,CID8567
4881,CID8574
4882,CID8582409
4883,CID8593
4884,CID8617
4885,CID86278937
4886,CID86287635
4887,CID86340175
4888,CID86345880
4889,CID86763204
4890,CID8695
4891,CID8732
4892,CID8742
4893,CID8798
4894,CID8813
4895,CID89084603
4896,CID8955
4897,CID89594
4898,CID896
4899,CID89675898
4900,CID89683805
4901,CID8969
4902,CID89730041
4903,CID8975
4904,CID8980
4905,CID89808643
4906,CID899323
4907,CID90045
4908,CID90116945
4909,CID9015
4910,CID90241673
4911,CID90309855
4912,CID904
4913,CID90442348
4914,CID90479327
4915,CID90479372
4916,CID9049
4917,CID9051
4918,CID9066
4919,CID9082
4920,CID91270
4921,CID91274
4922,CID91430
4923,CID91466
4924,CID91505
4925,CID91513
4926,CID91610
4927,CID91617630
4928,CID91623361
4929,CID91649
4930,CID91666658
4931,CID91667931
4932,CID91668194
4933,CID91691130
4934,CID91801204
4935,CID91885392
4936,CID91885438
4937,CID91885617
4938,CID91885989
4939,CID91933867
4940,CID9196193
4941,CID92044376
4942,CID92044379
4943,CID92045137
4944,CID92135932
4945,CID92151
4946,CID92178
4947,CID92577
4948,CID9270
4949,CID92722
4950,CID92727
4951,CID929262
4952,CID92965
4953,CID9351
4954,CID936
4955,CID938
4956,CID941361
4957,CID9433
4958,CID9444
4959,CID9458
4960,CID950368
4961,CID9549184
4962,CID9549289
4963,CID9549295
4964,CID9549298
4965,CID9549305
4966,CID9570757
4967,CID9574101
4968,CID9576185
4969,CID9578005
4970,CID9600409
4971,CID9642
4972,CID9651
4973,CID967
4974,CID9690109
4975,CID969472
4976,CID969516
4977,CID9703
4978,CID97226
4979,CID9782
4980,CID9796068
4981,CID9796370
4982,CID9796440
4983,CID9796590
4984,CID9798973
4985,CID9799888
4986,CID9800555
4987,CID9803433
4988,CID9803932
4989,CID9803963
4990,CID9804433
4991,CID9804991
4992,CID9806229
4993,CID9807431
4994,CID9808022
4995,CID9808844
4996,CID9810709
4997,CID9810884
4998,CID9810929
4999,CID9811611
5000,CID9811704
5001,CID9813758
5002,CID9818478
5003,CID9818479
5004,CID9818682
5005,CID9819382
5006,CID9819927
5007,CID9820008
5008,CID9820526
5009,CID9821849
5010,CID9823820
5011,CID9824562
5012,CID9825149
5013,CID9826188
5014,CID9826309
5015,CID9826528
5016,CID9827599
5017,CID9827968
5018,CID9828911
5019,CID9829523
5020,CID9830519
5021,CID9832292
5022,CID9839311
5023,CID9839500
5024,CID9840076
5025,CID9841667
5026,CID984170
5027,CID9843750
5028,CID9843900
5029,CID9847557
5030,CID9849040
5031,CID9849808
5032,CID9852573
5033,CID9853654
5034,CID9854073
5035,CID9855350
5036,CID9858940
5037,CID9863367
5038,CID9863672
5039,CID9865515
5040,CID9865528
5041,CID9866696
5042,CID9867340
5043,CID9867642
5044,CID9868037
5045,CID9868928
5046,CID9869779
5047,CID9869929
5048,CID9870009
5049,CID9871074
5050,CID9871419
5051,CID9872438
5052,CID9874913
5053,CID9875401
5054,CID9880
5055,CID9882793
5056,CID9883029
5057,CID9884807
5058,CID9887053
5059,CID9887712
5060,CID9887867
5061,CID9887870
5062,CID9888590
5063,CID9890250
5064,CID9892071
5065,CID9893571
5066,CID9894584
5067,CID9894653
5068,CID9902100
5069,CID9903
5070,CID9903786
5071,CID9907093
5072,CID9907323
5073,CID9908783
5074,CID9909368
5075,CID9910224
5076,CID9910486
5077,CID9910986
5078,CID9911830
5079,CID9913405
5080,CID9914412
5081,CID9915743
5082,CID9918559
5083,CID9926054
5084,CID9926791
5085,CID9927531
5086,CID9927978
5087,CID9929127
5088,CID9929643
5089,CID9930913
5090,CID9931953
5091,CID9931954
5092,CID9933439
5093,CID9933475
5094,CID9934283
5095,CID9934347
5096,CID9934458
5097,CID9936012
5098,CID9936388
5099,CID9936727
5100,CID9937686
5101,CID9938203
5102,CID9938280
5103,CID9941095
5104,CID9943465
5105,CID99474
5106,CID9949093
5107,CID9949641
5108,CID9950176
5109,CID9952773
5110,CID9952884
5111,CID9952923
5112,CID9953906
5113,CID9954540
5114,CID9956119
5115,CID9956222
5116,CID9956637
5117,CID9958103
5118,CID9966538
5119,CID9967941
5120,CID9968854
