entity,id
100,0
10000,1
10002,2
10013,3
100130827,4
10014,5
10019,6
10021,7
1003,8
10038,9
10039,10
10057,11
10060,12
10105,13
10110,14
10114,15
10135,16
1017,17
10170,18
1018,19
10188,20
1019,21
101935602,22
102,23
1020,24
1021,25
1022,26
1024,27
10242,28
10247,29
1025,30
10257,31
1026,32
10280,33
10298,34
10327,35
10376,36
10381,37
10382,38
10383,39
10461,40
10494,41
10499,42
10599,43
10645,44
1066,45
10682,46
107,47
10724,48
10733,49
10746,50
10769,51
10783,52
108,53
1080,54
10800,55
10825,56
10846,57
10855,58
10857,59
10863,60
10893,61
10919,62
10951,63
10988,64
11011,65
11040,66
1105,67
11069,68
1109,69
11096,70
111,71
1111,72
11113,73
11156,74
11183,75
11184,76
11188,77
11200,78
11201,79
11213,80
11238,81
11251,82
11255,83
1128,84
11280,85
1129,86
11309,87
1131,88
1132,89
113235,90
11329,91
1133,92
11330,93
11331,94
1134,95
11343,96
1135,97
1136,98
1137,99
1138,100
1139,101
1140,102
1141,103
1142,104
114294,105
1143,106
1144,107
1145,108
114548,109
1146,110
1147,111
115584,112
116085,113
116443,114
116444,115
116447,116
117144,117
117155,118
1181,119
1187,120
1188,121
118856,122
1195,123
1196,124
1198,125
11981,126
120227,127
12048,128
120892,129
1215,130
122011,131
122042,132
1230,133
123096,134
123228,135
1233,136
1234,137
124,138
1241,139
1244,140
124583,141
125,142
126,143
1263,144
1268,145
1269,146
127,147
13,148
130399,149
1312,150
131890,151
132,152
1326,153
1327,154
1329,155
1339,156
134,157
1340,158
1345,159
1346,160
134864,161
1349,162
135,163
1350,164
1351,165
136,166
1371,167
1373,168
1374,169
1376,170
1384,171
1385,172
1387,173
140,174
140469,175
140609,176
140901,177
142,178
143,179
1432,180
1436,181
1445,182
1452,183
1453,184
1454,185
145407,186
145482,187
1455,188
1456,189
1457,190
1459,191
146,192
146802,193
147,194
147746,195
148,196
1491,197
150,198
150094,199
1504,200
1508,201
1509,202
151,203
1510,204
1511,205
151306,206
152,207
153,208
1535,209
1536,210
154,211
1543,212
1544,213
1545,214
1548,215
154807,216
155,217
1555,218
1557,219
1558,220
1559,221
156,222
1565,223
1573,224
1576,225
1577,226
1583,227
1584,228
1585,229
1586,230
1588,231
1594,232
1595,233
1604,234
160728,235
1610,236
1612,237
1613,238
1621,239
162466,240
1633,241
16337,242
1634,243
1636,244
1644,245
1645,246
1646,247
165631,248
1666,249
166614,250
166785,251
167359,252
1716,253
1717,254
1719,255
1723,256
1728,257
1733,258
1742,259
176,260
1760,261
1773,262
178,263
1786,264
1787,265
1788,266
1789,267
18,268
1800,269
1803,270
1806,271
1808,272
1812,273
1813,274
1814,275
1815,276
1816,277
1827,278
1841,279
185,280
1859,281
186,282
187,283
1890,284
19,285
190,286
1901,287
1903,288
1909,289
191,290
1910,291
1956,292
196,293
1969,294
1977,295
1991,296
2,297
2006,298
2011,299
202374,300
2030,301
203068,302
2041,303
2042,304
2043,305
2044,306
2045,307
2046,308
2047,309
2048,310
204851,311
2049,312
2050,313
2051,314
2053,315
2064,316
2065,317
2066,318
207,319
2078,320
208,321
2081,322
2099,323
210,324
2100,325
2101,326
2103,327
2104,328
2120,329
213,330
2139,331
2147,332
2149,333
2152,334
2155,335
2158,336
2159,337
216,338
2160,339
2168,340
2169,341
217,342
2172,343
2182,344
2185,345
2191,346
2194,347
219931,348
221656,349
221955,350
2222,351
2224,352
222962,353
2230,354
2235,355
2237,356
2241,357
2242,358
2246,359
2247,360
225689,361
2260,362
2261,363
2263,364
2264,365
2268,366
2280,367
2281,368
22848,369
22858,370
2287,371
2289,372
22933,373
22978,374
22983,375
23012,376
23028,377
23043,378
23097,379
231,380
23113,381
23173,382
23192,383
23193,384
2321,385
2322,386
23235,387
2324,388
23387,389
23396,390
23408,391
23410,392
23411,393
2342,394
23420,395
23435,396
23450,397
23468,398
23475,399
23476,400
2348,401
2350,402
2356,403
23569,404
2357,405
23590,406
23604,407
23617,408
23621,409
23632,410
23649,411
23657,412
23678,413
23683,414
238,415
239,416
240,417
241,418
24145,419
2444,420
246,421
247,422
2475,423
249,424
2492,425
25,426
251,427
2516,428
2534,429
2539,430
2548,431
2550,432
255239,433
2554,434
2555,435
2556,436
2557,437
2558,438
2559,439
2560,440
2561,441
2562,442
2563,443
2564,444
2565,445
2566,446
2567,447
2568,448
25778,449
2580,450
2582,451
25824,452
25865,453
2593,454
2595,455
2597,456
25974,457
25989,458
26,459
26013,460
26090,461
26140,462
2618,463
262,464
26275,465
2629,466
2638,467
2648,468
26524,469
26576,470
2671,471
2677,472
2678,473
2692,474
2697,475
27,476
27094,477
27102,478
27115,479
27148,480
27250,481
27306,482
27330,483
27345,484
27347,485
2739,486
2740,487
2741,488
2742,489
2743,490
2744,491
2752,492
276,493
2778,494
279,495
2815,496
28234,497
2831,498
283383,499
2840,500
2841,501
2847,502
2852,503
285220,504
2859,505
2862,506
28639,507
2864,508
2868,509
2869,510
2872,511
28755,512
2885,513
2891,514
2892,515
2897,516
2898,517
28988,518
28996,519
290,520
2902,521
2903,522
2904,523
2905,524
2906,525
2908,526
2911,527
29110,528
2912,529
2913,530
2915,531
2916,532
2931,533
2932,534
2936,535
2937,536
2939,537
2950,538
2977,539
2983,540
29850,541
29881,542
29952,543
29968,544
2998,545
29991,546
29994,547
3005,548
301,549
3028,550
3039,551
3040,552
3043,553
3055,554
3064,555
3065,556
3066,557
3073,558
3074,559
30811,560
30814,561
3091,562
3105,563
31221,564
"31221

5159",565
3156,566
316,567
3172,568
3176,569
3178,570
3206,571
3242,572
3248,573
3249,574
3251,575
326625,576
3269,577
3274,578
3276,579
328,580
3283,581
3284,582
3290,583
3291,584
3292,585
3293,586
3294,587
3309,588
3312,589
3315,590
332,591
3320,592
3326,593
3350,594
3351,595
3352,596
3354,597
3355,598
3356,599
3357,600
3358,601
3359,602
3360,603
3361,604
3362,605
3363,606
338442,607
338567,608
340024,609
340156,610
341676,611
3417,612
343450,613
3458,614
347732,615
3480,616
3486,617
348980,618
351,619
353189,620
354,621
3551,622
3553,623
3554,624
3558,625
3562,626
3565,627
3567,628
3569,629
3576,630
3577,631
3579,632
358,633
36,634
3614,635
3615,636
3619,637
3620,638
3623,639
3643,640
3645,641
3654,642
367,643
3676,644
368,645
3683,646
3689,647
369,648
3690,649
3702,650
3708,651
3709,652
3710,653
3716,654
3717,655
3718,656
3725,657
3735,658
3736,659
3737,660
3738,661
3739,662
3741,663
3743,664
3744,665
3746,666
3747,667
375,668
3751,669
3752,670
3753,671
3756,672
3757,673
3758,674
3761,675
3762,676
3763,677
3764,678
3767,679
3768,680
3775,681
3776,682
377677,683
3777,684
3778,685
3779,686
3780,687
3781,688
3782,689
3783,690
3784,691
3785,692
3786,693
378807,694
3791,695
38,696
3815,697
3855,698
3859,699
387129,700
388228,701
389840,702
390245,703
3932,704
3933,705
3938,706
3939,707
3978,708
3980,709
3984,710
3985,711
39970,712
40,713
4015,714
4023,715
4025,716
4048,717
4057,718
4058,719
4067,720
4088,721
41,722
4117,723
412,724
4128,725
4129,726
4133,727
4134,728
4137,729
4139,730
4140,731
4145,732
4151,733
415116,734
4154,735
4159,736
4160,737
4161,738
4170,739
4190,740
4193,741
4214,742
4215,743
4216,744
4233,745
4286,746
4293,747
4294,748
4296,749
4297,750
43,751
4306,752
4312,753
4313,754
4314,755
4316,756
4317,757
4318,758
4319,759
4320,760
4321,761
4322,762
4323,763
4324,764
4325,765
4326,766
4327,767
4350,768
4352,769
4353,770
4363,771
438,772
440275,773
440503,774
445,775
4486,776
4504,777
4508,778
4512,779
4513,780
4514,781
4519,782
4524,783
4543,784
4544,785
4547,786
4548,787
4552,788
4583,789
4593,790
4594,791
4638,792
4661,793
4688,794
4689,795
471,796
4718,797
472,798
475,799
4750,800
4751,801
4752,802
4758,803
4759,804
476,805
4780,806
4790,807
4791,808
4792,809
4835,810
4837,811
4842,812
4843,813
4846,814
4850864,815
4860,816
4864,817
4869,818
4879,819
4881,820
4886,821
4887,822
4914,823
4915,824
4916,825
4921,826
494551,827
495,828
4953,829
4967,830
498,831
4985,832
4986,833
4987,834
4988,835
5004,836
5005,837
501,838
5024,839
5025,840
5028,841
5029,842
5031,843
5032,844
5033,845
50484,846
50488,847
50507,848
5053,849
5054,850
5058,851
506,852
5062,853
5063,854
50632,855
50771,856
50801,857
50833,858
50840,859
509,860
50940,861
51053,862
51056,863
51086,864
5111,865
51135,866
51174,867
51175,868
51185,869
51265,870
5127,871
5128,872
51284,873
5129,874
5130,875
51305,876
51311,877
51347,878
5136,879
5137,880
5138,881
5139,882
5140,883
5141,884
5142,885
51422,886
51426,887
5143,888
5144,889
5145,890
5146,891
5148,892
5149,893
5150,894
5151,895
5152,896
5153,897
5156,898
51564,899
5158,900
5159,901
5166,902
5167,903
5170,904
51701,905
51727,906
51765,907
51776,908
51807,909
5218,910
5226,911
523,912
5241,913
5243,914
526,915
5260,916
5261,917
5272,918
528,919
5287,920
5288,921
5290,922
5291,923
5292,924
5293,925
5294,926
5295,927
5296,928
5298,929
5315,930
5319,931
5320,932
5321,933
5322,934
5327,935
5328,936
5334,937
5337,938
53373,939
5338,940
5340,941
5346,942
5347,943
53632,944
53637,945
5371,946
53829,947
53904,948
53944,949
5406,950
54101,951
54106,952
54107,953
54205,954
54207,955
5422,956
5423,957
5426,958
5427,959
5428,960
5429,961
5443,962
5444,963
54575,964
54577,965
54578,966
54579,967
54583,968
54600,969
54625,970
5465,971
54657,972
54658,973
54659,974
5467,975
54677,976
5468,977
5471,978
54737,979
5476,980
5478,981
54795,982
54799,983
54861,984
54878,985
55,986
55145,987
55163,988
55193,989
552,990
55244,991
553,992
5530,993
55300,994
5533,995
5535,996
55351,997
55361,998
554,999
5550,1000
55561,1001
55584,1002
55589,1003
5562,1004
5563,1005
5564,1006
5565,1007
5566,1008
55662,1009
5567,1010
5569,1011
5571,1012
55775,1013
5578,1014
55781,1015
5579,1016
55799,1017
558,1018
5580,1019
55800,1020
5581,1021
5582,1022
5583,1023
5584,1024
5585,1025
5586,1026
55867,1027
55869,1028
5587,1029
55879,1030
5588,1031
5590,1032
5591,1033
5592,1034
5593,1035
5594,1036
5595,1037
5596,1038
5597,1039
5598,1040
5599,1041
5600,1042
5601,1043
5602,1044
5603,1045
5604,1046
5605,1047
5606,1048
5607,1049
5608,1050
5609,1051
5610,1052
5613,1053
5621,1054
5624,1055
5627,1056
5631,1057
5644,1058
56547,1059
56604,1060
5662,1061
56655,1062
567,1063
5673,1064
5682,1065
5683,1066
5684,1067
5685,1068
5686,1069
5687,1070
5688,1071
5689,1072
5690,1073
5691,1074
5692,1075
56923,1076
56924,1077
5693,1078
56934,1079
5694,1080
5695,1081
5696,1082
5698,1083
5699,1084
56997,1085
57016,1086
57026,1087
57053,1088
5707,1089
5708,1090
57105,1091
57118,1092
57144,1093
57172,1094
5724,1095
5729,1096
5730,1097
5731,1098
5732,1099
5733,1100
5734,1101
5737,1102
5739,1103
57396,1104
5740,1105
57406,1106
5742,1107
5743,1108
57468,1109
5747,1110
5753,1111
57551,1112
57582,1113
57657,1114
5770,1115
57704,1116
5775,1117
5778,1118
57787,1119
5791,1120
5802,1121
58190,1122
5836,1123
5837,1124
58497,1125
5871,1126
5879,1127
5880,1128
5893,1129
5894,1130
590,1131
5914,1132
5915,1133
5916,1134
5918,1135
59340,1136
59350,1137
5947,1138
595,1139
5950,1140
5959,1141
596,1142
5965,1143
5970,1144
5972,1145
5979,1146
599,1147
5999,1148
6011,1149
6035,1150
6037,1151
6046,1152
60482,1153
60681,1154
6093,1155
6095,1156
6096,1157
6097,1158
6098,1159
610,1160
6122,1161
613,1162
6195,1163
6196,1164
6197,1165
6198,1166
623,1167
624,1168
6240,1169
6241,1170
6256,1171
6257,1172
6258,1173
6261,1174
6262,1175
6263,1176
6275,1177
6283,1178
6284,1179
6285,1180
6286,1181
6300,1182
6303,1183
6311,1184
632,1185
6323,1186
6324,1187
6326,1188
6327,1189
6328,1190
6329,1191
6330,1192
6331,1193
6332,1194
6334,1195
6335,1196
6336,1197
6337,1198
6338,1199
6339,1200
6340,1201
6347,1202
6387,1203
640,1204
6401,1205
64066,1206
64078,1207
641,1208
6416,1209
64386,1210
6462,1211
6469,1212
6470,1213
6476,1214
64761,1215
64805,1216
64840,1217
65061,1218
6513,1219
6514,1220
652,1221
6523,1222
6524,1223
6527,1224
6529,1225
6530,1226
6531,1227
6532,1228
653361,1229
6548,1230
6553,1231
6554,1232
6555,1233
6557,1234
6558,1235
6559,1236
6560,1237
6564,1238
6565,1239
657,1240
6570,1241
6571,1242
6573,1243
6578,1244
6579,1245
658,1246
6580,1247
6581,1248
6582,1249
6583,1250
6584,1251
659,1252
65975,1253
660,1254
6606,1255
6608,1256
6609,1257
6622,1258
6646,1259
6647,1260
6648,1261
6652,1262
6713,1263
6714,1264
6715,1265
6716,1266
6718,1267
672,1268
6725,1269
673,1270
6732,1271
6733,1272
6749,1273
6751,1274
6752,1275
6753,1276
6754,1277
6755,1278
676,1279
6768,1280
6774,1281
6777,1282
6778,1283
6783,1284
6787,1285
6788,1286
6789,1287
6790,1288
6792,1289
6793,1290
6794,1291
6795,1292
6817,1293
6818,1294
6820,1295
6822,1296
683,1297
6833,1298
6850,1299
6865,1300
6868,1301
6869,1302
6870,1303
6885,1304
6915,1305
6916,1306
692420,1307
6947,1308
6948,1309
695,1310
7006,1311
7010,1312
7015,1313
7016,1314
7018,1315
7031,1316
7046,1317
7048,1318
7052,1319
7054,1320
7056,1321
706,1322
7066,1323
7067,1324
7068,1325
7071,1326
7075,1327
7083,1328
7099,1329
7101,1330
7124,1331
7125,1332
7134,1333
7150,1334
7153,1335
7155,1336
7157,1337
7172,1338
7173,1339
7182,1340
7184,1341
7223,1342
7224,1343
7226,1344
7251,1345
7253,1346
7272,1347
7276,1348
7277,1349
7278,1350
7283,1351
728642,1352
729230,1353
7294,1354
7296,1355
7297,1356
7298,1357
7299,1358
7301,1359
7334,1360
7341,1361
7347,1362
7357,1363
7364,1364
7371,1365
7372,1366
7398,1367
7412,1368
7421,1369
7422,1370
7442,1371
7444,1372
7465,1373
7468,1374
747,1375
7486,1376
7494,1377
7498,1378
7525,1379
7532,1380
7535,1381
759,1382
760,1383
761,1384
762,1385
763,1386
765,1387
766,1388
767,1389
768,1390
770,1391
771,1392
773,1393
774,1394
775,1395
776,1396
778,1397
7786,1398
778927,1399
779,1400
780,1401
781,1402
782,1403
783,1404
784,1405
7846,1406
7849,1407
785,1408
7852,1409
786,1410
788,1411
79001,1412
79068,1413
79148,1414
7915,1415
7920,1416
7941,1417
79608,1418
79644,1419
79661,1420
79837,1421
79858,1422
79885,1423
79915,1424
79934,1425
8001,1426
801,1427
80122,1428
8013,1429
8019,1430
8029,1431
80351,1432
8038,1433
805,1434
808,1435
80834,1436
81027,1437
81033,1438
811,1439
8114,1440
814,1441
8140,1442
815,1443
81502,1444
81551,1445
816,1446
81693,1447
817,1448
81788,1449
818,1450
819,1451
8202,1452
828713,1453
8288,1454
834,1455
83549,1456
836,1457
83732,1458
83756,1459
83795,1460
839,1461
83903,1462
83933,1463
8394,1464
83942,1465
8396,1466
8398,1467
840,1468
8408,1469
842,1470
84254,1471
8428,1472
8435,1473
8444,1474
84446,1475
8445,1476
84456,1477
846,1478
84650,1479
847,1480
8476,1481
84790,1482
8484,1483
84875,1484
8491,1485
8503,1486
8510,1487
8511,1488
8513,1489
85320,1490
8536,1491
85366,1492
85443,1493
8565,1494
8566,1495
8569,1496
8573,1497
8576,1498
8600,1499
8621,1500
8622,1501
8630,1502
8639,1503
8644,1504
8645,1505
8647,1506
8648,1507
8654,1508
8658,1509
866,1510
8678,1511
8698,1512
8711,1513
8714,1514
873,1515
8737,1516
875,1517
8754,1518
8767,1519
8780,1520
8788,1521
8814,1522
8824,1523
8841,1524
8843,1525
8854,1526
8856,1527
8858,1528
886,1529
887,1530
8879,1531
8899,1532
8904,1533
8911,1534
8912,1535
8913,1536
8972,1537
8973,1538
89832,1539
89845,1540
8986,1541
8989,1542
8999,1543
90,1544
90134,1545
9024,1546
9033,1547
9052,1548
9088,1549
9099,1550
91,1551
91039,1552
9113,1553
9128,1554
9132,1555
9149,1556
9152,1557
9153,1558
9154,1559
9175,1560
91754,1561
9177,1562
91807,1563
92,1564
9201,1565
9212,1566
9221,1567
9252,1568
9254,1569
9261,1570
9262,1571
9263,1572
9266,1573
9290,1574
93,1575
9311,1576
9312,1577
9313,1578
9344,1579
9356,1580
9367,1581
9376,1582
9377,1583
94,1584
9424,1585
9429,1586
9448,1587
9453,1588
9468,1589
9475,1590
95,1591
9507,1592
952,1593
9536,1594
9568,1595
9578,1596
9611,1597
9615,1598
9641,1599
9682,1600
9706,1601
9734,1602
9748,1603
9759,1604
9817,1605
983,1606
9833,1607
984,1608
9874,1609
9891,1610
9900,1611
994,1612
9943,1613
995,1614
9970,1615
9971,1616
998,1617
9986,1618
CID100016,1619
CID10026128,1620
CID10027278,1621
CID10034073,1622
CID10041070,1623
CID10047612,1624
CID1005519,1625
CID1005654,1626
CID10074640,1627
CID10077130,1628
CID10077147,1629
CID10090485,1630
CID10096344,1631
CID10109823,1632
CID10113978,1633
CID10127622,1634
CID10133,1635
CID10138980,1636
CID101526,1637
CID10158940,1638
CID10160238,1639
CID101744,1640
CID10180,1641
CID10182969,1642
CID10184653,1643
CID10195250,1644
CID10202642,1645
CID10207,1646
CID10208,1647
CID102175,1648
CID10219,1649
CID10226546,1650
CID10228,1651
CID10231331,1652
CID10235,1653
CID10237,1654
CID102484,1655
CID10253143,1656
CID10271028,1657
CID10280735,1658
CID10286159,1659
CID10288191,1660
CID10297043,1661
CID10302451,1662
CID10317566,1663
CID10339178,1664
CID10369242,1665
CID10377751,1666
CID10384072,1667
CID10427712,1668
CID10437018,1669
CID1046,1670
CID10461508,1671
CID10461815,1672
CID1047,1673
CID104741,1674
CID10475633,1675
CID104769,1676
CID104799,1677
CID1048267,1678
CID104850,1679
CID104865,1680
CID105066,1681
CID10531,1682
CID10607,1683
CID10621,1684
CID10648,1685
CID1069686,1686
CID107848,1687
CID107935,1688
CID107952,1689
CID107969,1690
CID107970,1691
CID107971,1692
CID108092,1693
CID108143,1694
CID108150,1695
CID10830,1696
CID10866,1697
CID10917,1698
CID10921,1699
CID10995177,1700
CID11057,1701
CID110635,1702
CID11065,1703
CID11074431,1704
CID11079,1705
CID11092,1706
CID11102,1707
CID11152667,1708
CID11167602,1709
CID11175137,1710
CID11188409,1711
CID11219835,1712
CID11222830,1713
CID11224,1714
CID11234052,1715
CID11243969,1716
CID11249084,1717
CID11256664,1718
CID11272610,1719
CID11273,1720
CID11282283,1721
CID11292191,1722
CID11296583,1723
CID11304743,1724
CID11313622,1725
CID11314340,1726
CID11317348,1727
CID11327430,1728
CID11333,1729
CID11338033,1730
CID11347535,1731
CID11351021,1732
CID11354606,1733
CID11358077,1734
CID11364421,1735
CID11373846,1736
CID11381449,1737
CID11387605,1738
CID11404337,1739
CID11409972,1740
CID11431811,1741
CID11433190,1742
CID11454028,1743
CID11462174,1744
CID11476171,1745
CID11477084,1746
CID114811,1747
CID11485656,1748
CID114869,1749
CID11488320,1750
CID11494412,1751
CID11499245,1752
CID115087,1753
CID115107,1754
CID11511120,1755
CID11519397,1756
CID11519741,1757
CID11520894,1758
CID11524144,1759
CID11525740,1760
CID115355,1761
CID11548,1762
CID11556427,1763
CID11556711,1764
CID11565518,1765
CID11591741,1766
CID11595431,1767
CID11598628,1768
CID11607738,1769
CID11609586,1770
CID11609955,1771
CID11612883,1772
CID11620908,1773
CID11625818,1774
CID11626560,1775
CID11630874,1776
CID11640390,1777
CID11646823,1778
CID11656518,1779
CID11671467,1780
CID11673921,1781
CID11676786,1782
CID11683,1783
CID11689883,1784
CID11700696,1785
CID11707110,1786
CID11712649,1787
CID1174,1788
CID11740218,1789
CID11745519,1790
CID11754511,1791
CID117817422,1792
CID118191391,1793
CID1183,1794
CID11849514,1795
CID11876263,1796
CID118957930,1797
CID118986645,1798
CID119031,1799
CID119081,1800
CID119182,1801
CID119369,1802
CID119373,1803
CID119525,1804
CID119570,1805
CID11957503,1806
CID11957577,1807
CID11957668,1808
CID11957684,1809
CID119583,1810
CID11960529,1811
CID119607,1812
CID11963194,1813
CID11964036,1814
CID11973122,1815
CID11976582,1816
CID11977753,1817
CID11984561,1818
CID11984591,1819
CID12000240,1820
CID120181,1821
CID12035,1822
CID121396,1823
CID122108,1824
CID122125,1825
CID122197581,1826
CID122262,1827
CID123132228,1828
CID123596,1829
CID123606,1830
CID123608,1831
CID123631,1832
CID123964,1833
CID123985,1834
CID124087,1835
CID125017,1836
CID12597,1837
CID126941,1838
CID1271002,1839
CID127150,1840
CID129010078,1841
CID129228,1842
CID12934390,1843
CID13018151,1844
CID130313,1845
CID130881,1846
CID130904,1847
CID13109,1848
CID131955127,1849
CID132519,1850
CID13266,1851
CID133021,1852
CID13342,1853
CID134018,1854
CID134327298,1855
CID134601,1856
CID134780,1857
CID135397708,1858
CID135398491,1859
CID135398492,1860
CID135398495,1861
CID135398501,1862
CID135398513,1863
CID135398635,1864
CID135398641,1865
CID135398661,1866
CID135398735,1867
CID135398738,1868
CID135398739,1869
CID135398740,1870
CID135398744,1871
CID135398745,1872
CID135398748,1873
CID135400182,1874
CID135400189,1875
CID135401907,1876
CID135402864,1877
CID135403646,1878
CID135403821,1879
CID135403829,1880
CID135409400,1881
CID135409453,1882
CID135409642,1883
CID135410875,1884
CID135411,1885
CID135413494,1886
CID135413496,1887
CID135413523,1888
CID135413534,1889
CID135413536,1890
CID135413539,1891
CID135415564,1892
CID135415867,1893
CID135418940,1894
CID135419190,1895
CID135421197,1896
CID135421442,1897
CID135423438,1898
CID135430945,1899
CID135449331,1900
CID135449332,1901
CID135473382,1902
CID135526609,1903
CID135533054,1904
CID135539077,1905
CID135564985,1906
CID135565545,1907
CID135565635,1908
CID135565674,1909
CID135565981,1910
CID135659062,1911
CID1361334,1912
CID136240579,1913
CID1362865,1914
CID13769,1915
CID13789,1916
CID13791,1917
CID13943299,1918
CID13988706,1919
CID1400,1920
CID1401,1921
CID14010333,1922
CID14051,1923
CID14052,1924
CID14240392,1925
CID144,1926
CID1461,1927
CID146571,1928
CID14676,1929
CID147912,1930
CID148121,1931
CID148124,1932
CID148177,1933
CID148195,1934
CID148201,1935
CID14888,1936
CID149096,1937
CID14982,1938
CID14989,1939
CID150311,1940
CID15057856,1941
CID150762,1942
CID151075,1943
CID151170,1944
CID151183,1945
CID151194,1946
CID153270,1947
CID15331,1948
CID153994,1949
CID154234,1950
CID154257,1951
CID154272,1952
CID15443,1953
CID15459,1954
CID1546,1955
CID1548887,1956
CID1548943,1957
CID1548972,1958
CID1549008,1959
CID1549120,1960
CID15547703,1961
CID15558393,1962
CID15604015,1963
CID156391,1964
CID156414,1965
CID156418,1966
CID156419,1967
CID156422,1968
CID15723,1969
CID157920,1970
CID158550,1971
CID158758,1972
CID158781,1973
CID158797,1974
CID159269,1975
CID159324,1976
CID15951529,1977
CID15983966,1978
CID159968,1979
CID160254,1980
CID160355,1981
CID16038120,1982
CID16041424,1983
CID16052038,1984
CID16070111,1985
CID16086114,1986
CID16095342,1987
CID16097523,1988
CID16097729,1989
CID16108977,1990
CID16130140,1991
CID161557,1992
CID16218900,1993
CID16220066,1994
CID16220172,1995
CID162204,1996
CID16222096,1997
CID16222097,1998
CID16224745,1999
CID16231,2000
CID16307093,2001
CID163091,2002
CID163263,2003
CID163659,2004
CID16367,2005
CID163751,2006
CID16490,2007
CID16533,2008
CID165339223,2009
CID165411828,2010
CID165542,2011
CID165580,2012
CID16654980,2013
CID16666332,2014
CID16666333,2015
CID16667431,2016
CID16667669,2017
CID16678941,2018
CID16718576,2019
CID16722836,2020
CID16736529,2021
CID16736978,2022
CID16747388,2023
CID16747683,2024
CID16755649,2025
CID16757846,2026
CID16760658,2027
CID16760696,2028
CID16760703,2029
CID167980,2030
CID168430535,2031
CID168993,2032
CID169371,2033
CID17134,2034
CID17275,2035
CID173612,2036
CID174277,2037
CID17513,2038
CID175534,2039
CID176155,2040
CID176158,2041
CID17684448,2042
CID176870,2043
CID176871,2044
CID176873,2045
CID177335,2046
CID177336,2047
CID1775,2048
CID17754438,2049
CID17755052,2050
CID17755248,2051
CID178024,2052
CID1794427,2053
CID181458,2054
CID18283,2055
CID18542136,2056
CID189821,2057
CID1901244,2058
CID192197,2059
CID1935,2060
CID19648,2061
CID196968,2062
CID1981,2063
CID1985,2064
CID1986,2065
CID19861,2066
CID1989,2067
CID1990,2068
CID19910,2069
CID200103,2070
CID20058,2071
CID20279,2072
CID2044,2073
CID207841,2074
CID2082,2075
CID20849066,2076
CID2088,2077
CID208898,2078
CID208902,2079
CID208908,2080
CID20916937,2081
CID2092,2082
CID20933,2083
CID210172,2084
CID210332,2085
CID2123,2086
CID2125,2087
CID2130,2088
CID2141,2089
CID214347,2090
CID214348,2091
CID2145,2092
CID2153,2093
CID2155,2094
CID21585658,2095
CID2159,2096
CID2161,2097
CID2162,2098
CID216210,2099
CID216237,2100
CID216239,2101
CID216326,2102
CID2165,2103
CID2170,2104
CID21704,2105
CID21718,2106
CID2176,2107
CID21784,2108
CID2179,2109
CID21800,2110
CID2187,2111
CID219025,2112
CID219078,2113
CID219099,2114
CID2196,2115
CID22024915,2116
CID22049997,2117
CID2206,2118
CID221493,2119
CID222284,2120
CID222285,2121
CID2230,2122
CID22386467,2123
CID2244,2124
CID22475,2125
CID2249,2126
CID22571,2127
CID22624897,2128
CID2265,2129
CID227456,2130
CID2284,2131
CID22880,2132
CID229455,2133
CID2310,2134
CID2315,2135
CID2333,2136
CID2337,2137
CID2351,2138
CID2353,2139
CID23565,2140
CID23582824,2141
CID23625762,2142
CID23630211,2143
CID23635314,2144
CID23643975,2145
CID23662354,2146
CID23663126,2147
CID23663939,2148
CID23663953,2149
CID23663956,2150
CID23663973,2151
CID23663974,2152
CID23663979,2153
CID23663996,2154
CID23665411,2155
CID23666110,2156
CID23666879,2157
CID23667548,2158
CID23667628,2159
CID23667630,2160
CID23668193,2161
CID23671691,2162
CID23674541,2163
CID23679527,2164
CID23683671,2165
CID23685176,2166
CID23685177,2167
CID2369,2168
CID23696523,2169
CID237,2170
CID2370,2171
CID23725625,2172
CID2375,2173
CID2377,2174
CID2378,2175
CID238053,2176
CID2391,2177
CID24066,2178
CID240767,2179
CID2415,2180
CID24180125,2181
CID24180719,2182
CID24197464,2183
CID243,2184
CID24360,2185
CID2438,2186
CID2442,2187
CID2453,2188
CID2466,2189
CID2471,2190
CID24720972,2191
CID24748204,2192
CID24753719,2193
CID24768261,2194
CID2477,2195
CID24770514,2196
CID24771867,2197
CID24775005,2198
CID24776445,2199
CID24779724,2200
CID24779775,2201
CID2478,2202
CID24785538,2203
CID24788740,2204
CID24795070,2205
CID24812758,2206
CID24821094,2207
CID24822275,2208
CID24825971,2209
CID24826799,2210
CID24856041,2211
CID24856436,2212
CID24857286,2213
CID24858111,2214
CID24864821,2215
CID24866313,2216
CID24872560,2217
CID24882589,2218
CID24889392,2219
CID24901704,2220
CID24905142,2221
CID24905149,2222
CID249332,2223
CID24958200,2224
CID24963252,2225
CID24964624,2226
CID24978538,2227
CID24995524,2228
CID25021165,2229
CID25023738,2230
CID25027363,2231
CID25033539,2232
CID25066467,2233
CID25067547,2234
CID25073775,2235
CID25099184,2236
CID25102847,2237
CID25105690,2238
CID25109985,2239
CID25113626,2240
CID25125014,2241
CID25126798,2242
CID25134326,2243
CID25136944,2244
CID25137844,2245
CID25145656,2246
CID25150857,2247
CID25154041,2248
CID25154713,2249
CID25154714,2250
CID2518,2251
CID25183872,2252
CID2519,2253
CID25195294,2254
CID2520,2255
CID25206185,2256
CID25207689,2257
CID25210273,2258
CID25227436,2259
CID25227462,2260
CID25242324,2261
CID25249,2262
CID25253377,2263
CID25254071,2264
CID25262792,2265
CID25262965,2266
CID253078,2267
CID2540,2268
CID2554,2269
CID2576,2270
CID2577,2271
CID2578,2272
CID2581,2273
CID2585,2274
CID259846,2275
CID26596,2276
CID2662,2277
CID26757,2278
CID26758,2279
CID26879,2280
CID26964,2281
CID2708,2282
CID2717,2283
CID2719,2284
CID2720,2285
CID27200,2286
CID2722,2287
CID2723754,2288
CID2723920,2289
CID2724385,2290
CID2725002,2291
CID2725048,2292
CID2727,2293
CID2733,2294
CID2733525,2295
CID2733526,2296
CID2741,2297
CID27447,2298
CID2749,2299
CID27503,2300
CID275196,2301
CID2754,2302
CID2756,2303
CID2761171,2304
CID2762,2305
CID2763,2306
CID2764,2307
CID2771,2308
CID2787,2309
CID2794,2310
CID2796,2311
CID2797577,2312
CID2800,2313
CID28061,2314
CID2809273,2315
CID2812,2316
CID2819993,2317
CID2828334,2318
CID285033,2319
CID2882,2320
CID2888648,2321
CID2893,2322
CID2907,2323
CID29327,2324
CID29971118,2325
CID29985980,2326
CID3001055,2327
CID3002977,2328
CID300471,2329
CID3005572,2330
CID3009,2331
CID3010818,2332
CID3011155,2333
CID3019,2334
CID3019427,2335
CID3023,2336
CID3025944,2337
CID3025961,2338
CID3025986,2339
CID3032,2340
CID30323,2341
CID3033825,2342
CID3033968,2343
CID3034010,2344
CID3034034,2345
CID3035714,2346
CID3035850,2347
CID3036505,2348
CID3038,2349
CID3038517,2350
CID3038522,2351
CID3038525,2352
CID3040551,2353
CID3045381,2354
CID3047796,2355
CID3052,2356
CID3052762,2357
CID3055,2358
CID3062316,2359
CID30751,2360
CID3081361,2361
CID3085326,2362
CID3101542,2363
CID31072,2364
CID3108,2365
CID3114,2366
CID311434,2367
CID3117,2368
CID3121,2369
CID31211,2370
CID31411,2371
CID3151,2372
CID31553,2373
CID3156,2374
CID3158,2375
CID3168,2376
CID31703,2377
CID3182,2378
CID3191,2379
CID3198,2380
CID3220,2381
CID3229,2382
CID323,2383
CID32798,2384
CID3291,2385
CID3308,2386
CID3330,2387
CID3331,2388
CID3333,2389
CID3336,2390
CID3339,2391
CID3341,2392
CID3342,2393
CID33613,2394
CID3362,2395
CID3365,2396
CID3366,2397
CID3371,2398
CID3372,2399
CID3373,2400
CID3374,2401
CID3385,2402
CID3394,2403
CID3396,2404
CID3397,2405
CID3406,2406
CID34312,2407
CID34359,2408
CID3440,2409
CID344265,2410
CID34458,2411
CID3446,2412
CID3463,2413
CID34633,2414
CID346721,2415
CID3468,2416
CID3475,2417
CID3476,2418
CID3478,2419
CID3488,2420
CID3519,2421
CID35370,2422
CID354624,2423
CID3549,2424
CID3559,2425
CID3570748,2426
CID35802,2427
CID358177,2428
CID36314,2429
CID3637,2430
CID3639,2431
CID36462,2432
CID3652,2433
CID3657,2434
CID36708,2435
CID3672,2436
CID3676,2437
CID36811,2438
CID3686,2439
CID3690,2440
CID3696,2441
CID3702,2442
CID3715,2443
CID37392,2444
CID37393,2445
CID374536,2446
CID3747,2447
CID3749,2448
CID37542,2449
CID3767,2450
CID3779,2451
CID3784,2452
CID3822,2453
CID3825,2454
CID3825829,2455
CID3826,2456
CID3827,2457
CID38521,2458
CID387447,2459
CID3878,2460
CID3883,2461
CID3885,2462
CID38853,2463
CID3899,2464
CID3902,2465
CID39042,2466
CID39186,2467
CID3922,2468
CID3926,2469
CID392622,2470
CID3932,2471
CID3948,2472
CID3950,2473
CID3955,2474
CID3973,2475
CID39764,2476
CID398148,2477
CID3994,2478
CID4006,2479
CID400633,2480
CID4008,2481
CID4011,2482
CID4021,2483
CID4030,2484
CID4032,2485
CID4033,2486
CID4034,2487
CID4037,2488
CID4044,2489
CID4046,2490
CID405012,2491
CID4054,2492
CID4055,2493
CID4060,2494
CID40632,2495
CID406563,2496
CID4075,2497
CID40854,2498
CID4091,2499
CID4100,2500
CID41022,2501
CID4107,2502
CID41114,2503
CID4114,2504
CID4121,2505
CID4122,2506
CID4139,2507
CID41684,2508
CID4170,2509
CID4173,2510
CID41781,2511
CID4184,2512
CID4189,2513
CID4194514,2514
CID4197,2515
CID4201,2516
CID4205,2517
CID4211,2518
CID4212,2519
CID4216,2520
CID421610,2521
CID4219798,2522
CID4235,2523
CID4259181,2524
CID42598643,2525
CID4261,2526
CID42611257,2527
CID42623951,2528
CID42636535,2529
CID42642645,2530
CID42647289,2531
CID43116,2532
CID4369359,2533
CID43815,2534
CID439246,2535
CID439503,2536
CID439533,2537
CID439647,2538
CID439693,2539
CID4409,2540
CID44093,2541
CID440936,2542
CID4410,2543
CID441074,2544
CID441140,2545
CID441207,2546
CID441242,2547
CID4413,2548
CID441300,2549
CID441302,2550
CID441308,2551
CID441314,2552
CID441325,2553
CID441336,2554
CID441344,2555
CID441350,2556
CID441351,2557
CID44135961,2558
CID441361,2559
CID44137675,2560
CID44139710,2561
CID441401,2562
CID44155856,2563
CID44156902,2564
CID44187,2565
CID44187362,2566
CID44195571,2567
CID44199317,2568
CID442088,2569
CID4421,2570
CID44219749,2571
CID44224257,2572
CID44237094,2573
CID442424,2574
CID442428,2575
CID442439,2576
CID44247466,2577
CID44251605,2578
CID442534,2579
CID44259,2580
CID44329754,2581
CID443354,2582
CID443390,2583
CID44341259,2584
CID443593,2585
CID44383,2586
CID443867,2587
CID443872,2588
CID443878,2589
CID443939,2590
CID443943,2591
CID443955,2592
CID444,2593
CID4440,2594
CID444020,2595
CID444025,2596
CID444036,2597
CID44421596,2598
CID44451493,2599
CID44462760,2600
CID44469321,2601
CID444732,2602
CID44475014,2603
CID444795,2604
CID44483163,2605
CID445154,2606
CID44516953,2607
CID44543605,2608
CID44551660,2609
CID445643,2610
CID44599690,2611
CID44607530,2612
CID446156,2613
CID44631912,2614
CID446378,2615
CID446541,2616
CID446727,2617
CID446987,2618
CID447043,2619
CID447077,2620
CID4472,2621
CID447371,2622
CID4474,2623
CID4477,2624
CID447865,2625
CID447912,2626
CID447966,2627
CID448013,2628
CID448014,2629
CID448042,2630
CID448055,2631
CID44814409,2632
CID44828492,2633
CID4485,2634
CID448537,2635
CID4486,2636
CID448601,2637
CID4488,2638
CID448812,2639
CID448949,2640
CID449035,2641
CID449054,2642
CID449069,2643
CID449171,2644
CID449193,2645
CID449241,2646
CID4493,2647
CID4494,2648
CID4495,2649
CID4497,2650
CID4499,2651
CID4507,2652
CID4513,2653
CID451415,2654
CID451668,2655
CID452548,2656
CID45270144,2657
CID45279469,2658
CID453548,2659
CID45375808,2660
CID45375953,2661
CID4539,2662
CID454216,2663
CID45480520,2664
CID456199,2665
CID456214,2666
CID456389,2667
CID457193,2668
CID4583,2669
CID4594,2670
CID460612,2671
CID461399,2672
CID4614,2673
CID46173038,2674
CID46188928,2675
CID46189838,2676
CID46209426,2677
CID4621,2678
CID46213929,2679
CID46214930,2680
CID46215815,2681
CID46220502,2682
CID46224516,2683
CID46239014,2684
CID46239015,2685
CID46242512,2686
CID46244454,2687
CID4634,2688
CID4636,2689
CID46398810,2690
CID4641,2691
CID4649,2692
CID4659569,2693
CID4674,2694
CID4679,2695
CID468595,2696
CID4688,2697
CID46883536,2698
CID46885626,2699
CID46898058,2700
CID46907787,2701
CID46911017,2702
CID46911228,2703
CID46925884,2704
CID46926973,2705
CID46930992,2706
CID46930998,2707
CID46940575,2708
CID4708,2709
CID4713,2710
CID47320,2711
CID4735,2712
CID4746,2713
CID47471,2714
CID47472,2715
CID47528,2716
CID4760,2717
CID476861,2718
CID47751,2719
CID4781,2720
CID47812,2721
CID47866,2722
CID47936,2723
CID4810,2724
CID4829,2725
CID4842,2726
CID4855,2727
CID4858,2728
CID4875,2729
CID4881,2730
CID4887,2731
CID4888,2732
CID4891,2733
CID4893,2734
CID4908,2735
CID4908365,2736
CID4909,2737
CID4911,2738
CID4912,2739
CID4915,2740
CID4917,2741
CID492405,2742
CID4935,2743
CID49784945,2744
CID49806720,2745
CID49830260,2746
CID49831008,2747
CID49836020,2748
CID49836027,2749
CID49836058,2750
CID49837968,2751
CID49841217,2752
CID49846579,2753
CID49848070,2754
CID49849912,2755
CID49852229,2756
CID49855250,2757
CID49867928,2758
CID49867936,2759
CID4993,2760
CID4996,2761
CID5003929,2762
CID5018304,2763
CID5035,2764
CID5042,2765
CID50515,2766
CID5052,2767
CID5056,2768
CID5070,2769
CID5071,2770
CID5073,2771
CID5081913,2772
CID5090,2773
CID5092,2774
CID51000408,2775
CID51001932,2776
CID51031035,2777
CID51039095,2778
CID51040,2779
CID51042438,2780
CID51066577,2781
CID51081,2782
CID51082,2783
CID51358113,2784
CID51371303,2785
CID515328,2786
CID5160,2787
CID5161,2788
CID51634,2789
CID5169,2790
CID51712,2791
CID517321,2792
CID5186,2793
CID521106,2794
CID5215,2795
CID5253,2796
CID5278396,2797
CID5280343,2798
CID5280360,2799
CID5280373,2800
CID5280443,2801
CID5280445,2802
CID5280453,2803
CID5280567,2804
CID5280569,2805
CID5280723,2806
CID5280961,2807
CID5281004,2808
CID5281025,2809
CID5281032,2810
CID5281034,2811
CID5281056,2812
CID5281064,2813
CID5281065,2814
CID5281066,2815
CID5281067,2816
CID5281068,2817
CID5281069,2818
CID5281078,2819
CID5281081,2820
CID5281107,2821
CID5281377,2822
CID5281417,2823
CID5281437,2824
CID5281605,2825
CID5281613,2826
CID5281614,2827
CID5281672,2828
CID5281673,2829
CID5281708,2830
CID5281718,2831
CID5281807,2832
CID5281855,2833
CID5282049,2834
CID5282136,2835
CID5282138,2836
CID5282139,2837
CID5282181,2838
CID5282230,2839
CID5282379,2840
CID5282386,2841
CID5282407,2842
CID5282408,2843
CID5282451,2844
CID5282455,2845
CID5282474,2846
CID5282481,2847
CID5282521,2848
CID5283731,2849
CID5283820,2850
CID5284373,2851
CID5284419,2852
CID5284441,2853
CID5284443,2854
CID5284447,2855
CID5284513,2856
CID5284583,2857
CID5284587,2858
CID5284592,2859
CID5284616,2860
CID5284627,2861
CID5284631,2862
CID5287541,2863
CID5287620,2864
CID5287855,2865
CID5287969,2866
CID5288209,2867
CID5288382,2868
CID5289394,2869
CID5289501,2870
CID5291,2871
CID52912189,2872
CID52943938,2873
CID52947716,2874
CID52948550,2875
CID5310966,2876
CID5311,2877
CID5311027,2878
CID5311037,2879
CID5311066,2880
CID5311068,2881
CID5311180,2882
CID5311181,2883
CID5311194,2884
CID5311217,2885
CID5311272,2886
CID5311309,2887
CID5311345,2888
CID5311497,2889
CID5311510,2890
CID5312149,2891
CID5321010,2892
CID53232,2893
CID5323714,2894
CID53240420,2895
CID5324346,2896
CID53245636,2897
CID53248764,2898
CID5325,2899
CID5326,2900
CID53262401,2901
CID5327,2902
CID53276,2903
CID5327721,2904
CID5328779,2905
CID5328940,2906
CID5329,2907
CID5329006,2908
CID5329098,2909
CID5329099,2910
CID5329102,2911
CID5330,2912
CID53302361,2913
CID5330286,2914
CID53315882,2915
CID53316140,2916
CID5333,2917
CID53340426,2918
CID53340771,2919
CID53348204,2920
CID5335,2921
CID5335621,2922
CID53356806,2923
CID53359,2924
CID5336,2925
CID5337997,2926
CID53387035,2927
CID53388144,2928
CID5339,2929
CID53396311,2930
CID53469448,2931
CID53495165,2932
CID5351307,2933
CID5352062,2934
CID5353431,2935
CID5355,2936
CID5358,2937
CID5359,2938
CID5360373,2939
CID5360515,2940
CID5360696,2941
CID5361,2942
CID5362123,2943
CID5362124,2944
CID5362129,2945
CID5362420,2946
CID5362422,2947
CID5381,2948
CID5386,2949
CID5388961,2950
CID5388983,2951
CID5394,2952
CID5401,2953
CID5405,2954
CID5417,2955
CID54259,2956
CID5426,2957
CID54260,2958
CID5430,2959
CID54360,2960
CID54454,2961
CID5453,2962
CID54575456,2963
CID5459840,2964
CID5460033,2965
CID54608520,2966
CID5462501,2967
CID5464092,2968
CID54670067,2969
CID54671008,2970
CID54671203,2971
CID54675769,2972
CID54675776,2973
CID54675779,2974
CID54675783,2975
CID54676228,2976
CID54677470,2977
CID54677971,2978
CID54678490,2979
CID54679224,2980
CID54680692,2981
CID54684141,2982
CID54685215,2983
CID54686904,2984
CID54690031,2985
CID54706679,2986
CID5472,2987
CID54726191,2988
CID5478883,2989
CID5480230,2990
CID5482,2991
CID54840,2992
CID5484444,2993
CID5485201,2994
CID5486971,2995
CID5487,2996
CID5487426,2997
CID5488548,2998
CID54889,2999
CID54900,3000
CID5493444,3001
CID5494449,3002
CID5495818,3003
CID5504,3004
CID5505,3005
CID5510,3006
CID55245,3007
CID5526,3008
CID55283,3009
CID5530,3010
CID55329,3011
CID5533,3012
CID5546,3013
CID5564,3014
CID5566,3015
CID5568,3016
CID5572,3017
CID5577,3018
CID5578,3019
CID5583,3020
CID5585,3021
CID5591,3022
CID5593,3023
CID56207,3024
CID56329,3025
CID5656,3026
CID56603532,3027
CID56645961,3028
CID56649450,3029
CID56650312,3030
CID56654642,3031
CID56704,3032
CID568416,3033
CID56843850,3034
CID56844015,3035
CID56846691,3036
CID56953649,3037
CID56956240,3038
CID56959,3039
CID56962337,3040
CID56965963,3041
CID56973724,3042
CID5702160,3043
CID5702220,3044
CID5702541,3045
CID5709,3046
CID5717,3047
CID5719,3048
CID572,3049
CID5720,3050
CID5730,3051
CID57336514,3052
CID57339395,3053
CID5734,3054
CID57353643,3055
CID57363,3056
CID57379345,3057
CID5742,3058
CID5743,3059
CID57441923,3060
CID5745,3061
CID5746,3062
CID57469,3063
CID5748,3064
CID5748293,3065
CID57519512,3066
CID57519523,3067
CID57519526,3068
CID57519527,3069
CID57519546,3070
CID57519550,3071
CID57519551,3072
CID57519554,3073
CID5754,3074
CID5755,3075
CID5756,3076
CID5757,3077
CID57662985,3078
CID5770,3079
CID5780,3080
CID5790,3081
CID5795,3082
CID5799,3083
CID57990869,3084
CID5803,3085
CID5815,3086
CID5816,3087
CID5819,3088
CID5831,3089
CID5833,3090
CID5834,3091
CID5849,3092
CID5865,3093
CID5870,3094
CID5878,3095
CID5905,3096
CID5909,3097
CID59174488,3098
CID5920,3099
CID59239165,3100
CID5935,3101
CID5944,3102
CID5959,3103
CID59599728,3104
CID59604787,3105
CID59669121,3106
CID59691338,3107
CID5974,3108
CID59772,3109
CID5978,3110
CID59783754,3111
CID5991,3112
CID5994,3113
CID5995,3114
CID60060499,3115
CID6010,3116
CID60119583,3117
CID6013,3118
CID60138149,3119
CID60147023,3120
CID60164,3121
CID6018,3122
CID6019,3123
CID60195218,3124
CID60196361,3125
CID60198,3126
CID60199242,3127
CID6029,3128
CID6032,3129
CID60464,3130
CID6048,3131
CID60490,3132
CID60560,3133
CID60606,3134
CID60648,3135
CID60651,3136
CID60656,3137
CID60699,3138
CID60700,3139
CID60749,3140
CID60750,3141
CID60753,3142
CID60795,3143
CID60822,3144
CID60825,3145
CID60834,3146
CID60837,3147
CID60838,3148
CID60846,3149
CID60854,3150
CID60855,3151
CID60857,3152
CID60871,3153
CID60877,3154
CID60953,3155
CID60961,3156
CID60974,3157
CID6099,3158
CID6100,3159
CID610479,3160
CID6167,3161
CID6175,3162
CID6178111,3163
CID6194,3164
CID62074,3165
CID6209,3166
CID6215,3167
CID6230,3168
CID6234,3169
CID6239,3170
CID6240,3171
CID6241,3172
CID6252,3173
CID6253,3174
CID6256,3175
CID62770,3176
CID6279,3177
CID62857,3178
CID62859,3179
CID62878,3180
CID62886,3181
CID6291,3182
CID62920,3183
CID6293,3184
CID62935,3185
CID62969,3186
CID62978,3187
CID63002,3188
CID63009,3189
CID6321424,3190
CID63224,3191
CID6323266,3192
CID6328657,3193
CID6337614,3194
CID636362,3195
CID636375,3196
CID636377,3197
CID636402,3198
CID637568,3199
CID638024,3200
CID64139,3201
CID6419954,3202
CID6420023,3203
CID6420040,3204
CID6422124,3205
CID6435335,3206
CID6435415,3207
CID6436,3208
CID6436173,3209
CID6436208,3210
CID6436223,3211
CID6437368,3212
CID6437380,3213
CID6438130,3214
CID6440181,3215
CID644213,3216
CID644215,3217
CID6442177,3218
CID644241,3219
CID644274,3220
CID6444206,3221
CID6445540,3222
CID6450522,3223
CID6450551,3224
CID6450819,3225
CID6451164,3226
CID6456015,3227
CID6461,3228
CID64646,3229
CID64737,3230
CID6476900,3231
CID64945,3232
CID65015,3233
CID65016,3234
CID65028,3235
CID6503,3236
CID6505803,3237
CID65064,3238
CID6509979,3239
CID6519698,3240
CID65264,3241
CID65335,3242
CID65341,3243
CID65348,3244
CID65483,3245
CID65495,3246
CID65628,3247
CID65632,3248
CID656583,3249
CID656586,3250
CID656631,3251
CID656667,3252
CID656867,3253
CID656954,3254
CID657201,3255
CID657237,3256
CID65725,3257
CID657298,3258
CID657302,3259
CID65752,3260
CID65777,3261
CID65944,3262
CID65948,3263
CID65958,3264
CID65981,3265
CID65999,3266
CID6604165,3267
CID66062,3268
CID66064,3269
CID6613,3270
CID66144,3271
CID66259,3272
CID66414,3273
CID66558664,3274
CID66613669,3275
CID667467,3276
CID667476,3277
CID667484,3278
CID667490,3279
CID6675804,3280
CID667639,3281
CID66774402,3282
CID6710614,3283
CID672296,3284
CID67356,3285
CID6741,3286
CID67533,3287
CID6758,3288
CID676352,3289
CID68060125,3290
CID68077,3291
CID681,3292
CID68165256,3293
CID68234129,3294
CID68304,3295
CID6839,3296
CID6850808,3297
CID6851740,3298
CID68539,3299
CID68540,3300
CID68546,3301
CID68553,3302
CID6857732,3303
CID68589,3304
CID68591,3305
CID68601,3306
CID68617,3307
CID68624,3308
CID68647,3309
CID68654,3310
CID68727,3311
CID68740,3312
CID6878030,3313
CID6883,3314
CID68844,3315
CID68861,3316
CID68873,3317
CID6890,3318
CID68911,3319
CID6912,3320
CID6914273,3321
CID6914657,3322
CID6914666,3323
CID6915744,3324
CID6915944,3325
CID6917698,3326
CID6917715,3327
CID6917797,3328
CID6917864,3329
CID6918003,3330
CID6918078,3331
CID6918132,3332
CID6918178,3333
CID6918289,3334
CID6918296,3335
CID6918313,3336
CID6918427,3337
CID6918446,3338
CID6918462,3339
CID6918493,3340
CID6918558,3341
CID6918638,3342
CID6918664,3343
CID6918670,3344
CID6918678,3345
CID6918788,3346
CID6918837,3347
CID6918852,3348
CID7020,3349
CID704473,3350
CID70687193,3351
CID70789547,3352
CID70983932,3353
CID7108,3354
CID71158,3355
CID71188,3356
CID71295845,3357
CID71301,3358
CID71329,3359
CID71352,3360
CID71360,3361
CID71384,3362
CID71386,3363
CID71399,3364
CID71420,3365
CID71478,3366
CID71485,3367
CID71496458,3368
CID71543365,3369
CID71601111,3370
CID71616,3371
CID71664305,3372
CID7172,3373
CID71729975,3374
CID71764,3375
CID71773,3376
CID71815,3377
CID72092,3378
CID72172,3379
CID72200024,3380
CID72271,3381
CID72281,3382
CID72300,3383
CID72327,3384
CID72547474,3385
CID72551585,3386
CID72686,3387
CID72726,3388
CID72959169,3389
CID73014064,3390
CID73115,3391
CID73211763,3392
CID73265201,3393
CID73265219,3394
CID73265223,3395
CID73265226,3396
CID73265230,3397
CID73265233,3398
CID73265271,3399
CID73265272,3400
CID73265279,3401
CID73265309,3402
CID73265318,3403
CID73265327,3404
CID73265332,3405
CID73265336,3406
CID73265362,3407
CID73265363,3408
CID73265376,3409
CID73265377,3410
CID73265380,3411
CID73265383,3412
CID73265389,3413
CID73265397,3414
CID73265399,3415
CID73265406,3416
CID73265408,3417
CID73265414,3418
CID73442,3419
CID73461,3420
CID73602827,3421
CID73659,3422
CID73777259,3423
CID73957,3424
CID74989,3425
CID74990,3426
CID7533,3427
CID753704,3428
CID7550,3429
CID76044,3430
CID7638,3431
CID766949,3432
CID76971721,3433
CID77082,3434
CID77991,3435
CID77999,3436
CID78000,3437
CID78320408,3438
CID78357807,3439
CID82146,3440
CID8226,3441
CID8228,3442
CID836002,3443
CID83823,3444
CID83969,3445
CID83979,3446
CID84029,3447
CID8478,3448
CID8515,3449
CID8567,3450
CID8574,3451
CID8593,3452
CID8617,3453
CID86278937,3454
CID86287635,3455
CID8695,3456
CID8813,3457
CID8955,3458
CID896,3459
CID8975,3460
CID8980,3461
CID899323,3462
CID90045,3463
CID9015,3464
CID90309855,3465
CID90479327,3466
CID9049,3467
CID9051,3468
CID9066,3469
CID9082,3470
CID91430,3471
CID91466,3472
CID91505,3473
CID91513,3474
CID91610,3475
CID91617630,3476
CID91623361,3477
CID91649,3478
CID91801204,3479
CID91885438,3480
CID92151,3481
CID92178,3482
CID92722,3483
CID92727,3484
CID929262,3485
CID92965,3486
CID9351,3487
CID936,3488
CID938,3489
CID941361,3490
CID9433,3491
CID9444,3492
CID950368,3493
CID9549184,3494
CID9549295,3495
CID9549298,3496
CID9549305,3497
CID9574101,3498
CID9576185,3499
CID9642,3500
CID9651,3501
CID9690109,3502
CID969516,3503
CID9703,3504
CID9782,3505
CID9796068,3506
CID9796370,3507
CID9796440,3508
CID9803433,3509
CID9803963,3510
CID9804433,3511
CID9808844,3512
CID9811704,3513
CID9818478,3514
CID9818479,3515
CID9818682,3516
CID9823820,3517
CID9824562,3518
CID9825070,3519
CID9826309,3520
CID9826528,3521
CID9827968,3522
CID9832292,3523
CID9840076,3524
CID984170,3525
CID9843900,3526
CID9849040,3527
CID9852573,3528
CID9853654,3529
CID9854073,3530
CID9858940,3531
CID9865528,3532
CID9866696,3533
CID9868037,3534
CID9869929,3535
CID9870009,3536
CID9871419,3537
CID9874913,3538
CID9875401,3539
CID9880,3540
CID9882793,3541
CID9883029,3542
CID9887053,3543
CID9887712,3544
CID9888590,3545
CID9892071,3546
CID9893571,3547
CID9894653,3548
CID9902100,3549
CID9903,3550
CID9903786,3551
CID9907323,3552
CID9909368,3553
CID9910224,3554
CID9910486,3555
CID9910986,3556
CID9913405,3557
CID9914412,3558
CID9918559,3559
CID9926791,3560
CID9927531,3561
CID9927978,3562
CID9929127,3563
CID9929643,3564
CID9930913,3565
CID9931953,3566
CID9931954,3567
CID9933475,3568
CID9936388,3569
CID9937686,3570
CID9938280,3571
CID9941095,3572
CID9943465,3573
CID9949641,3574
CID9967941,3575
