internal_id,entity,CID,has_smiles,degree
1707,CID100016,CID100016,True,1
1708,CID100094,CID100094,True,1
1710,CID10027278,CID10027278,True,3
1711,CID10029385,CID10029385,True,2
1712,CID10034073,CID10034073,True,1
1713,CID10041070,CID10041070,True,1
1714,CID10047612,CID10047612,True,3
1715,CID10052040,CID10052040,True,1
1716,CID1005519,CID1005519,True,1
1717,CID10056071,CID10056071,True,1
1719,CID10070893,CID10070893,True,2
1720,CID10074640,CID10074640,True,3
1721,CID10077130,CID10077130,True,2
1722,CID10077147,CID10077147,True,3
1723,CID10090485,CID10090485,True,39
1724,CID10090750,CID10090750,True,248
1725,CID10095659,CID10095659,True,3
1726,CID10096344,CID10096344,True,3
1727,CID101043861,CID101043861,True,1
1728,CID10109823,CID10109823,True,3
1732,CID10133,CID10133,True,4
1733,CID1013376,CID1013376,True,1
1734,CID10138980,CID10138980,True,1
1735,CID10141893,CID10141893,True,1
1736,CID101526,CID101526,True,2
1739,CID10158940,CID10158940,True,2
1740,CID10160238,CID10160238,True,1
1743,CID10173277,CID10173277,True,13
1746,CID10177,CID10177,True,4
1748,CID10182969,CID10182969,True,2
1749,CID10184653,CID10184653,True,56
1750,CID10195250,CID10195250,True,3
1751,CID10201696,CID10201696,True,1
1752,CID10202642,CID10202642,True,2
1753,CID10206,CID10206,True,1
1754,CID10207,CID10207,True,2
1756,CID102175,CID102175,True,1
1757,CID10219,CID10219,True,41
1758,CID10226546,CID10226546,True,3
1759,CID10228,CID10228,True,12
1760,CID10231331,CID10231331,True,2
1761,CID10235,CID10235,True,26
1762,CID10237,CID10237,True,1
1763,CID102484,CID102484,True,1
1764,CID10253143,CID10253143,True,2
1765,CID10256643,CID10256643,True,1
1766,CID10271028,CID10271028,True,2
1767,CID10275789,CID10275789,True,3
1768,CID10280735,CID10280735,True,1
1769,CID10286159,CID10286159,True,2
1770,CID10288191,CID10288191,True,2
1771,CID10294813,CID10294813,True,1
1772,CID10296883,CID10296883,True,2
1773,CID10297043,CID10297043,True,20
1774,CID10302451,CID10302451,True,4
1775,CID10317566,CID10317566,True,4
1777,CID10331844,CID10331844,True,1
1778,CID10339178,CID10339178,True,361
1779,CID10339779,CID10339779,True,3
1780,CID10341154,CID10341154,True,4
1781,CID10348973,CID10348973,True,1
1783,CID10365033,CID10365033,True,1
1785,CID10367662,CID10367662,True,2
1787,CID10377751,CID10377751,True,1
1789,CID10409068,CID10409068,True,1
1791,CID10430360,CID10430360,True,1
1792,CID10435235,CID10435235,True,2
1793,CID10437018,CID10437018,True,2
1794,CID10458325,CID10458325,True,4
1796,CID10461508,CID10461508,True,5
1799,CID104741,CID104741,True,103
1800,CID10474335,CID10474335,True,1
1801,CID10475633,CID10475633,True,45
1803,CID104794,CID104794,True,3
1804,CID104799,CID104799,True,2
1805,CID1048267,CID1048267,True,1
1811,CID105115,CID105115,True,1
1815,CID10621,CID10621,True,3
1816,CID10629256,CID10629256,True,3
1818,CID10648,CID10648,True,1
1821,CID10701,CID10701,True,2
1822,CID107706,CID107706,True,2
1823,CID107751,CID107751,True,2
1824,CID107771,CID107771,True,84
1825,CID107778,CID107778,True,2
1828,CID107935,CID107935,True,4
1829,CID107952,CID107952,True,1
1830,CID107969,CID107969,True,20
1831,CID107970,CID107970,True,29
1833,CID107985,CID107985,True,19
1834,CID108092,CID108092,True,2
1836,CID108143,CID108143,True,3
1837,CID108144,CID108144,True,1
1838,CID108150,CID108150,True,2
1839,CID108187,CID108187,True,1
1840,CID10830,CID10830,True,1
1842,CID10866,CID10866,True,1
1844,CID10917,CID10917,True,1
1846,CID10995177,CID10995177,True,2
1847,CID1102,CID1102,True,1
1848,CID11057,CID11057,True,45
1850,CID11064619,CID11064619,True,1
1851,CID11065,CID11065,True,1
1852,CID11074431,CID11074431,True,1
1853,CID11079,CID11079,True,1
1854,CID11092,CID11092,True,18
1855,CID11102,CID11102,True,1
1857,CID11154925,CID11154925,True,1
1858,CID11159621,CID11159621,True,2
1859,CID11167112,CID11167112,True,1
1864,CID11201705,CID11201705,True,2
1866,CID11213558,CID11213558,True,2
1868,CID11219835,CID11219835,True,2
1869,CID11222830,CID11222830,True,3
1870,CID11224,CID11224,True,1
1871,CID11226684,CID11226684,True,1
1872,CID11228183,CID11228183,True,5
1874,CID11238147,CID11238147,True,2
1875,CID11242315,CID11242315,True,1
1876,CID11243536,CID11243536,True,1
1877,CID11243969,CID11243969,True,238
1878,CID11248490,CID11248490,True,1
1880,CID11249084,CID11249084,True,1
1882,CID11256664,CID11256664,True,2
1884,CID11271909,CID11271909,True,2
1886,CID11273,CID11273,True,5
1887,CID11282283,CID11282283,True,2
1888,CID11285001,CID11285001,True,1
1889,CID11285588,CID11285588,True,1
1893,CID11304743,CID11304743,True,1
1894,CID11313361,CID11313361,True,1
1895,CID11313622,CID11313622,True,1
1896,CID11314340,CID11314340,True,3
1897,CID11317348,CID11317348,True,3
1898,CID11326715,CID11326715,True,3
1900,CID11333,CID11333,True,2
1902,CID11345983,CID11345983,True,1
1903,CID11347535,CID11347535,True,786
1904,CID11349170,CID11349170,True,1
1905,CID11351021,CID11351021,True,2
1906,CID11354606,CID11354606,True,2
1907,CID11358077,CID11358077,True,2
1911,CID11383075,CID11383075,True,1
1912,CID11387605,CID11387605,True,2
1913,CID11393719,CID11393719,True,1
1914,CID11398092,CID11398092,True,3
1915,CID11399764,CID11399764,True,1
1925,CID11442891,CID11442891,True,69
1927,CID11452716,CID11452716,True,1
1928,CID11454028,CID11454028,True,4
1929,CID11455910,CID11455910,True,3
1930,CID11462174,CID11462174,True,1
1933,CID11477084,CID11477084,True,1
1934,CID11478363,CID11478363,True,1
1935,CID114811,CID114811,True,1
1936,CID11485656,CID11485656,True,4
1937,CID114869,CID114869,True,3
1938,CID11488110,CID11488110,True,2
1939,CID11488320,CID11488320,True,58
1940,CID11491176,CID11491176,True,1
1942,CID11493841,CID11493841,True,4
1943,CID11494412,CID11494412,True,27
1944,CID11497983,CID11497983,True,3
1946,CID115000,CID115000,True,1
1947,CID11501591,CID11501591,True,2
1948,CID115087,CID115087,True,1
1949,CID1150897,CID1150897,True,1
1950,CID115107,CID115107,True,1
1952,CID11519397,CID11519397,True,1
1953,CID11519741,CID11519741,True,1
1954,CID11520894,CID11520894,True,38
1955,CID11524144,CID11524144,True,42
1956,CID11525740,CID11525740,True,101
1957,CID115269,CID115269,True,1
1958,CID11530459,CID11530459,True,2
1959,CID11533060,CID11533060,True,1
1962,CID11538455,CID11538455,True,40
1963,CID11539025,CID11539025,True,1
1965,CID11548023,CID11548023,True,2
1966,CID11548630,CID11548630,True,1
1968,CID11556427,CID11556427,True,5
1970,CID11561383,CID11561383,True,3
1971,CID11565518,CID11565518,True,1
1972,CID11570805,CID11570805,True,2
1973,CID11577725,CID11577725,True,3
1974,CID11591741,CID11591741,True,1
1975,CID11595431,CID11595431,True,3
1977,CID11607738,CID11607738,True,3
1978,CID11609586,CID11609586,True,2
1979,CID11609955,CID11609955,True,1
1981,CID11617559,CID11617559,True,1
1982,CID11618268,CID11618268,True,1
1983,CID11619093,CID11619093,True,1
1984,CID11620908,CID11620908,True,1
1985,CID11625818,CID11625818,True,6
1987,CID11630874,CID11630874,True,1
1988,CID11634725,CID11634725,True,4
1989,CID11635371,CID11635371,True,1
1990,CID11638255,CID11638255,True,1
1992,CID11646823,CID11646823,True,1
1997,CID11667893,CID11667893,True,3
1998,CID11671467,CID11671467,True,40
1999,CID11673921,CID11673921,True,1
2000,CID11676373,CID11676373,True,1
2001,CID11676786,CID11676786,True,5
2003,CID11685945,CID11685945,True,2
2004,CID11689883,CID11689883,True,2
2006,CID11703255,CID11703255,True,1
2008,CID117072549,CID117072549,True,1
2009,CID117072550,CID117072550,True,1
2010,CID11712649,CID11712649,True,2
2011,CID11713159,CID11713159,True,2
2013,CID11717001,CID11717001,True,6
2015,CID11717641,CID11717641,True,23
2016,CID11719003,CID11719003,True,2
2017,CID11719130,CID11719130,True,1
2018,CID1174,CID1174,True,1
2019,CID11740218,CID11740218,True,15
2020,CID11745519,CID11745519,True,1
2021,CID11749858,CID11749858,True,1
2022,CID11750009,CID11750009,True,1
2023,CID11751549,CID11751549,True,1
2024,CID11754200,CID11754200,True,2
2025,CID11754511,CID11754511,True,1
2026,CID117636625,CID117636625,True,1
2027,CID117817422,CID117817422,True,22
2028,CID11784504,CID11784504,True,2
2030,CID117996749,CID117996749,True,1
2031,CID118025540,CID118025540,True,1
2032,CID118036971,CID118036971,True,1
2034,CID118196485,CID118196485,True,1
2036,CID1183,CID1183,True,1
2037,CID118310260,CID118310260,True,1
2038,CID11844351,CID11844351,True,1
2039,CID11848225,CID11848225,True,1
2041,CID118572017,CID118572017,True,1
2042,CID118572065,CID118572065,True,1
2043,CID11858109,CID11858109,True,2
2044,CID118598754,CID118598754,True,2
2045,CID118693658,CID118693658,True,1
2046,CID11876263,CID11876263,True,226
2047,CID118869362,CID118869362,True,1
2048,CID118946372,CID118946372,True,1
2049,CID118957930,CID118957930,True,2
2051,CID118986645,CID118986645,True,1
2052,CID119031,CID119031,True,1
2054,CID119081,CID119081,True,3
2055,CID119081417,CID119081417,True,1
2057,CID119192,CID119192,True,4
2059,CID119369,CID119369,True,1
2061,CID11950170,CID11950170,True,2
2063,CID11955716,CID11955716,True,3
2064,CID11955855,CID11955855,True,3
2066,CID11957503,CID11957503,True,23
2067,CID11957577,CID11957577,True,1
2068,CID11957628,CID11957628,True,1
2070,CID11957684,CID11957684,True,1
2071,CID11957721,CID11957721,True,1
2073,CID119584,CID119584,True,1
2075,CID11960529,CID11960529,True,2
2076,CID119607,CID119607,True,1
2077,CID11963194,CID11963194,True,3
2078,CID11964036,CID11964036,True,7
2079,CID11965767,CID11965767,True,1
2080,CID11973122,CID11973122,True,1
2081,CID11973736,CID11973736,True,1
2082,CID11976582,CID11976582,True,1
2083,CID11977753,CID11977753,True,115
2084,CID11978790,CID11978790,True,59
2086,CID11983295,CID11983295,True,4
2087,CID11984561,CID11984561,True,1
2088,CID11987888,CID11987888,True,2
2090,CID12000240,CID12000240,True,1
2095,CID121232405,CID121232405,True,1
2096,CID121271792,CID121271792,True,2
2097,CID121277860,CID121277860,True,1
2098,CID121328278,CID121328278,True,1
2099,CID1213452,CID1213452,True,1
2102,CID121473004,CID121473004,True,2
2103,CID121487936,CID121487936,True,2
2106,CID121513855,CID121513855,True,1
2108,CID121587,CID121587,True,1
2111,CID121892,CID121892,True,1
2112,CID122108,CID122108,True,223
2114,CID12215,CID12215,True,1
2115,CID122197581,CID122197581,True,12
2116,CID122262,CID122262,True,94
2121,CID123596,CID123596,True,1
2122,CID123606,CID123606,True,1
2123,CID123608,CID123608,True,98
2125,CID123723,CID123723,True,1
2126,CID12387471,CID12387471,True,3
2127,CID123964,CID123964,True,2
2128,CID123985,CID123985,True,1
2130,CID124112581,CID124112581,True,1
2131,CID124246,CID124246,True,1
2133,CID12597,CID12597,True,1
2134,CID12620,CID12620,True,1
2135,CID126565,CID126565,True,27
2136,CID126758,CID126758,True,1
2137,CID126843232,CID126843232,True,1
2140,CID1271002,CID1271002,True,2
2143,CID1274465,CID1274465,True,1
2144,CID129010078,CID129010078,True,20
2146,CID12934390,CID12934390,True,1
2147,CID129426,CID129426,True,1
2148,CID12947,CID12947,True,1
2149,CID129869,CID129869,True,2
2150,CID13018151,CID13018151,True,2
2152,CID130881,CID130881,True,229
2153,CID130904,CID130904,True,234
2155,CID13109,CID13109,True,234
2156,CID13116,CID13116,True,1
2158,CID131955127,CID131955127,True,1
2159,CID132449,CID132449,True,2
2163,CID132971,CID132971,True,105
2164,CID133021,CID133021,True,2
2165,CID133053818,CID133053818,True,1
2166,CID133065662,CID133065662,True,1
2170,CID134327298,CID134327298,True,4
2171,CID1345,CID1345,True,2
2174,CID134828256,CID134828256,True,2
2178,CID135398491,CID135398491,True,3
2180,CID135398495,CID135398495,True,4
2181,CID135398499,CID135398499,True,1
2184,CID135398512,CID135398512,True,1
2185,CID135398513,CID135398513,True,1
2186,CID135398521,CID135398521,True,2
2188,CID135398641,CID135398641,True,1
2189,CID135398645,CID135398645,True,1
2192,CID135398737,CID135398737,True,1
2194,CID135398739,CID135398739,True,2
2195,CID135398740,CID135398740,True,246
2196,CID135398741,CID135398741,True,1
2198,CID135398745,CID135398745,True,3
2199,CID135398748,CID135398748,True,1
2200,CID135399748,CID135399748,True,3
2201,CID135400182,CID135400182,True,4
2202,CID135400189,CID135400189,True,1
2203,CID135401907,CID135401907,True,310
2204,CID135402864,CID135402864,True,2
2205,CID135403620,CID135403620,True,2
2206,CID135403646,CID135403646,True,1
2207,CID135403805,CID135403805,True,1
2208,CID135403821,CID135403821,True,3
2210,CID135409400,CID135409400,True,3
2213,CID135410875,CID135410875,True,105
2215,CID135413494,CID135413494,True,1
2216,CID135413496,CID135413496,True,1
2218,CID135413505,CID135413505,True,1
2220,CID135413523,CID135413523,True,1
2221,CID135413534,CID135413534,True,1
2222,CID135413536,CID135413536,True,257
2224,CID135413539,CID135413539,True,3
2226,CID135415564,CID135415564,True,236
2227,CID135415867,CID135415867,True,1
2228,CID135418940,CID135418940,True,5
2229,CID135419190,CID135419190,True,1
2230,CID135421197,CID135421197,True,33
2231,CID135421442,CID135421442,True,4
2233,CID135430323,CID135430323,True,1
2234,CID135430945,CID135430945,True,2
2235,CID135440386,CID135440386,True,1
2236,CID135440466,CID135440466,True,1
2237,CID135449331,CID135449331,True,1
2239,CID135465539,CID135465539,True,1
2240,CID135473382,CID135473382,True,1
2247,CID135564599,CID135564599,True,2
2248,CID135564631,CID135564631,True,1
2249,CID135564749,CID135564749,True,1
2250,CID135564787,CID135564787,True,2
2251,CID135564864,CID135564864,True,1
2252,CID135564985,CID135564985,True,52
2253,CID135565082,CID135565082,True,1
2256,CID135565596,CID135565596,True,5
2257,CID135565635,CID135565635,True,4
2258,CID135565674,CID135565674,True,3
2261,CID135565981,CID135565981,True,1
2262,CID135567102,CID135567102,True,2
2263,CID135659062,CID135659062,True,1
2265,CID1357397,CID1357397,True,1
2267,CID135985126,CID135985126,True,1
2268,CID1361334,CID1361334,True,4
2270,CID136173253,CID136173253,True,1
2271,CID136216943,CID136216943,True,1
2272,CID136237316,CID136237316,True,1
2275,CID1362865,CID1362865,True,1
2276,CID1367095,CID1367095,True,1
2279,CID13791,CID13791,True,1
2280,CID1383884,CID1383884,True,2
2281,CID138402877,CID138402877,True,1
2282,CID138403267,CID138403267,True,2
2283,CID13943299,CID13943299,True,1
2284,CID13988706,CID13988706,True,98
2285,CID1400,CID1400,True,1
2287,CID14010333,CID14010333,True,1
2288,CID14033269,CID14033269,True,2
2291,CID14240392,CID14240392,True,2
2293,CID1461,CID1461,True,220
2295,CID146571,CID146571,True,1
2298,CID147912,CID147912,True,1
2299,CID148121,CID148121,True,144
2301,CID148177,CID148177,True,3
2302,CID148195,CID148195,True,3
2307,CID149096,CID149096,True,2
2308,CID14957,CID14957,True,1
2310,CID14989,CID14989,True,2
2311,CID150311,CID150311,True,230
2312,CID15057856,CID15057856,True,1
2313,CID150762,CID150762,True,1
2316,CID151118,CID151118,True,1
2318,CID151170,CID151170,True,2
2320,CID151178,CID151178,True,1
2322,CID151194,CID151194,True,4
2323,CID153270,CID153270,True,2
2325,CID153994,CID153994,True,1
2326,CID153997,CID153997,True,1
2329,CID154256,CID154256,True,1
2330,CID154257,CID154257,True,5
2331,CID154272,CID154272,True,1
2332,CID154417,CID154417,True,1
2333,CID15443,CID15443,True,1
2336,CID1548887,CID1548887,True,3
2337,CID1548943,CID1548943,True,2
2339,CID1548972,CID1548972,True,3
2343,CID1550286,CID1550286,True,1
2344,CID155290,CID155290,True,1
2345,CID15547703,CID15547703,True,4
2346,CID15558393,CID15558393,True,20
2347,CID155815,CID155815,True,1
2349,CID15605952,CID15605952,True,1
2351,CID156414,CID156414,True,7
2354,CID156422,CID156422,True,27
2355,CID15664,CID15664,True,1
2356,CID15723,CID15723,True,1
2357,CID157920,CID157920,True,226
2358,CID158550,CID158550,True,1
2359,CID158758,CID158758,True,1
2361,CID158797,CID158797,True,12
2362,CID159269,CID159269,True,2
2363,CID159278,CID159278,True,2
2364,CID159324,CID159324,True,4
2365,CID159325,CID159325,True,1
2366,CID15951529,CID15951529,True,3
2368,CID15953870,CID15953870,True,4
2372,CID159968,CID159968,True,1
2375,CID160254,CID160254,True,3
2376,CID160355,CID160355,True,2
2377,CID16038120,CID16038120,True,5
2378,CID16038374,CID16038374,True,5
2379,CID16041424,CID16041424,True,4
2380,CID160436,CID160436,True,1
2381,CID16048654,CID16048654,True,1
2382,CID16049404,CID16049404,True,2
2384,CID16052038,CID16052038,True,3
2386,CID16078973,CID16078973,True,1
2387,CID16078986,CID16078986,True,1
2388,CID16086114,CID16086114,True,3
2389,CID16095342,CID16095342,True,27
2390,CID16097523,CID16097523,True,3
2392,CID16108977,CID16108977,True,3
2393,CID16118392,CID16118392,True,3
2394,CID16123056,CID16123056,True,1
2398,CID161557,CID161557,True,2
2400,CID162147,CID162147,True,1
2401,CID16216349,CID16216349,True,1
2403,CID16218924,CID16218924,True,3
2404,CID16219612,CID16219612,True,1
2405,CID16220066,CID16220066,True,1
2408,CID16222096,CID16222096,True,13
2409,CID16222097,CID16222097,True,14
2410,CID16222379,CID16222379,True,1
2411,CID16224745,CID16224745,True,1
2413,CID16307093,CID16307093,True,1
2415,CID163263,CID163263,True,1
2418,CID163701,CID163701,True,1
2419,CID163751,CID163751,True,13
2420,CID164509,CID164509,True,1
2421,CID164521,CID164521,True,1
2423,CID164676,CID164676,True,3
2425,CID16533,CID16533,True,2
2427,CID165411828,CID165411828,True,1
2428,CID165457,CID165457,True,1
2429,CID165542,CID165542,True,1
2430,CID165580,CID165580,True,233
2431,CID16654980,CID16654980,True,96
2432,CID166558,CID166558,True,2
2433,CID16659841,CID16659841,True,3
2434,CID16666332,CID16666332,True,2
2438,CID16667669,CID16667669,True,262
2439,CID16678941,CID16678941,True,2
2440,CID16681698,CID16681698,True,3
2441,CID16718576,CID16718576,True,32
2445,CID16722834,CID16722834,True,1
2446,CID16722836,CID16722836,True,3
2447,CID16723044,CID16723044,True,1
2448,CID16725726,CID16725726,True,7
2449,CID16736529,CID16736529,True,44
2450,CID16736978,CID16736978,True,5
2451,CID16738693,CID16738693,True,1
2452,CID16739650,CID16739650,True,2
2453,CID16741245,CID16741245,True,1
2454,CID16742063,CID16742063,True,1
2457,CID16755649,CID16755649,True,8
2461,CID16759177,CID16759177,True,1
2462,CID16760658,CID16760658,True,1
2465,CID167980,CID167980,True,1
2467,CID168993,CID168993,True,1
2468,CID169371,CID169371,True,4
2469,CID170361,CID170361,True,1
2470,CID170367,CID170367,True,1
2471,CID17134,CID17134,True,59
2473,CID17275,CID17275,True,1
2475,CID174174,CID174174,True,1
2476,CID174277,CID174277,True,1
2477,CID17513,CID17513,True,1
2481,CID176155,CID176155,True,4
2483,CID176167,CID176167,True,1
2484,CID176517025,CID176517025,True,1
2486,CID176870,CID176870,True,115
2487,CID176871,CID176871,True,97
2488,CID176873,CID176873,True,1
2489,CID177335,CID177335,True,2
2492,CID1775,CID1775,True,1
2493,CID17751063,CID17751063,True,1
2494,CID17751819,CID17751819,True,1
2499,CID17756618,CID17756618,True,2
2500,CID177865,CID177865,True,1
2501,CID178024,CID178024,True,1
2502,CID1794427,CID1794427,True,1
2503,CID179651,CID179651,True,1
2504,CID181458,CID181458,True,2
2506,CID18343,CID18343,True,3
2508,CID188914,CID188914,True,2
2509,CID189821,CID189821,True,1
2511,CID1901244,CID1901244,True,1
2512,CID19212,CID19212,True,2
2514,CID1935,CID1935,True,238
2516,CID19675,CID19675,True,6
2517,CID196968,CID196968,True,1
2518,CID196970,CID196970,True,2
2519,CID1973,CID1973,True,2
2522,CID1983,CID1983,True,1
2523,CID1985,CID1985,True,1
2526,CID198693,CID198693,True,1
2527,CID1989,CID1989,True,214
2529,CID19910,CID19910,True,1
2530,CID200103,CID200103,True,1
2531,CID20058,CID20058,True,3
2532,CID20279,CID20279,True,23
2533,CID204100,CID204100,True,1
2534,CID2044,CID2044,True,2
2535,CID2049,CID2049,True,1
2536,CID2051,CID2051,True,1
2537,CID20525,CID20525,True,2
2538,CID20635522,CID20635522,True,1
2539,CID207841,CID207841,True,1
2540,CID2082,CID2082,True,270
2541,CID2083,CID2083,True,1
2542,CID20849066,CID20849066,True,1
2543,CID2088,CID2088,True,2
2544,CID208898,CID208898,True,237
2546,CID208908,CID208908,True,163
2547,CID20916937,CID20916937,True,2
2549,CID20933,CID20933,True,1
2550,CID210172,CID210172,True,1
2551,CID210332,CID210332,True,3
2552,CID21081761,CID21081761,True,1
2554,CID2125,CID2125,True,1
2555,CID2130,CID2130,True,232
2557,CID213040,CID213040,True,1
2558,CID2141,CID2141,True,102
2559,CID214347,CID214347,True,1
2561,CID2145,CID2145,True,2
2562,CID21467,CID21467,True,1
2565,CID2155,CID2155,True,1
2566,CID2155128,CID2155128,True,2
2568,CID21585658,CID21585658,True,2
2572,CID2162,CID2162,True,1
2573,CID216210,CID216210,True,3
2578,CID216454,CID216454,True,36
2580,CID216468,CID216468,True,1
2582,CID2170,CID2170,True,224
2583,CID21704,CID21704,True,4
2584,CID21718,CID21718,True,1
2585,CID2176,CID2176,True,1
2587,CID2179,CID2179,True,1
2592,CID219078,CID219078,True,228
2593,CID219099,CID219099,True,1
2594,CID219104,CID219104,True,1
2595,CID2196,CID2196,True,3
2597,CID22024915,CID22024915,True,1
2598,CID220401,CID220401,True,2
2602,CID222284,CID222284,True,1
2603,CID222285,CID222285,True,1
2604,CID22291652,CID22291652,True,4
2605,CID2230,CID2230,True,3
2606,CID22386467,CID22386467,True,2
2609,CID22475,CID22475,True,229
2610,CID2249,CID2249,True,241
2611,CID22508903,CID22508903,True,2
2613,CID22570509,CID22570509,True,1
2614,CID22571,CID22571,True,1
2615,CID22624897,CID22624897,True,1
2616,CID2265,CID2265,True,2
2617,CID2267,CID2267,True,1
2619,CID22833280,CID22833280,True,25
2620,CID2284,CID2284,True,236
2621,CID22880,CID22880,True,1
2622,CID229455,CID229455,True,3
2623,CID2296132,CID2296132,True,2
2624,CID23009,CID23009,True,1
2625,CID23063810,CID23063810,True,1
2626,CID2310,CID2310,True,1
2627,CID23116321,CID23116321,True,3
2628,CID2315,CID2315,True,1
2631,CID2333,CID2333,True,1
2632,CID2337,CID2337,True,1
2636,CID2355,CID2355,True,1
2637,CID23565,CID23565,True,1
2638,CID23582824,CID23582824,True,47
2641,CID23634362,CID23634362,True,1
2643,CID23642227,CID23642227,True,1
2644,CID23643975,CID23643975,True,1
2645,CID23653175,CID23653175,True,1
2648,CID23662354,CID23662354,True,3
2649,CID23663126,CID23663126,True,1
2650,CID23663939,CID23663939,True,2
2651,CID23663941,CID23663941,True,1
2652,CID23663953,CID23663953,True,1
2653,CID23663956,CID23663956,True,1
2654,CID23663973,CID23663973,True,1
2655,CID23663974,CID23663974,True,1
2657,CID23663991,CID23663991,True,1
2658,CID23663996,CID23663996,True,1
2659,CID23665411,CID23665411,True,1
2661,CID23666879,CID23666879,True,1
2663,CID23667548,CID23667548,True,1
2664,CID23667628,CID23667628,True,1
2667,CID23668834,CID23668834,True,1
2670,CID23674541,CID23674541,True,1
2672,CID23679527,CID23679527,True,1
2673,CID23681059,CID23681059,True,1
2675,CID23683671,CID23683671,True,1
2676,CID23685176,CID23685176,True,1
2678,CID2369,CID2369,True,3
2679,CID23696523,CID23696523,True,3
2681,CID2370,CID2370,True,2
2682,CID23711819,CID23711819,True,1
2683,CID23725083,CID23725083,True,1
2684,CID23725625,CID23725625,True,69
2685,CID2375,CID2375,True,4
2686,CID2377,CID2377,True,1
2687,CID2378,CID2378,True,1
2688,CID238053,CID238053,True,1
2690,CID2391,CID2391,True,1
2691,CID2404,CID2404,True,1
2692,CID2405,CID2405,True,1
2694,CID240767,CID240767,True,1
2695,CID2415,CID2415,True,1
2697,CID24180719,CID24180719,True,5
2698,CID24197464,CID24197464,True,98
2699,CID243,CID243,True,1
2701,CID24360,CID24360,True,79
2702,CID2438,CID2438,True,1
2703,CID2442,CID2442,True,1
2705,CID2453,CID2453,True,1
2709,CID24720972,CID24720972,True,1
2712,CID24748204,CID24748204,True,37
2713,CID24748573,CID24748573,True,4
2715,CID24756910,CID24756910,True,32
2716,CID24764449,CID24764449,True,1
2717,CID24765037,CID24765037,True,1
2718,CID24767976,CID24767976,True,1
2721,CID24770514,CID24770514,True,4
2722,CID24771824,CID24771824,True,1
2723,CID24771867,CID24771867,True,55
2724,CID24772860,CID24772860,True,3
2725,CID24775005,CID24775005,True,4
2726,CID24776050,CID24776050,True,2
2727,CID24776445,CID24776445,True,103
2728,CID24779724,CID24779724,True,3
2729,CID24779775,CID24779775,True,8
2730,CID2478,CID2478,True,308
2731,CID24780598,CID24780598,True,1
2732,CID24785538,CID24785538,True,121
2733,CID24788636,CID24788636,True,1
2734,CID24788740,CID24788740,True,5
2735,CID24794418,CID24794418,True,2
2736,CID24795070,CID24795070,True,4
2737,CID24800108,CID24800108,True,1
2738,CID24800541,CID24800541,True,4
2739,CID24812758,CID24812758,True,3
2740,CID24821094,CID24821094,True,286
2741,CID24822275,CID24822275,True,1
2743,CID24826799,CID24826799,True,42
2744,CID24840086,CID24840086,True,4
2745,CID24853505,CID24853505,True,2
2748,CID24857286,CID24857286,True,2
2749,CID24857323,CID24857323,True,3
2750,CID24858111,CID24858111,True,1
2752,CID24864821,CID24864821,True,2
2754,CID24866733,CID24866733,True,1
2756,CID24879368,CID24879368,True,1
2758,CID24883277,CID24883277,True,1
2760,CID24889392,CID24889392,True,3
2763,CID24905149,CID24905149,True,4
2764,CID24906275,CID24906275,True,3
2766,CID24951314,CID24951314,True,5
2768,CID24963252,CID24963252,True,18
2769,CID24964624,CID24964624,True,149
2770,CID24967599,CID24967599,True,1
2771,CID24978538,CID24978538,True,190
2772,CID24988881,CID24988881,True,1
2773,CID24995523,CID24995523,True,1
2774,CID24995524,CID24995524,True,3
2775,CID24996872,CID24996872,True,1
2776,CID25017411,CID25017411,True,1
2777,CID25019940,CID25019940,True,2
2779,CID25022668,CID25022668,True,1
2780,CID25023738,CID25023738,True,4
2781,CID25027363,CID25027363,True,1
2783,CID25050,CID25050,True,2
2784,CID25062766,CID25062766,True,4
2787,CID25073775,CID25073775,True,2
2788,CID25093235,CID25093235,True,3
2793,CID25109292,CID25109292,True,2
2794,CID25109985,CID25109985,True,2
2796,CID25113169,CID25113169,True,1
2797,CID25113626,CID25113626,True,1
2799,CID25114442,CID25114442,True,1
2800,CID25117126,CID25117126,True,1
2801,CID25124816,CID25124816,True,5
2804,CID25127713,CID25127713,True,2
2806,CID25134521,CID25134521,True,2
2809,CID25141092,CID25141092,True,2
2810,CID25145656,CID25145656,True,2
2812,CID25151352,CID25151352,True,2
2813,CID25151504,CID25151504,True,1
2814,CID25154041,CID25154041,True,2
2816,CID25154714,CID25154714,True,1
2818,CID25167017,CID25167017,True,1
2819,CID25167777,CID25167777,True,84
2821,CID25169382,CID25169382,True,1
2824,CID2519,CID2519,True,2
2825,CID25195294,CID25195294,True,4
2827,CID25195352,CID25195352,True,1
2828,CID25199517,CID25199517,True,2
2831,CID25207689,CID25207689,True,4
2833,CID25226117,CID25226117,True,1
2836,CID25227847,CID25227847,True,2
2837,CID25229450,CID25229450,True,1
2842,CID25253377,CID25253377,True,2
2847,CID25262792,CID25262792,True,6
2849,CID25263033,CID25263033,True,1
2850,CID25265312,CID25265312,True,1
2852,CID253078,CID253078,True,1
2853,CID2536,CID2536,True,4
2854,CID2540,CID2540,True,1
2858,CID2577,CID2577,True,2
2859,CID2578,CID2578,True,313
2862,CID259331,CID259331,True,1
2863,CID259846,CID259846,True,2
2865,CID260439,CID260439,True,1
2867,CID265237,CID265237,True,32
2868,CID26596,CID26596,True,1
2869,CID2662,CID2662,True,103
2871,CID26758,CID26758,True,1
2874,CID2682,CID2682,True,1
2875,CID26879,CID26879,True,240
2876,CID26964,CID26964,True,1
2877,CID2703,CID2703,True,2
2879,CID2713,CID2713,True,1
2880,CID2717,CID2717,True,2
2888,CID2724368,CID2724368,True,1
2890,CID2725002,CID2725002,True,2
2891,CID2725048,CID2725048,True,1
2893,CID2727,CID2727,True,1
2894,CID2729042,CID2729042,True,1
2896,CID2733525,CID2733525,True,114
2899,CID27400,CID27400,True,1
2902,CID27447,CID27447,True,1
2903,CID2746,CID2746,True,2
2906,CID27503,CID27503,True,2
2909,CID2756,CID2756,True,1
2910,CID2761171,CID2761171,True,2
2911,CID2762,CID2762,True,1
2913,CID2764,CID2764,True,1
2922,CID2797577,CID2797577,True,1
2923,CID2800,CID2800,True,6
2924,CID2800647,CID2800647,True,2
2925,CID2801,CID2801,True,1
2926,CID2803,CID2803,True,1
2927,CID28061,CID28061,True,1
2929,CID2812,CID2812,True,2
2930,CID2817763,CID2817763,True,1
2931,CID2819993,CID2819993,True,1
2932,CID2827646,CID2827646,True,1
2933,CID2828334,CID2828334,True,4
2935,CID285033,CID285033,True,10
2937,CID2882155,CID2882155,True,1
2938,CID2888648,CID2888648,True,2
2939,CID2893,CID2893,True,1
2940,CID2895,CID2895,True,1
2941,CID2900,CID2900,True,2
2942,CID2907,CID2907,True,113
2943,CID29112,CID29112,True,65
2944,CID2913,CID2913,True,1
2945,CID29243,CID29243,True,1
2947,CID2929,CID2929,True,1
2948,CID29327,CID29327,True,98
2949,CID2942,CID2942,True,55
2950,CID2950007,CID2950007,True,1
2952,CID2984337,CID2984337,True,1
2953,CID29971118,CID29971118,True,2
2954,CID29985980,CID29985980,True,1
2955,CID3000322,CID3000322,True,1
2957,CID3001055,CID3001055,True,1
2960,CID3003565,CID3003565,True,3
2962,CID3005572,CID3005572,True,16
2963,CID3006531,CID3006531,True,1
2964,CID3008319,CID3008319,True,2
2966,CID3009355,CID3009355,True,1
2967,CID3010818,CID3010818,True,3
2969,CID3019,CID3019,True,265
2971,CID3023,CID3023,True,1
2973,CID3025944,CID3025944,True,1
2974,CID3025961,CID3025961,True,2
2975,CID3025986,CID3025986,True,30
2976,CID3032,CID3032,True,1
2979,CID3032771,CID3032771,True,1
2980,CID3033050,CID3033050,True,2
2981,CID3033825,CID3033825,True,2
2984,CID3034034,CID3034034,True,270
2988,CID3037209,CID3037209,True,2
2989,CID3038,CID3038,True,225
2990,CID3038502,CID3038502,True,1
2991,CID3038517,CID3038517,True,1
2992,CID3038522,CID3038522,True,4
2993,CID3038525,CID3038525,True,3
2996,CID3045381,CID3045381,True,2
3000,CID3052775,CID3052775,True,1
3001,CID3055,CID3055,True,239
3002,CID3062316,CID3062316,True,187
3004,CID30751,CID30751,True,2
3007,CID3085326,CID3085326,True,1
3009,CID3100,CID3100,True,1
3010,CID3101542,CID3101542,True,1
3012,CID31072,CID31072,True,1
3014,CID3114,CID3114,True,9
3015,CID311434,CID311434,True,2
3016,CID3117,CID3117,True,296
3019,CID31239,CID31239,True,1
3021,CID31411,CID31411,True,20
3022,CID3151,CID3151,True,2
3023,CID31553,CID31553,True,2
3025,CID3157,CID3157,True,1
3028,CID3168,CID3168,True,1
3029,CID3169,CID3169,True,1
3035,CID3203,CID3203,True,1
3036,CID32169,CID32169,True,1
3037,CID3218,CID3218,True,2
3038,CID3220,CID3220,True,3
3048,CID3324,CID3324,True,4
3049,CID3326,CID3326,True,1
3050,CID3330,CID3330,True,28
3051,CID3331,CID3331,True,232
3053,CID3336,CID3336,True,9
3054,CID3339,CID3339,True,2
3061,CID33613,CID33613,True,1
3062,CID3362,CID3362,True,1
3064,CID3365,CID3365,True,2
3065,CID3366,CID3366,True,2
3067,CID3371,CID3371,True,1
3068,CID3372,CID3372,True,2
3069,CID3372016,CID3372016,True,1
3070,CID3373,CID3373,True,239
3071,CID3374,CID3374,True,1
3072,CID3378093,CID3378093,True,2
3077,CID3396,CID3396,True,8
3078,CID3397,CID3397,True,235
3079,CID3406,CID3406,True,243
3082,CID34312,CID34312,True,13
3083,CID34359,CID34359,True,1
3084,CID3440,CID3440,True,2
3085,CID344265,CID344265,True,3
3089,CID34633,CID34633,True,10
3094,CID3476,CID3476,True,3
3095,CID3476986,CID3476986,True,1
3096,CID3478,CID3478,True,4
3097,CID3488,CID3488,True,1
3099,CID3501,CID3501,True,1
3101,CID3503,CID3503,True,2
3102,CID3516,CID3516,True,1
3103,CID3519,CID3519,True,264
3109,CID3549,CID3549,True,1
3111,CID3559,CID3559,True,3
3112,CID356653,CID356653,True,98
3114,CID35802,CID35802,True,2
3115,CID358177,CID358177,True,10
3116,CID36294,CID36294,True,1
3119,CID3639,CID3639,True,3
3123,CID3654103,CID3654103,True,2
3126,CID36708,CID36708,True,31
3127,CID3672,CID3672,True,2
3128,CID3675,CID3675,True,1
3131,CID36811,CID36811,True,1
3134,CID3690,CID3690,True,99
3136,CID3702,CID3702,True,2
3137,CID3712,CID3712,True,1
3139,CID37392,CID37392,True,70
3140,CID37393,CID37393,True,311
3141,CID374536,CID374536,True,2
3143,CID3749,CID3749,True,1
3144,CID3752,CID3752,True,1
3146,CID3760,CID3760,True,1
3149,CID3784,CID3784,True,10
3150,CID379077,CID379077,True,1
3151,CID3795,CID3795,True,2
3155,CID3825,CID3825,True,1
3156,CID3825829,CID3825829,True,1
3158,CID3827,CID3827,True,2
3164,CID3883,CID3883,True,251
3167,CID38911,CID38911,True,41
3171,CID39186,CID39186,True,10
3172,CID3922,CID3922,True,3
3175,CID393111,CID393111,True,1
3176,CID3932,CID3932,True,11
3177,CID3938007,CID3938007,True,1
3179,CID3948,CID3948,True,2
3181,CID3955,CID3955,True,239
3183,CID3957,CID3957,True,1
3185,CID3973,CID3973,True,3
3187,CID397888,CID397888,True,1
3188,CID398148,CID398148,True,4
3190,CID399465,CID399465,True,1
3191,CID4006,CID4006,True,2
3194,CID4008,CID4008,True,30
3196,CID4021,CID4021,True,2
3198,CID4032,CID4032,True,224
3199,CID4033,CID4033,True,1
3201,CID4037,CID4037,True,266
3202,CID4044,CID4044,True,1
3204,CID405012,CID405012,True,2
3205,CID4054,CID4054,True,237
3206,CID4055,CID4055,True,3
3210,CID40632,CID40632,True,1
3212,CID4068248,CID4068248,True,1
3216,CID40854,CID40854,True,2
3219,CID409805,CID409805,True,2
3222,CID41022,CID41022,True,11
3223,CID4107,CID4107,True,1
3224,CID41114,CID41114,True,1
3225,CID4114,CID4114,True,104
3227,CID4122,CID4122,True,4
3228,CID4139,CID4139,True,2
3230,CID41684,CID41684,True,253
3231,CID4170,CID4170,True,2
3233,CID4173,CID4173,True,230
3235,CID41781,CID41781,True,1
3237,CID41867,CID41867,True,1
3242,CID4205,CID4205,True,4
3243,CID4210951,CID4210951,True,1
3245,CID4212,CID4212,True,351
3246,CID4216,CID4216,True,1
3250,CID4248455,CID4248455,True,1
3251,CID4259181,CID4259181,True,4
3254,CID42609626,CID42609626,True,1
3255,CID42609849,CID42609849,True,1
3258,CID42623900,CID42623900,True,2
3259,CID42623951,CID42623951,True,1
3260,CID42627755,CID42627755,True,1
3261,CID42628503,CID42628503,True,2
3263,CID42640,CID42640,True,1
3264,CID42642645,CID42642645,True,3
3266,CID42642654,CID42642654,True,1
3268,CID43116,CID43116,True,2
3270,CID4331799,CID4331799,True,1
3272,CID43815,CID43815,True,2
3273,CID439246,CID439246,True,2
3274,CID439260,CID439260,True,1
3275,CID439280,CID439280,True,2
3278,CID439518,CID439518,True,1
3279,CID439533,CID439533,True,2
3280,CID439647,CID439647,True,6
3281,CID439693,CID439693,True,226
3282,CID4409,CID4409,True,1
3283,CID44093,CID44093,True,1
3285,CID4410,CID4410,True,1
3287,CID441130,CID441130,True,1
3288,CID441140,CID441140,True,1
3292,CID4413,CID4413,True,1
3294,CID441302,CID441302,True,1
3295,CID441307,CID441307,True,1
3298,CID441325,CID441325,True,11
3301,CID441344,CID441344,True,1
3303,CID441351,CID441351,True,2
3305,CID441361,CID441361,True,21
3308,CID44139710,CID44139710,True,2
3311,CID44143209,CID44143209,True,2
3312,CID44143370,CID44143370,True,1
3314,CID44156902,CID44156902,True,24
3315,CID44156921,CID44156921,True,2
3316,CID4418,CID4418,True,8
3318,CID44181686,CID44181686,True,1
3320,CID44182398,CID44182398,True,2
3321,CID44187,CID44187,True,1
3322,CID44187362,CID44187362,True,3
3323,CID44187953,CID44187953,True,1
3324,CID44191096,CID44191096,True,1
3326,CID44195701,CID44195701,True,2
3327,CID44199317,CID44199317,True,1
3328,CID442021,CID442021,True,1
3329,CID44205240,CID44205240,True,1
3331,CID442088,CID442088,True,1
3332,CID4421,CID4421,True,1
3333,CID44219749,CID44219749,True,5
3335,CID44225877,CID44225877,True,2
3336,CID44237094,CID44237094,True,1
3337,CID44240850,CID44240850,True,3
3338,CID442424,CID442424,True,2
3339,CID442428,CID442428,True,1
3340,CID442439,CID442439,True,1
3342,CID44247466,CID44247466,True,1
3344,CID442514,CID442514,True,2
3345,CID44251605,CID44251605,True,4
3346,CID442534,CID442534,True,2
3349,CID442972,CID442972,True,1
3353,CID443354,CID443354,True,3
3355,CID443390,CID443390,True,30
3356,CID44341259,CID44341259,True,2
3360,CID443867,CID443867,True,1
3362,CID443873,CID443873,True,1
3365,CID443939,CID443939,True,102
3370,CID444020,CID444020,True,1
3371,CID444025,CID444025,True,1
3372,CID444030,CID444030,True,1
3375,CID44403842,CID44403842,True,98
3376,CID44404825,CID44404825,True,1
3381,CID44462758,CID44462758,True,2
3382,CID44462760,CID44462760,True,37
3383,CID444679,CID444679,True,3
3384,CID44469321,CID44469321,True,96
3386,CID44475014,CID44475014,True,2
3387,CID444795,CID444795,True,105
3388,CID44480399,CID44480399,True,2
3389,CID44483163,CID44483163,True,1
3390,CID445154,CID445154,True,3
3393,CID44543605,CID44543605,True,3
3394,CID44545852,CID44545852,True,3
3395,CID44551660,CID44551660,True,12
3397,CID445643,CID445643,True,244
3400,CID44592366,CID44592366,True,1
3401,CID44595079,CID44595079,True,1
3405,CID44603533,CID44603533,True,2
3406,CID4460695,CID4460695,True,1
3408,CID44607530,CID44607530,True,4
3409,CID44607531,CID44607531,True,2
3414,CID446378,CID446378,True,121
3417,CID446727,CID446727,True,1
3418,CID446738,CID446738,True,1
3419,CID446987,CID446987,True,226
3421,CID447077,CID447077,True,45
3424,CID4474,CID4474,True,25
3425,CID4477,CID4477,True,279
3426,CID447865,CID447865,True,1
3427,CID447905,CID447905,True,2
3429,CID447966,CID447966,True,1
3430,CID448013,CID448013,True,37
3431,CID448014,CID448014,True,1
3432,CID448042,CID448042,True,3
3433,CID448055,CID448055,True,2
3434,CID44814409,CID44814409,True,1
3435,CID44828492,CID44828492,True,1
3436,CID4485,CID4485,True,1
3437,CID448537,CID448537,True,2
3438,CID448545,CID448545,True,2
3440,CID448601,CID448601,True,2
3442,CID4488,CID4488,True,3
3444,CID448949,CID448949,True,1
3445,CID448991,CID448991,True,3
3446,CID449035,CID449035,True,2
3447,CID449054,CID449054,True,4
3449,CID449171,CID449171,True,24
3450,CID449193,CID449193,True,2
3453,CID449381,CID449381,True,232
3455,CID4495,CID4495,True,2
3456,CID4497,CID4497,True,1
3460,CID45101433,CID45101433,True,1
3461,CID4513,CID4513,True,235
3462,CID45139106,CID45139106,True,3
3465,CID4521392,CID4521392,True,3
3467,CID45270144,CID45270144,True,1
3469,CID453548,CID453548,True,2
3471,CID45375887,CID45375887,True,1
3474,CID454194,CID454194,True,1
3478,CID456214,CID456214,True,2
3480,CID4566,CID4566,True,1
3482,CID45784923,CID45784923,True,1
3485,CID4594,CID4594,True,3
3486,CID45942672,CID45942672,True,1
3487,CID4595,CID4595,True,1
3488,CID459617,CID459617,True,1
3489,CID4601,CID4601,True,1
3490,CID460612,CID460612,True,2
3491,CID461399,CID461399,True,4
3495,CID46180666,CID46180666,True,2
3496,CID46184986,CID46184986,True,2
3497,CID46188928,CID46188928,True,25
3498,CID46189838,CID46189838,True,2
3501,CID46199207,CID46199207,True,3
3502,CID46199646,CID46199646,True,1
3505,CID4621,CID4621,True,1
3506,CID46213929,CID46213929,True,5
3508,CID46215462,CID46215462,True,1
3510,CID46216556,CID46216556,True,2
3511,CID46216796,CID46216796,True,4
3512,CID4622,CID4622,True,1
3513,CID46220502,CID46220502,True,27
3514,CID46224413,CID46224413,True,1
3515,CID46224516,CID46224516,True,2
3516,CID46232606,CID46232606,True,1
3519,CID46239015,CID46239015,True,52
3520,CID46241268,CID46241268,True,2
3522,CID46244454,CID46244454,True,1
3523,CID46245047,CID46245047,True,2
3524,CID46245328,CID46245328,True,2
3526,CID4634,CID4634,True,1
3527,CID4636,CID4636,True,2
3531,CID4659569,CID4659569,True,2
3533,CID4674,CID4674,True,257
3534,CID46742353,CID46742353,True,1
3535,CID4679,CID4679,True,2
3537,CID46832368,CID46832368,True,4
3540,CID46843772,CID46843772,True,3
3541,CID46843906,CID46843906,True,2
3543,CID46866705,CID46866705,True,2
3544,CID46870258,CID46870258,True,2
3546,CID46883536,CID46883536,True,2
3547,CID46885626,CID46885626,True,4
3550,CID46909588,CID46909588,True,1
3552,CID46911228,CID46911228,True,1
3553,CID46911863,CID46911863,True,3
3556,CID46918825,CID46918825,True,1
3557,CID46925884,CID46925884,True,2
3558,CID46926062,CID46926062,True,1
3561,CID46927888,CID46927888,True,3
3562,CID46930984,CID46930984,True,1
3563,CID46930992,CID46930992,True,3
3564,CID46930998,CID46930998,True,1
3566,CID46931953,CID46931953,True,1
3567,CID46933992,CID46933992,True,2
3568,CID46934289,CID46934289,True,1
3569,CID46940575,CID46940575,True,1
3570,CID46943432,CID46943432,True,3
3571,CID46944259,CID46944259,True,33
3572,CID470375,CID470375,True,1
3575,CID4713,CID4713,True,1
3576,CID47320,CID47320,True,3
3578,CID4746,CID4746,True,11
3581,CID47528,CID47528,True,1
3585,CID4768,CID4768,True,1
3586,CID476861,CID476861,True,3
3587,CID47751,CID47751,True,1
3588,CID4781,CID4781,True,1
3590,CID47812,CID47812,True,1
3592,CID47866,CID47866,True,1
3594,CID4788,CID4788,True,3
3595,CID47936,CID47936,True,1
3596,CID479503,CID479503,True,1
3597,CID4810,CID4810,True,2
3598,CID4823,CID4823,True,2
3599,CID4829,CID4829,True,1
3600,CID483477,CID483477,True,1
3606,CID4875,CID4875,True,1
3608,CID4881,CID4881,True,2
3609,CID4887,CID4887,True,2
3610,CID4888,CID4888,True,1
3614,CID4908,CID4908,True,1
3615,CID4908365,CID4908365,True,1
3618,CID4912,CID4912,True,236
3623,CID4922,CID4922,True,1
3624,CID492405,CID492405,True,7
3625,CID493027,CID493027,True,1
3626,CID4932,CID4932,True,1
3632,CID49769085,CID49769085,True,1
3633,CID49777740,CID49777740,True,1
3634,CID49784945,CID49784945,True,2
3635,CID4979942,CID4979942,True,1
3636,CID49803313,CID49803313,True,1
3637,CID49806720,CID49806720,True,3
3639,CID49830260,CID49830260,True,1
3640,CID49831008,CID49831008,True,1
3641,CID49831257,CID49831257,True,2
3645,CID49837968,CID49837968,True,2
3646,CID49841217,CID49841217,True,2
3647,CID49843509,CID49843509,True,1
3648,CID49843531,CID49843531,True,2
3653,CID49852229,CID49852229,True,2
3654,CID49852941,CID49852941,True,1
3655,CID49855250,CID49855250,True,4
3656,CID49864204,CID49864204,True,1
3657,CID49867926,CID49867926,True,1
3658,CID49867928,CID49867928,True,1
3659,CID49867930,CID49867930,True,3
3660,CID49867936,CID49867936,True,5
3662,CID4993,CID4993,True,22
3666,CID5018304,CID5018304,True,3
3672,CID5052,CID5052,True,1
3673,CID5056,CID5056,True,1
3675,CID5071,CID5071,True,4
3677,CID5078,CID5078,True,1
3679,CID50878566,CID50878566,True,1
3681,CID50905018,CID50905018,True,2
3682,CID50905713,CID50905713,True,4
3684,CID5092,CID5092,True,2
3685,CID50922675,CID50922675,True,1
3687,CID5094,CID5094,True,1
3688,CID50942,CID50942,True,1
3690,CID50985821,CID50985821,True,1
3691,CID51000408,CID51000408,True,1
3692,CID51001932,CID51001932,True,64
3693,CID51003603,CID51003603,True,2
3695,CID51033720,CID51033720,True,2
3696,CID51038269,CID51038269,True,2
3698,CID51040,CID51040,True,1
3699,CID51042438,CID51042438,True,24
3701,CID51081,CID51081,True,2
3702,CID51082,CID51082,True,1
3705,CID51346120,CID51346120,True,1
3706,CID51346455,CID51346455,True,4
3707,CID51358113,CID51358113,True,23
3711,CID5161,CID5161,True,1
3712,CID5163,CID5163,True,2
3714,CID5169,CID5169,True,3
3715,CID51712,CID51712,True,1
3718,CID517546,CID517546,True,255
3719,CID51755,CID51755,True,1
3720,CID5186,CID5186,True,1
3721,CID521106,CID521106,True,2
3722,CID5215,CID5215,True,1
3724,CID5277135,CID5277135,True,3
3726,CID5280343,CID5280343,True,3
3727,CID5280360,CID5280360,True,2
3728,CID5280373,CID5280373,True,2
3729,CID5280443,CID5280443,True,2
3730,CID5280445,CID5280445,True,1
3731,CID5280453,CID5280453,True,3
3734,CID5280569,CID5280569,True,2
3735,CID5280723,CID5280723,True,4
3739,CID5280863,CID5280863,True,1
3740,CID5280961,CID5280961,True,4
3742,CID5281025,CID5281025,True,1
3744,CID5281033,CID5281033,True,1
3745,CID5281034,CID5281034,True,1
3747,CID5281056,CID5281056,True,1
3748,CID5281064,CID5281064,True,1
3749,CID5281065,CID5281065,True,3
3752,CID5281068,CID5281068,True,1
3753,CID5281069,CID5281069,True,2
3754,CID5281078,CID5281078,True,14
3757,CID5281222,CID5281222,True,1
3758,CID5281304,CID5281304,True,2
3760,CID5281377,CID5281377,True,1
3761,CID5281417,CID5281417,True,1
3762,CID5281437,CID5281437,True,3
3763,CID5281511,CID5281511,True,1
3765,CID5281607,CID5281607,True,1
3766,CID5281613,CID5281613,True,4
3768,CID5281672,CID5281672,True,2
3769,CID5281673,CID5281673,True,1
3770,CID5281708,CID5281708,True,1
3771,CID5281718,CID5281718,True,3
3772,CID5281787,CID5281787,True,1
3773,CID5281807,CID5281807,True,1
3774,CID5281855,CID5281855,True,1
3775,CID5281884,CID5281884,True,2
3776,CID5281915,CID5281915,True,2
3777,CID5281929,CID5281929,True,1
3778,CID5282049,CID5282049,True,3
3779,CID5282054,CID5282054,True,1
3780,CID5282136,CID5282136,True,2
3781,CID5282138,CID5282138,True,1
3782,CID5282139,CID5282139,True,1
3784,CID5282226,CID5282226,True,1
3785,CID5282230,CID5282230,True,4
3786,CID5282379,CID5282379,True,3
3787,CID5282386,CID5282386,True,3
3788,CID5282402,CID5282402,True,1
3792,CID5282451,CID5282451,True,2
3793,CID5282455,CID5282455,True,1
3794,CID5282458,CID5282458,True,1
3796,CID5282481,CID5282481,True,2
3797,CID5282521,CID5282521,True,1
3798,CID5283066,CID5283066,True,1
3799,CID5283731,CID5283731,True,1
3800,CID5283820,CID5283820,True,4
3801,CID5284329,CID5284329,True,2
3803,CID5284360,CID5284360,True,1
3805,CID5284419,CID5284419,True,1
3807,CID5284443,CID5284443,True,1
3808,CID5284447,CID5284447,True,3
3809,CID5284452,CID5284452,True,1
3811,CID5284549,CID5284549,True,1
3812,CID5284583,CID5284583,True,236
3813,CID5284587,CID5284587,True,2
3819,CID5284631,CID5284631,True,2
3820,CID5287541,CID5287541,True,1
3822,CID5287792,CID5287792,True,3
3828,CID5289394,CID5289394,True,1
3829,CID5289418,CID5289418,True,1
3831,CID5291,CID5291,True,346
3832,CID52912189,CID52912189,True,3
3833,CID52912222,CID52912222,True,2
3834,CID52913813,CID52913813,True,1
3835,CID52934180,CID52934180,True,1
3837,CID52938427,CID52938427,True,1
3839,CID52947716,CID52947716,True,32
3840,CID52948550,CID52948550,True,1
3841,CID5310939,CID5310939,True,1
3842,CID5310966,CID5310966,True,233
3843,CID5310993,CID5310993,True,1
3844,CID5311,CID5311,True,423
3845,CID5311007,CID5311007,True,1
3846,CID5311027,CID5311027,True,2
3847,CID5311037,CID5311037,True,1
3848,CID5311066,CID5311066,True,2
3849,CID5311068,CID5311068,True,223
3851,CID5311180,CID5311180,True,2
3854,CID5311217,CID5311217,True,8
3858,CID5311345,CID5311345,True,1
3859,CID5311382,CID5311382,True,2
3860,CID5311497,CID5311497,True,49
3863,CID5312125,CID5312125,True,1
3865,CID5316290,CID5316290,True,1
3867,CID5318997,CID5318997,True,1
3868,CID5321010,CID5321010,True,46
3869,CID5321018,CID5321018,True,2
3871,CID53235510,CID53235510,True,12
3872,CID5323714,CID5323714,True,250
3873,CID5324,CID5324,True,1
3876,CID53245636,CID53245636,True,3
3877,CID53248764,CID53248764,True,27
3878,CID5325,CID5325,True,1
3883,CID5327,CID5327,True,1
3884,CID53276,CID53276,True,1
3885,CID5327686,CID5327686,True,1
3887,CID5327916,CID5327916,True,3
3888,CID5328,CID5328,True,3
3889,CID5328779,CID5328779,True,3
3890,CID5328940,CID5328940,True,3
3892,CID5329006,CID5329006,True,1
3893,CID5329098,CID5329098,True,2
3894,CID5329099,CID5329099,True,2
3895,CID5329102,CID5329102,True,342
3896,CID5329106,CID5329106,True,1
3897,CID5330,CID5330,True,1
3899,CID5330286,CID5330286,True,99
3900,CID5330790,CID5330790,True,5
3901,CID53315868,CID53315868,True,2
3902,CID53315882,CID53315882,True,2
3903,CID53316140,CID53316140,True,2
3906,CID53322923,CID53322923,True,1
3907,CID53325875,CID53325875,True,1
3909,CID53340426,CID53340426,True,23
3910,CID53340666,CID53340666,True,3
3911,CID53340771,CID53340771,True,24
3912,CID53344620,CID53344620,True,2
3915,CID53355503,CID53355503,True,2
3916,CID5335621,CID5335621,True,1
3917,CID53356806,CID53356806,True,1
3918,CID53358942,CID53358942,True,1
3920,CID5336,CID5336,True,1
3921,CID5337997,CID5337997,True,1
3922,CID53380437,CID53380437,True,1
3925,CID5339,CID5339,True,2
3926,CID53396311,CID53396311,True,3
3927,CID53396328,CID53396328,True,44
3928,CID53398697,CID53398697,True,1
3929,CID53401057,CID53401057,True,1
3930,CID5342,CID5342,True,238
3931,CID53469059,CID53469059,True,2
3932,CID53469448,CID53469448,True,2
3933,CID53484170,CID53484170,True,2
3934,CID53494972,CID53494972,True,87
3935,CID53495165,CID53495165,True,1
3939,CID5353431,CID5353431,True,1
3940,CID5353852,CID5353852,True,4
3941,CID5355,CID5355,True,2
3942,CID5358,CID5358,True,236
3943,CID5359,CID5359,True,1
3944,CID5360373,CID5360373,True,102
3945,CID5360515,CID5360515,True,232
3948,CID5362123,CID5362123,True,1
3950,CID5362129,CID5362129,True,2
3951,CID5362376,CID5362376,True,1
3954,CID5379,CID5379,True,1
3955,CID5381,CID5381,True,2
3956,CID5386,CID5386,True,2
3958,CID5388983,CID5388983,True,99
3962,CID5417,CID5417,True,3
3963,CID54259,CID54259,True,1
3964,CID5426,CID5426,True,318
3965,CID54260,CID54260,True,2
3966,CID5429,CID5429,True,1
3967,CID5430,CID5430,True,249
3968,CID54360,CID54360,True,1
3969,CID54454,CID54454,True,4
3973,CID54576693,CID54576693,True,1
3974,CID5458190,CID5458190,True,1
3975,CID54585,CID54585,True,1
3976,CID5459110,CID5459110,True,1
3982,CID5462501,CID5462501,True,235
3983,CID5464025,CID5464025,True,1
3985,CID54670067,CID54670067,True,1
3988,CID54675769,CID54675769,True,239
3991,CID54675783,CID54675783,True,2
3993,CID54676905,CID54676905,True,1
3995,CID54677946,CID54677946,True,1
3996,CID54677971,CID54677971,True,3
3999,CID54678490,CID54678490,True,1
4000,CID54678924,CID54678924,True,1
4002,CID54680660,CID54680660,True,1
4003,CID54680692,CID54680692,True,230
4004,CID54682876,CID54682876,True,2
4005,CID54684141,CID54684141,True,278
4006,CID54685215,CID54685215,True,3
4010,CID54698642,CID54698642,True,1
4011,CID54704426,CID54704426,True,2
4014,CID5472,CID5472,True,1
4015,CID54726191,CID54726191,True,1
4017,CID54766013,CID54766013,True,1
4019,CID5478883,CID5478883,True,4
4020,CID5478927,CID5478927,True,2
4023,CID5482,CID5482,True,1
4025,CID5483090,CID5483090,True,1
4026,CID54840,CID54840,True,1
4028,CID5484444,CID5484444,True,1
4029,CID5485201,CID5485201,True,2
4030,CID5486699,CID5486699,True,1
4032,CID5487,CID5487,True,2
4033,CID5487426,CID5487426,True,2
4034,CID5488548,CID5488548,True,1
4035,CID54889,CID54889,True,1
4038,CID54900,CID54900,True,22
4039,CID5493444,CID5493444,True,233
4040,CID5494425,CID5494425,True,1
4042,CID5495818,CID5495818,True,2
4046,CID5510,CID5510,True,1
4047,CID55182,CID55182,True,1
4051,CID5530,CID5530,True,237
4054,CID5546,CID5546,True,227
4055,CID5560,CID5560,True,1
4056,CID5564,CID5564,True,1
4060,CID5574924,CID5574924,True,1
4068,CID56031,CID56031,True,1
4070,CID5614,CID5614,True,1
4071,CID56207,CID56207,True,3
4072,CID56208,CID56208,True,2
4073,CID56329,CID56329,True,1
4075,CID564,CID564,True,1
4076,CID56463,CID56463,True,2
4077,CID5656,CID5656,True,2
4079,CID56599306,CID56599306,True,2
4080,CID56603532,CID56603532,True,3
4082,CID56645961,CID56645961,True,2
4083,CID56649281,CID56649281,True,1
4084,CID56649450,CID56649450,True,28
4086,CID56654642,CID56654642,True,1
4088,CID56704,CID56704,True,1
4089,CID56832449,CID56832449,True,1
4090,CID5684,CID5684,True,3
4092,CID56843850,CID56843850,True,1
4093,CID56844015,CID56844015,True,2
4094,CID56846691,CID56846691,True,3
4095,CID56846693,CID56846693,True,3
4096,CID5694,CID5694,True,1
4098,CID56944144,CID56944144,True,1
4099,CID56948527,CID56948527,True,1
4100,CID56949412,CID56949412,True,1
4103,CID56956240,CID56956240,True,3
4105,CID56960363,CID56960363,True,1
4106,CID56960447,CID56960447,True,1
4108,CID56963315,CID56963315,True,1
4109,CID56965901,CID56965901,True,2
4111,CID56968072,CID56968072,True,1
4112,CID56973724,CID56973724,True,3
4114,CID5702220,CID5702220,True,2
4115,CID5702541,CID5702541,True,1
4116,CID57030,CID57030,True,1
4117,CID5709,CID5709,True,2
4118,CID5712,CID5712,True,1
4120,CID5717801,CID5717801,True,1
4122,CID572,CID572,True,26
4124,CID5730,CID5730,True,2
4125,CID57327016,CID57327016,True,1
4126,CID57335384,CID57335384,True,2
4127,CID57336514,CID57336514,True,1
4128,CID57336745,CID57336745,True,98
4129,CID57336812,CID57336812,True,4
4131,CID57339395,CID57339395,True,1
4133,CID57340685,CID57340685,True,2
4134,CID57345410,CID57345410,True,1
4135,CID57345941,CID57345941,True,1
4137,CID57363,CID57363,True,2
4138,CID57379345,CID57379345,True,14
4139,CID57381425,CID57381425,True,2
4140,CID57394021,CID57394021,True,1
4141,CID57412684,CID57412684,True,1
4142,CID5742,CID5742,True,1
4143,CID5742832,CID5742832,True,1
4145,CID57441923,CID57441923,True,65
4150,CID5748293,CID5748293,True,3
4151,CID57519505,CID57519505,True,4
4153,CID57519509,CID57519509,True,1
4155,CID57519512,CID57519512,True,7
4158,CID57519522,CID57519522,True,1
4159,CID57519523,CID57519523,True,2
4162,CID57519527,CID57519527,True,2
4163,CID57519528,CID57519528,True,2
4165,CID57519531,CID57519531,True,1
4166,CID57519533,CID57519533,True,1
4167,CID57519535,CID57519535,True,1
4169,CID57519538,CID57519538,True,1
4172,CID57519542,CID57519542,True,1
4173,CID57519543,CID57519543,True,2
4174,CID57519544,CID57519544,True,4
4175,CID57519546,CID57519546,True,1
4176,CID57519547,CID57519547,True,1
4178,CID57519550,CID57519550,True,2
4179,CID57519551,CID57519551,True,4
4180,CID57519554,CID57519554,True,36
4181,CID57519555,CID57519555,True,4
4182,CID57519748,CID57519748,True,2
4183,CID5754,CID5754,True,6
4186,CID5757,CID5757,True,2
4188,CID57662985,CID57662985,True,2
4190,CID5775,CID5775,True,1
4191,CID5780,CID5780,True,2
4192,CID5790,CID5790,True,5
4193,CID57928403,CID57928403,True,1
4194,CID5795,CID5795,True,1
4196,CID57990869,CID57990869,True,1
4197,CID5803,CID5803,True,1
4199,CID5815,CID5815,True,1
4201,CID5819,CID5819,True,2
4202,CID58204997,CID58204997,True,1
4204,CID58298318,CID58298318,True,2
4205,CID58299817,CID58299817,True,1
4206,CID5831,CID5831,True,231
4207,CID5833,CID5833,True,216
4210,CID58507717,CID58507717,True,1
4213,CID5865,CID5865,True,4
4214,CID5870,CID5870,True,1
4215,CID5878,CID5878,True,2
4217,CID5905,CID5905,True,2
4218,CID5909,CID5909,True,1
4220,CID59174488,CID59174488,True,2
4221,CID59174579,CID59174579,True,1
4223,CID59239165,CID59239165,True,3
4224,CID5924208,CID5924208,True,4
4226,CID59397065,CID59397065,True,1
4227,CID59422203,CID59422203,True,1
4228,CID59437537,CID59437537,True,1
4229,CID5944,CID5944,True,45
4233,CID59603622,CID59603622,True,1
4234,CID59604787,CID59604787,True,3
4235,CID59634741,CID59634741,True,2
4236,CID59669121,CID59669121,True,1
4237,CID59691338,CID59691338,True,36
4238,CID5970,CID5970,True,1
4239,CID5974,CID5974,True,1
4240,CID59757974,CID59757974,True,1
4242,CID59772,CID59772,True,2
4245,CID5991,CID5991,True,223
4248,CID60060499,CID60060499,True,29
4249,CID6009,CID6009,True,1
4252,CID6013,CID6013,True,232
4254,CID60147023,CID60147023,True,3
4255,CID60160561,CID60160561,True,29
4256,CID60164,CID60164,True,3
4258,CID60167849,CID60167849,True,1
4259,CID6018,CID6018,True,240
4262,CID60196195,CID60196195,True,1
4263,CID60196281,CID60196281,True,1
4265,CID60198,CID60198,True,99
4267,CID60202647,CID60202647,True,1
4268,CID6029,CID6029,True,3
4269,CID6032,CID6032,True,1
4271,CID60464,CID60464,True,3
4272,CID6047,CID6047,True,1
4275,CID60560,CID60560,True,5
4279,CID60648,CID60648,True,220
4280,CID60651,CID60651,True,2
4281,CID60652,CID60652,True,1
4283,CID60699,CID60699,True,114
4285,CID60703,CID60703,True,2
4286,CID6072,CID6072,True,1
4288,CID60749,CID60749,True,1
4290,CID60753,CID60753,True,239
4291,CID60795,CID60795,True,245
4292,CID60803,CID60803,True,1
4293,CID60810,CID60810,True,7
4295,CID60825,CID60825,True,3
4296,CID60834,CID60834,True,1
4297,CID60835,CID60835,True,1
4298,CID60837,CID60837,True,1
4299,CID60838,CID60838,True,290
4300,CID60846,CID60846,True,1
4301,CID60854,CID60854,True,2
4302,CID60855,CID60855,True,2
4303,CID60857,CID60857,True,2
4304,CID60871,CID60871,True,2
4305,CID60875,CID60875,True,1
4306,CID60877,CID60877,True,1
4307,CID60934,CID60934,True,2
4309,CID60961,CID60961,True,2
4310,CID60974,CID60974,True,13
4312,CID6100,CID6100,True,227
4313,CID6103,CID6103,True,1
4314,CID610479,CID610479,True,1
4315,CID6135,CID6135,True,6
4317,CID616236,CID616236,True,3
4318,CID6167,CID6167,True,16
4319,CID6172,CID6172,True,1
4324,CID62074,CID62074,True,1
4326,CID6215,CID6215,True,3
4327,CID6230,CID6230,True,1
4331,CID6241,CID6241,True,2
4335,CID6256,CID6256,True,3
4336,CID62705067,CID62705067,True,1
4339,CID62857,CID62857,True,1
4340,CID62859,CID62859,True,1
4343,CID62907,CID62907,True,1
4344,CID6291,CID6291,True,2
4346,CID6293,CID6293,True,1
4348,CID62969,CID62969,True,1
4349,CID62978,CID62978,True,1
4350,CID63002,CID63002,True,1
4351,CID63009,CID63009,True,11
4352,CID6301,CID6301,True,1
4353,CID6321424,CID6321424,True,312
4354,CID63224,CID63224,True,49
4355,CID6323266,CID6323266,True,1
4356,CID6325199,CID6325199,True,1
4358,CID6337614,CID6337614,True,271
4359,CID636362,CID636362,True,99
4360,CID636375,CID636375,True,2
4361,CID636377,CID636377,True,1
4362,CID636402,CID636402,True,1
4364,CID637568,CID637568,True,2
4366,CID638278,CID638278,True,2
4368,CID64139,CID64139,True,229
4369,CID64150,CID64150,True,1
4370,CID6419718,CID6419718,True,1
4371,CID6419954,CID6419954,True,1
4372,CID6420013,CID6420013,True,2
4374,CID6420040,CID6420040,True,1
4375,CID6420138,CID6420138,True,4
4376,CID6422124,CID6422124,True,1
4378,CID6433119,CID6433119,True,1
4379,CID6433151,CID6433151,True,1
4380,CID6435335,CID6435335,True,2
4383,CID6436173,CID6436173,True,3
4384,CID6436208,CID6436208,True,4
4390,CID6440181,CID6440181,True,2
4391,CID6440352,CID6440352,True,1
4397,CID644274,CID644274,True,11
4398,CID6444206,CID6444206,True,1
4400,CID6445533,CID6445533,True,4
4405,CID6450819,CID6450819,True,3
4407,CID6451164,CID6451164,True,1
4408,CID6456015,CID6456015,True,12
4409,CID6461,CID6461,True,1
4411,CID64713,CID64713,True,2
4413,CID64737,CID64737,True,1
4417,CID64945,CID64945,True,5
4418,CID64982,CID64982,True,2
4419,CID65014,CID65014,True,1
4423,CID6503,CID6503,True,1
4424,CID6505803,CID6505803,True,4
4426,CID6509979,CID6509979,True,1
4427,CID6518171,CID6518171,True,1
4428,CID6519698,CID6519698,True,1
4430,CID65328,CID65328,True,1
4431,CID65335,CID65335,True,3
4437,CID65411,CID65411,True,1
4439,CID65495,CID65495,True,1
4441,CID65628,CID65628,True,1
4442,CID65632,CID65632,True,3
4443,CID656583,CID656583,True,232
4444,CID656586,CID656586,True,1
4446,CID656631,CID656631,True,1
4447,CID656665,CID656665,True,1
4448,CID656667,CID656667,True,1
4450,CID656954,CID656954,True,1
4452,CID657201,CID657201,True,1
4453,CID657237,CID657237,True,17
4456,CID657302,CID657302,True,1
4457,CID65752,CID65752,True,1
4458,CID65777,CID65777,True,1
4460,CID65906,CID65906,True,1
4461,CID65944,CID65944,True,1
4463,CID65958,CID65958,True,1
4465,CID65999,CID65999,True,6
4466,CID6604165,CID6604165,True,1
4468,CID6604561,CID6604561,True,2
4469,CID6604870,CID6604870,True,24
4470,CID6605258,CID6605258,True,1
4472,CID66064,CID66064,True,10
4476,CID66144,CID66144,True,1
4480,CID66558287,CID66558287,True,1
4482,CID66577006,CID66577006,True,1
4483,CID66577038,CID66577038,True,1
4484,CID66598080,CID66598080,True,1
4486,CID666418,CID666418,True,2
4487,CID66646767,CID66646767,True,30
4488,CID667467,CID667467,True,1
4489,CID667476,CID667476,True,2
4492,CID667493,CID667493,True,1
4494,CID667639,CID667639,True,2
4495,CID66774402,CID66774402,True,2
4496,CID67081200,CID67081200,True,1
4497,CID6710614,CID6710614,True,2
4498,CID6710658,CID6710658,True,1
4499,CID67171867,CID67171867,True,1
4500,CID672296,CID672296,True,1
4502,CID67310049,CID67310049,True,1
4503,CID67356,CID67356,True,2
4504,CID6741,CID6741,True,4
4505,CID67462786,CID67462786,True,1
4506,CID67469084,CID67469084,True,1
4508,CID6746983,CID6746983,True,17
4510,CID67533,CID67533,True,1
4511,CID6758,CID6758,True,26
4517,CID68107965,CID68107965,True,1
4518,CID68165256,CID68165256,True,1
4521,CID68304,CID68304,True,1
4522,CID68313,CID68313,True,1
4527,CID68539,CID68539,True,1
4529,CID68546,CID68546,True,23
4533,CID68591,CID68591,True,1
4534,CID68601,CID68601,True,1
4535,CID68617,CID68617,True,219
4536,CID68624,CID68624,True,3
4538,CID68643,CID68643,True,1
4539,CID68647,CID68647,True,1
4540,CID68654,CID68654,True,1
4541,CID68712,CID68712,True,1
4543,CID68740,CID68740,True,102
4544,CID6878030,CID6878030,True,1
4548,CID68844,CID68844,True,1
4549,CID68853159,CID68853159,True,1
4550,CID688563,CID688563,True,1
4551,CID68861,CID68861,True,2
4553,CID68873,CID68873,True,2
4554,CID6890,CID6890,True,1
4556,CID68938909,CID68938909,True,1
4557,CID6912,CID6912,True,1
4558,CID6914273,CID6914273,True,244
4559,CID6914657,CID6914657,True,93
4561,CID6915744,CID6915744,True,1
4562,CID6915944,CID6915944,True,3
4565,CID6917797,CID6917797,True,1
4566,CID6917864,CID6917864,True,135
4569,CID6918029,CID6918029,True,2
4570,CID6918078,CID6918078,True,2
4571,CID6918132,CID6918132,True,1
4573,CID6918182,CID6918182,True,4
4574,CID6918223,CID6918223,True,1
4575,CID6918265,CID6918265,True,1
4576,CID6918289,CID6918289,True,5
4577,CID6918296,CID6918296,True,236
4578,CID6918313,CID6918313,True,1
4581,CID6918405,CID6918405,True,35
4582,CID6918427,CID6918427,True,1
4583,CID6918446,CID6918446,True,11
4586,CID6918462,CID6918462,True,1
4587,CID6918493,CID6918493,True,3
4588,CID6918537,CID6918537,True,1
4591,CID6918558,CID6918558,True,2
4592,CID6918638,CID6918638,True,17
4593,CID6918663,CID6918663,True,1
4594,CID6918664,CID6918664,True,1
4595,CID6918670,CID6918670,True,2
4596,CID6918678,CID6918678,True,1
4597,CID6918736,CID6918736,True,1
4598,CID6918788,CID6918788,True,1
4600,CID6918848,CID6918848,True,4
4601,CID6918852,CID6918852,True,4
4602,CID69923936,CID69923936,True,1
4603,CID70004430,CID70004430,True,2
4606,CID704473,CID704473,True,2
4607,CID7048968,CID7048968,True,1
4608,CID70676303,CID70676303,True,2
4609,CID70679466,CID70679466,True,1
4610,CID70684,CID70684,True,1
4611,CID70687193,CID70687193,True,1
4612,CID70701134,CID70701134,True,1
4613,CID70789348,CID70789348,True,1
4614,CID70789547,CID70789547,True,2
4615,CID70798655,CID70798655,True,2
4618,CID70934541,CID70934541,True,1
4619,CID70945511,CID70945511,True,1
4620,CID70983932,CID70983932,True,2
4621,CID70983934,CID70983934,True,2
4622,CID7108,CID7108,True,1
4623,CID71157,CID71157,True,1
4625,CID71183,CID71183,True,1
4626,CID71188,CID71188,True,1
4628,CID71268957,CID71268957,True,1
4629,CID71271629,CID71271629,True,1
4630,CID71279,CID71279,True,1
4631,CID71291068,CID71291068,True,1
4632,CID71295844,CID71295844,True,1
4633,CID71295845,CID71295845,True,2
4634,CID71300295,CID71300295,True,1
4635,CID71301,CID71301,True,1
4637,CID71307851,CID71307851,True,1
4638,CID71329,CID71329,True,10
4639,CID71339,CID71339,True,1
4640,CID71352,CID71352,True,1
4642,CID71360,CID71360,True,3
4643,CID71384,CID71384,True,103
4644,CID71386,CID71386,True,27
4645,CID71398,CID71398,True,1
4647,CID71420,CID71420,True,1
4648,CID71478,CID71478,True,4
4650,CID71481097,CID71481097,True,3
4651,CID71485,CID71485,True,1
4653,CID71494949,CID71494949,True,1
4654,CID71496458,CID71496458,True,2
4655,CID71496742,CID71496742,True,1
4658,CID71543365,CID71543365,True,17
4660,CID71571306,CID71571306,True,1
4661,CID71571562,CID71571562,True,1
4662,CID71587153,CID71587153,True,11
4663,CID71599640,CID71599640,True,1
4664,CID71600087,CID71600087,True,1
4665,CID71601111,CID71601111,True,1
4666,CID71604307,CID71604307,True,2
4667,CID71607189,CID71607189,True,1
4668,CID71616,CID71616,True,4
4670,CID71657455,CID71657455,True,1
4672,CID71664305,CID71664305,True,17
4673,CID71668,CID71668,True,1
4674,CID7172,CID7172,True,2
4675,CID71721540,CID71721540,True,1
4677,CID71731823,CID71731823,True,2
4679,CID71764,CID71764,True,2
4681,CID71774,CID71774,True,1
4682,CID71811910,CID71811910,True,2
4683,CID71815,CID71815,True,2
4684,CID71916,CID71916,True,1
4685,CID71992,CID71992,True,1
4686,CID72092,CID72092,True,7
4687,CID72139,CID72139,True,1
4689,CID72188603,CID72188603,True,3
4690,CID72200024,CID72200024,True,2
4691,CID72201027,CID72201027,True,1
4692,CID72271,CID72271,True,4
4693,CID72281,CID72281,True,2
4695,CID72300,CID72300,True,1
4697,CID72311,CID72311,True,1
4699,CID72344,CID72344,True,1
4700,CID72435,CID72435,True,35
4701,CID72547474,CID72547474,True,2
4702,CID72547959,CID72547959,True,1
4703,CID72551585,CID72551585,True,1
4704,CID72551586,CID72551586,True,1
4705,CID72686,CID72686,True,36
4706,CID72699186,CID72699186,True,1
4707,CID72709209,CID72709209,True,2
4708,CID72710568,CID72710568,True,1
4710,CID72716071,CID72716071,True,1
4712,CID72726,CID72726,True,3
4713,CID72734520,CID72734520,True,1
4714,CID729483,CID729483,True,1
4717,CID73014064,CID73014064,True,1
4719,CID73110,CID73110,True,2
4721,CID73211763,CID73211763,True,1
4722,CID73259,CID73259,True,1
4724,CID73265184,CID73265184,True,2
4725,CID73265190,CID73265190,True,1
4726,CID73265200,CID73265200,True,1
4727,CID73265201,CID73265201,True,1
4728,CID73265204,CID73265204,True,1
4729,CID73265205,CID73265205,True,1
4731,CID73265209,CID73265209,True,2
4733,CID73265220,CID73265220,True,1
4735,CID73265222,CID73265222,True,2
4736,CID73265223,CID73265223,True,40
4737,CID73265224,CID73265224,True,1
4738,CID73265225,CID73265225,True,2
4740,CID73265227,CID73265227,True,2
4741,CID73265228,CID73265228,True,1
4742,CID73265229,CID73265229,True,1
4744,CID73265232,CID73265232,True,1
4745,CID73265233,CID73265233,True,56
4747,CID73265271,CID73265271,True,2
4749,CID73265273,CID73265273,True,1
4750,CID73265276,CID73265276,True,1
4753,CID73265281,CID73265281,True,1
4754,CID73265283,CID73265283,True,2
4755,CID73265288,CID73265288,True,1
4756,CID73265289,CID73265289,True,1
4758,CID73265293,CID73265293,True,1
4759,CID73265294,CID73265294,True,1
4760,CID73265297,CID73265297,True,1
4763,CID73265304,CID73265304,True,1
4764,CID73265308,CID73265308,True,2
4765,CID73265309,CID73265309,True,1
4767,CID73265311,CID73265311,True,1
4768,CID73265316,CID73265316,True,1
4769,CID73265318,CID73265318,True,31
4770,CID73265321,CID73265321,True,1
4772,CID73265324,CID73265324,True,1
4779,CID73265342,CID73265342,True,1
4780,CID73265344,CID73265344,True,1
4781,CID73265348,CID73265348,True,2
4782,CID73265351,CID73265351,True,1
4783,CID73265352,CID73265352,True,2
4784,CID73265357,CID73265357,True,1
4785,CID73265358,CID73265358,True,3
4786,CID73265360,CID73265360,True,1
4790,CID73265367,CID73265367,True,1
4791,CID73265368,CID73265368,True,1
4792,CID73265369,CID73265369,True,1
4793,CID73265372,CID73265372,True,1
4796,CID73265377,CID73265377,True,35
4797,CID73265380,CID73265380,True,24
4799,CID73265383,CID73265383,True,2
4800,CID73265389,CID73265389,True,21
4801,CID73265390,CID73265390,True,2
4802,CID73265391,CID73265391,True,1
4803,CID73265392,CID73265392,True,2
4804,CID73265393,CID73265393,True,1
4807,CID73265401,CID73265401,True,1
4809,CID73265405,CID73265405,True,1
4811,CID73265408,CID73265408,True,1
4813,CID73265414,CID73265414,True,2
4814,CID73293,CID73293,True,2
4818,CID73425588,CID73425588,True,1
4819,CID73425805,CID73425805,True,1
4821,CID73442,CID73442,True,1
4822,CID73442743,CID73442743,True,1
4823,CID73461,CID73461,True,41
4824,CID73581,CID73581,True,1
4826,CID73603034,CID73603034,True,1
4827,CID73659,CID73659,True,2
4828,CID73670548,CID73670548,True,2
4829,CID73774610,CID73774610,True,1
4831,CID73957,CID73957,True,1
4834,CID74990,CID74990,True,17
4837,CID7550,CID7550,True,230
4838,CID7566371,CID7566371,True,1
4840,CID76073169,CID76073169,True,1
4841,CID7638,CID7638,True,4
4843,CID76685059,CID76685059,True,2
4844,CID766949,CID766949,True,1
4846,CID76971721,CID76971721,True,2
4848,CID774,CID774,True,1
4849,CID77991,CID77991,True,1
4851,CID77995,CID77995,True,1
4853,CID78000,CID78000,True,2
4854,CID78243717,CID78243717,True,2
4856,CID78320750,CID78320750,True,2
4857,CID78357763,CID78357763,True,2
4858,CID78357807,CID78357807,True,2
4859,CID791637,CID791637,True,2
4860,CID794323,CID794323,True,1
4861,CID80311,CID80311,True,1
4864,CID82148,CID82148,True,1
4865,CID82153,CID82153,True,1
4867,CID8228,CID8228,True,1
4868,CID8249,CID8249,True,1
4870,CID836002,CID836002,True,1
4871,CID83823,CID83823,True,1
4873,CID83979,CID83979,True,1
4875,CID84759,CID84759,True,1
4876,CID8478,CID8478,True,1
4877,CID8514,CID8514,True,1
4879,CID854026,CID854026,True,1
4881,CID8574,CID8574,True,1
4882,CID8582409,CID8582409,True,1
4884,CID8617,CID8617,True,2
4886,CID86287635,CID86287635,True,1
4888,CID86345880,CID86345880,True,1
4889,CID86763204,CID86763204,True,2
4890,CID8695,CID8695,True,1
4891,CID8732,CID8732,True,1
4892,CID8742,CID8742,True,1
4893,CID8798,CID8798,True,1
4894,CID8813,CID8813,True,1
4896,CID8955,CID8955,True,2
4898,CID896,CID896,True,3
4899,CID89675898,CID89675898,True,1
4900,CID89683805,CID89683805,True,1
4901,CID8969,CID8969,True,1
4904,CID8980,CID8980,True,28
4908,CID90116945,CID90116945,True,2
4909,CID9015,CID9015,True,1
4910,CID90241673,CID90241673,True,15
4912,CID904,CID904,True,1
4914,CID90479327,CID90479327,True,2
4917,CID9051,CID9051,True,3
4918,CID9066,CID9066,True,1
4919,CID9082,CID9082,True,1
4921,CID91274,CID91274,True,1
4922,CID91430,CID91430,True,2
4923,CID91466,CID91466,True,2
4924,CID91505,CID91505,True,2
4926,CID91610,CID91610,True,1
4927,CID91617630,CID91617630,True,2
4928,CID91623361,CID91623361,True,2
4929,CID91649,CID91649,True,228
4930,CID91666658,CID91666658,True,1
4931,CID91667931,CID91667931,True,2
4932,CID91668194,CID91668194,True,1
4933,CID91691130,CID91691130,True,1
4935,CID91885392,CID91885392,True,1
4936,CID91885438,CID91885438,True,2
4937,CID91885617,CID91885617,True,2
4938,CID91885989,CID91885989,True,1
4939,CID91933867,CID91933867,True,2
4941,CID92044376,CID92044376,True,1
4942,CID92044379,CID92044379,True,1
4943,CID92045137,CID92045137,True,1
4944,CID92135932,CID92135932,True,1
4945,CID92151,CID92151,True,1
4946,CID92178,CID92178,True,27
4947,CID92577,CID92577,True,3
4949,CID92722,CID92722,True,241
4950,CID92727,CID92727,True,37
4951,CID929262,CID929262,True,1
4953,CID9351,CID9351,True,1
4954,CID936,CID936,True,2
4956,CID941361,CID941361,True,1
4957,CID9433,CID9433,True,1
4960,CID950368,CID950368,True,1
4961,CID9549184,CID9549184,True,2
4962,CID9549289,CID9549289,True,1
4964,CID9549298,CID9549298,True,4
4968,CID9576185,CID9576185,True,1
4969,CID9578005,CID9578005,True,1
4973,CID967,CID967,True,2
4975,CID969472,CID969472,True,1
4976,CID969516,CID969516,True,4
4978,CID97226,CID97226,True,2
4980,CID9796068,CID9796068,True,3
4982,CID9796440,CID9796440,True,2
4984,CID9798973,CID9798973,True,1
4985,CID9799888,CID9799888,True,1
4986,CID9800555,CID9800555,True,9
4988,CID9803932,CID9803932,True,1
4989,CID9803963,CID9803963,True,5
4990,CID9804433,CID9804433,True,2
4991,CID9804991,CID9804991,True,2
4993,CID9807431,CID9807431,True,3
4995,CID9808844,CID9808844,True,3
4996,CID9810709,CID9810709,True,1
5000,CID9811704,CID9811704,True,241
5001,CID9813758,CID9813758,True,1
5003,CID9818479,CID9818479,True,2
5004,CID9818682,CID9818682,True,1
5005,CID9819382,CID9819382,True,2
5006,CID9819927,CID9819927,True,2
5007,CID9820008,CID9820008,True,1
5009,CID9821849,CID9821849,True,1
5010,CID9823820,CID9823820,True,31
5011,CID9824562,CID9824562,True,4
5012,CID9825149,CID9825149,True,2
5013,CID9826188,CID9826188,True,1
5017,CID9827968,CID9827968,True,1
5018,CID9828911,CID9828911,True,1
5020,CID9830519,CID9830519,True,1
5021,CID9832292,CID9832292,True,1
5023,CID9839500,CID9839500,True,1
5024,CID9840076,CID9840076,True,3
5026,CID984170,CID984170,True,1
5028,CID9843900,CID9843900,True,3
5029,CID9847557,CID9847557,True,2
5030,CID9849040,CID9849040,True,3
5031,CID9849808,CID9849808,True,1
5032,CID9852573,CID9852573,True,81
5034,CID9854073,CID9854073,True,57
5036,CID9858940,CID9858940,True,29
5039,CID9865515,CID9865515,True,6
5040,CID9865528,CID9865528,True,1
5042,CID9867340,CID9867340,True,3
5044,CID9868037,CID9868037,True,2
5046,CID9869779,CID9869779,True,3
5049,CID9871074,CID9871074,True,2
5050,CID9871419,CID9871419,True,1
5051,CID9872438,CID9872438,True,2
5052,CID9874913,CID9874913,True,4
5055,CID9882793,CID9882793,True,10
5056,CID9883029,CID9883029,True,2
5057,CID9884807,CID9884807,True,2
5058,CID9887053,CID9887053,True,50
5059,CID9887712,CID9887712,True,3
5060,CID9887867,CID9887867,True,1
5062,CID9888590,CID9888590,True,3
5065,CID9893571,CID9893571,True,4
5066,CID9894584,CID9894584,True,1
5068,CID9902100,CID9902100,True,3
5069,CID9903,CID9903,True,1
5071,CID9907093,CID9907093,True,2
5073,CID9908783,CID9908783,True,1
5074,CID9909368,CID9909368,True,2
5075,CID9910224,CID9910224,True,4
5076,CID9910486,CID9910486,True,1
5078,CID9911830,CID9911830,True,1
5079,CID9913405,CID9913405,True,1
5080,CID9914412,CID9914412,True,50
5082,CID9918559,CID9918559,True,41
5083,CID9926054,CID9926054,True,1
5088,CID9929643,CID9929643,True,1
5089,CID9930913,CID9930913,True,221
5091,CID9931954,CID9931954,True,2
5092,CID9933439,CID9933439,True,1
5093,CID9933475,CID9933475,True,4
5094,CID9934283,CID9934283,True,2
5095,CID9934347,CID9934347,True,2
5097,CID9936012,CID9936012,True,1
5099,CID9936727,CID9936727,True,1
5100,CID9937686,CID9937686,True,2
5101,CID9938203,CID9938203,True,1
5102,CID9938280,CID9938280,True,2
5104,CID9943465,CID9943465,True,3
5106,CID9949093,CID9949093,True,1
5107,CID9949641,CID9949641,True,28
5108,CID9950176,CID9950176,True,1
5109,CID9952773,CID9952773,True,3
5110,CID9952884,CID9952884,True,3
5111,CID9952923,CID9952923,True,1
5112,CID9953906,CID9953906,True,1
5113,CID9954540,CID9954540,True,1
5114,CID9956119,CID9956119,True,3
5116,CID9956637,CID9956637,True,1
5117,CID9958103,CID9958103,True,1
5118,CID9966538,CID9966538,True,1
