id,smiles,drug_name
985,C1=C(C(=O)NC(=O)N1)F,5-FU
2328,B(C(CC(C)C)NC(=O)C(CC1=CC=CC=C1)NC(=O)C2=NC=CN=C2)(O)O,BORTEZOMIB
2775,CC1=C(C(=CC=C1)Cl)NC(=O)C2=CN=C(S2)NC3=CC(=NC(=N3)C)N4CCN(CC4)CCO,DASATINIB
2855,CC1CC2C3CCC4=CC(=O)C=CC4(C3(C(CC2(C1(C(=O)CO)O)C)O)F)C,DEXAMETHASONE
2922,CC1C(C(CC(O1)OC2CC(CC3=C2C(=C4C(=C3O)C(=O)C5=C(C4=O)C(=CC=C5)OC)O)(C(=O)CO)O)N)O,DOXORUBICIN
2963,COCCOC1=C(C=C2C(=C1)C(=NC=N2)NC3=CC=CC(=C3)C#C)OCCOC,ERLOTINIB
3058,CC1OCC2C(O1)C(C(C(O2)OC3C4COC(=O)C4C(C5=CC6=C(C=C35)OCO6)C7=CC(=C(C(=C7)OC)O)OC)O)O,ETOPOSIDE
3302,CC1CC(C(C(C=C(C(C(C=CC=C(C(=O)NC2=CC(=O)C(=C(C1)C2=O)OC)C)OC)OC(=O)N)C)C)O)OC,GELDANAMYCIN
3303,C1=CN(C(=O)N=C1N)C2C(C(C(O2)CO)O)(F)F,GEMCITABINE
3559,CS(=O)(=O)CCNCC1=CC=C(O1)C2=CC3=C(C=C2)N=CN=C3NC4=CC(=C(C=C4)OCC5=CC(=CC=C5)F)Cl,LAPATINIB
3692,CN(C)C(=N)N=C(N)N,METFORMIN
3825,CN(CC1=CN=C2C(=N1)C(=NC(=N2)N)N)C3=CC=C(C=C3)C(=O)NC(CCC(=O)O)C(=O)O,METHOTREXATE
4345,CC1=C2C(C(=O)C3(C(CC4C(C3C(C(C2(C)C)(CC1OC(=O)C(C(C5=CC=CC=C5)NC(=O)C6=CC=CC=C6)O)O)OC(=O)C7=CC=CC=C7)(CO4)OC(=O)C)O)C)OC(=O)C,PACLITAXEL
4875,CCN(CC)CCNC(=O)C1=C(NC(=C1C)C=C2C3=C(C=CC(=C3)F)NC2=O)C,SUNITINIB
5081,CCC1(C2=C(COC1=O)C(=O)N3CC4=CC5=C(C=CC(=C5CN(C)C)O)N=C4C3=C2)O,TOPOTECAN
5237,CCC1(CC2CC(C3=C(CCN(C2)C1)C4=CC=CC=C4N3)(C5=C(C=C6C(=C5)C78CCN9C7C(C=CC9)(C(C(C8N6C)(C(=O)OC)O)OC(=O)C)CC)OC)C(=O)OC)O,VINBLASTINE
5243,CCC1=CC2CC(C3=C(CN(C2)C1)C4=CC=CC=C4N3)(C5=C(C=C6C(=C5)C78CCN9C7C(C=CC9)(C(C(C8N6C)(C(=O)OC)O)OC(=O)C)CC)OC)C(=O)OC,VINORELBINE
2761,C1=CN(C(=O)N=C1N)C2C(C(C(O2)CO)O)O.Cl,CYTARABINE HYDROCHLORIDE
3400,CC(C)CN1C=NC2=C1C3=CC=CC=C3N=C2N,IMIQUIMOD
5097,C\C(\C=C\C1=C(C)CCCC1(C)C)=C/C=C/C(/C)=C/C(O)=O,TRETINOIN
4372,C1=CC(=CC=C1CCC2=CNC3=C2C(=O)NC(=N3)N)C(=O)NC(CCC(=O)O)C(=O)O,PEMETREXED
4011,CC1=C(C=C(C=C1)C(=O)NC2=CC(=CC(=C2)C(F)(F)F)N3C=C(N=C3)C)NC4=NC=CC(=N4)C5=CN=CC=C5,NILOTINIB
2154,C1=NC(=NC(=O)N1C2C(C(C(O2)CO)O)O)N,AZACYTIDINE
3398,CC1=C(C=C(C=C1)NC(=O)C2=CC=C(C=C2)CN3CCN(CC3)C)NC4=NC=CC(=N4)C5=CN=CC=C5,IMATINIB
3080,C1=NC2=C(N=C(N=C2N1C3C(C(C(O3)CO)O)O)F)N,FLUDARABINE BASE
4739,CNC(=O)C1=NC=CC(=C1)OC2=CC=C(C=C2)NC(=O)NC3=CC(=C(C=C3)Cl)C(F)(F)F,SORAFENIB
2907,CC1=C2C(C(=O)C3(C(CC4C(C3C(C(C2(C)C)(CC1OC(=O)C(C(C5=CC=CC=C5)NC(=O)OC(C)(C)C)O)O)OC(=O)C6=CC=CC=C6)(CO4)OC(=O)C)O)C)O,DOCETAXEL
3691,C1=NC2=C(N1)C(=S)N=CN2,MERCAPTOPURINE
2861,CC(CN1CC(=O)NC(=O)C1)N2CC(=O)NC(=O)C2,DEXRAZOXANE
4514,CCN(CC)CCCC(C)NC1=C2C=C(C=CC2=NC3=C1C=CC(=C3)Cl)OC.Cl.Cl,QUINACRINE HYDROCHLORIDE
4532,C1CCN(CC1)CCOC2=CC=C(C=C2)C(=O)C3=C(SC4=C3C=CC(=C4)O)C5=CC=C(C=C5)O,RALOXIFENE
3569,C1=CC(=CC=C1C#N)C(C2=CC=C(C=C2)C#N)N3C=NC=N3,LETROZOLE
2389,CC1=CC=C(C=C1)C2=CC(=NN2C3=CC=C(C=C3)S(=O)(=O)N)C(F)(F)F,CELECOXIB
2326,CC1=C(N=C(N=C1N)C(CC(=O)N)NCC(C(=O)N)N)C(=O)NC(C(C2=CN=CN2)OC3C(C(C(C(O3)CO)O)O)OC4C(C(C(C(O4)CO)O)OC(=O)N)O)C(=O)NC(C)C(C(C)C(=O)NC(C(C)O)C(=O)NCCC5=NC(=CS5)C6=NC(=CS6)C(=O)NCCC[S+](C)C)O,BLEOMYCIN
4920,C1CC(=O)NC(=O)C1N2C(=O)C3=CC=CC=C3C2=O,THALIDOMIDE
3715,C1=CC(=C2C(=C1NCCNCCO)C(=O)C3=C(C=CC(=C3C2=O)O)O)NCCNCCO,MITOXANTRONE
3695,COC1=C2C(=CC3=C1OC=C3)C=CC(=O)O2,METHOXSALEN
4976,CCC(=C(C1=CC=CC=C1)C2=CC=C(C=C2)OCCN(C)C)C3=CC=CC=C3.C(C(=O)O)C(CC(=O)O)(C(=O)O)O,TAMOXIFEN CITRATE
1872,C1=NNC2=C1C(=O)NC=N2,ALLOPURINOL
3714,C1=CC=C(C(=C1)C(C2=CC=C(C=C2)Cl)C(Cl)Cl)Cl,MITOTANE
3494,CC1CCCC2(C(O2)CC(NC(=O)CC(C(C(=O)C(C1O)C)(C)C)O)C(=CC3=CSC(=N3)C)C)C,IXABEPILONE
3177,CC12CCC3C(C1CCC2O)C(CC4=C3C=CC(=C4)O)CCCCCCCCCS(=O)CCCC(C(F)(F)F)(F)F,FULVESTRANT
2373,C(CCl)NC(=O)N(CCCl)N=O,CARMUSTINE
3362,C(=O)(N)NO,HYDROXYUREA
5324,C1=CN(C=N1)CC(O)(P(=O)(O)O)P(=O)(O)O,ZOLEDRONIC ACID
1900,CC(C)(C#N)C1=CC(=CC(=C1)CN2C=NC=N2)C(C)(C)C#N,ANASTROZOLE
2807,CN(C)N=NC1=C(NC=N1)C(=O)N,DACARBAZINE
4451,C#CCC(CC1=CN=C2C(=N1)C(=NC(=N2)N)N)C3=CC=C(C=C3)C(=O)NC(CCC(=O)O)C(=O)O,PRALATREXATE
3583,C1CCC(CC1)NC(=O)N(CCCl)N=O,LOMUSTINE
3567,C1CC(=O)NC(=O)C1N2CC3=C(C2=O)C=CC=C3N,LENALIDOMIDE
4235,CC1=C(C=C(C=C1)NC2=NC=CC(=N2)N(C)C3=CC4=NN(C(=C4C=C3)C)C)S(=O)(=O)N.Cl,PAZOPANIB HYDROCHLORIDE
3197,COC1=C(C=C2C(=C1)N=CN=C2NC3=CC(=C(C=C3)F)Cl)OCCCN4CCOCC4,GEFITINIB
2831,CC1C(C(CC(O1)OC2CC(CC3=C2C(=C4C(=C3O)C(=O)C5=C(C4=O)C(=CC=C5)OC)O)(C(=O)C)O)N)O.Cl,DAUNORUBICIN HYDROCHLORIDE
3801,CC1=CC2C(CCC3(C2CCC3(C(=O)C)OC(=O)C)C)C4(C1=CC(=O)CC4)C,MEGESTROL ACETATE
5000,COC1=CC(=CC(=C1O)OC)C2C3C(COC3=O)C(C4=CC5=C(C=C24)OCO5)OC6C(C(C7C(O6)COC(O7)C8=CC=CS8)O)O,TENIPOSIDE
1893,C(CN)CNCCSP(=O)(O)O,AMIFOSTINE
5172,CCCS(=O)(=O)NC1=C(C(=C(C=C1)F)C(=O)C2=CNC3=C2C=C(C=N3)C4=CC=C(C=C4)Cl)F,VEMURAFENIB
2731,CC(C1=C(C=CC(=C1Cl)F)Cl)OC2=C(N=CC(=C2)C3=CN(N=C3)C4CCNCC4)N,CRIZOTINIB
1985,CC12CCC(CC1=CCC3C2CCC4(C3CC=C4C5=CN=CC=C5)C)O,ABIRATERONE
2566,CC1=C2C(C(=O)C3(C(CC4C(C3C(C(C2(C)C)(CC1OC(=O)C(C(C5=CC=CC=C5)NC(=O)OC(C)(C)C)O)O)OC(=O)C6=CC=CC=C6)(CO4)OC(=O)C)OC)C)OC,CABAZITAXEL
5182,CS(=O)(=O)C1=CC(=C(C=C1)C(=O)NC2=CC(=C(C=C2)Cl)C3=CC=CC=N3)Cl,VISMODEGIB
4649,C1CCC(C1)C(CC#N)N2C=C(C=N2)C3=C4C=CNC4=NC=N3,RUXOLITINIB
5165,CN1CCC(CC1)COC2=C(C=C3C(=C2)N=CN=C3NC4=C(C=C(C=C4)Br)F)OC,VANDETANIB
3175,CCOP(=O)(C(C)NC(=O)N(CCCl)N=O)OCC,Fotemustine
1879,CC1=CC=CC=N1.N.[Cl-].[Cl-].[Pt+2],AMD 473
5239,CCC1(CC2CC(C3=C(CCN(C2)C1)C4=CC=CC=C4N3)(C5=C(C=C6C(=C5)C78CCN9C7C(C=CC9)(C(C(C8N6C=O)(C(=O)OC)O)OC(=O)C)CC)OC)C(=O)OC)O,VINCRISTINE
5369,CC(=O)NC1CCC2=CC(=C(C(=C2C3=CC=C(C(=O)C=C13)OC)OC)OC)OC,colchicine
4020,COC(=O)NC1=NC2=C(N1)C=C(C=C2)C(=O)C3=CC=CS3,NOCODAZOLE
4440,COC1=CC(=CC(=C1OC)OC)C2C3C(COC3=O)C(C4=CC5=C(C=C24)OCO5)O,PODOPHYLLOTOXIN
5404,CCOC(=O)C1=C(NC(=S)NC1C2=CC(=CC=C2)O)C,monastrol
2669,C1=CC2=C(C=C1Cl)N=C(NC2=O)C(=C(C3=C(C=C(C=C3)Cl)Cl)O)C#N,Ciliobrevin D
3470,CCC1=C2CN3C(=CC4=C(C3=O)COC(=O)C4(CC)O)C2=NC5=C1C=C(C=C5)OC(=O)N6CCC(CC6)N7CCCCC7,IRINOTECAN
2580,CCC1(C2=C(COC1=O)C(=O)N3CC4=CC5=CC=CC=C5N=C4C3=C2)O,CAMPTOTHECIN
3202,C1=CC(=CC=C1C2=COC3=CC(=CC(=C3C2=O)O)O)O,GENISTEIN
3184,CC1CN(CCN1)C2=C(C=C3C(=C2OC)N(C=C(C3=O)C(=O)O)C4CC4)F,GATIFLOXACIN
3888,COC1=C2C(=CC(=C1N3CC4CCCNC4C3)F)C(=O)C(=CN2C5CC5)C(=O)O.O.Cl,Moxifloxacin hydrochloride monohydrate
5409,CCN1C=C(C(=O)C2=CC(=C(C=C21)N3CCNCC3)F)C(=O)O,norfloxacin
4843,CC1CN(CC(N1)C)C2=C(C(=C3C(=C2F)N(C=C(C3=O)C(=O)O)C4CC4)N)F,SPARFLOXACIN
3628,C[C@H]1COC2=C3N1C=C(C(O)=O)C(=O)C3=CC(F)=C2N1CCN(C)CC1,LEVOFLOXACIN
5363,C1CC1N2C=C(C(=O)C3=CC(=C(C=C32)N4CCNCC4)F)C(=O)O,ciprofloxacin
2762,C1=CN(C(=O)N=C1N)C2C(C(C(O2)CO)O)O,CYTIDINE
3090,CC1=CNN=C1,FOMEPIZOLE
2789,CCN(CC)C(=S)SSC(=S)N(CC)CC,DISULFIRAM
3769,C1=C(C=C(C(=C1O)O)O)C2=C(C(=O)C3=C(C=C(C=C3O2)O)O)O,MYRICETIN
5405,C1C(OC2=CC(=CC(=C2C1=O)O)O)C3=CC=C(C=C3)O,naringenin
1907,C1=CC(=CC=C1C2=CC(=O)C3=C(C=C(C=C3O2)O)O)O,APIGENIN
2240,CN1CCN(CC1)CCCOC2=C(C=C3C(=C2)N=CC(=C3NC4=CC(=C(C=C4Cl)Cl)OC)C#N)OC,BOSUTINIB (SKI-606)
4255,CN1C2=NC(=NC=C2C=C(C1=O)C3=C(C=CC=C3Cl)Cl)NC4=CC(=CC=C4)SC,PD173955
2369,C=CC(=O)NC1=C(C=C2C(=C1)C(=NC=N2)NC3=CC(=C(C=C3)F)Cl)OCCCN4CCOCC4,CANERTINIB (CI-1033)
5167,C1=CC=C2C(=C1)C(=NN=C2NC3=CC=C(C=C3)Cl)CC4=CC=NC=C4.Cl.Cl,VATALANIB (PTK787) 2HCL
2388,CC1=CC2=C(N1)C=CC(=C2F)OC3=NC=NC4=CC(=C(C=C43)OC)OCCCN5CCCC5,CEDIRANIB (AZD2171)
4537,CNC(=O)C1=NC=CC(=C1)OC2=CC(=C(C=C2)NC(=O)NC3=CC(=C(C=C3)Cl)C(F)(F)F)F,REGORAFENIB (BAY 73-4506)
4318,CC1=C(C=C(C=C1)C(=O)NC2=CC(=C(C=C2)CN3CCN(CC3)C)C(F)(F)F)C#CC4=CN=C5N4N=CC=C5,PONATINIB (AP24534)
5438,CC1=C(C=C(C=C1)C(=O)NC2=C3C(=CC(=CC3=C(C=C2)S(=O)(=O)O)S(=O)(=O)O)S(=O)(=O)O)NC(=O)C4=CC(=CC=C4)NC(=O)NC5=CC=CC(=C5)C(=O)NC6=C(C=CC(=C6)C(=O)NC7=C8C(=CC(=CC8=C(C=C7)S(=O)(=O)O)S(=O)(=O)O)S(=O)(=O)O)C,suramin
1882,COC1=CC2=NC=CC(=C2C=C1)OCC3=NN=C4N3N=C(C=C4)C5=CC=CC=C5,AMG-208
2797,C1CCN(CC1)CCOC2=CC=C(C=C2)C3=CN4C(=C(C=N4)C5=CC=NC=C5)N=C3,DORSOMORPHIN
4902,CC(C)OC1=CC=C(C=C1)NC(=O)N2CCN(CC2)C3=NC=NC4=CC(=C(C=C43)OC)OCCCN5CCCCC5,TANDUTINIB (MLN518)
5283,CC(=O)OC1CC2(C(CCC2=O)C3=C1C4(C(OC(=O)C5=COC(=C54)C3=O)COC)C)C,Wortmannin from Penicillium funiculosum
1833,CC1=C2C=C(C=CC2=NN1)C3=CC(=CN=C3)OCC(CC4=CC=CC=C4)N,A-674563
847,CC1=C(C(=NN1)C2=C(C=C(C=C2)O)O)C3=CC=C(C=C3)OC,"4-[4-(4-methoxyphenyl)-5-methyl-1H-pyrazol-3-yl]benzene-1,3-diol"
4289,CC1=C(C=C(C=C1)C(=O)NC)N2C(=CC(=C(C2=O)Br)OCC3=C(C=C(C=C3)F)F)C,PH-797804
5436,C1=CC=NC(=C1)NS(=O)(=O)C2=CC=C(C=C2)N=NC3=CC(=C(C=C3)O)C(=O)O,sulfasalazine
2505,C1CN2CCC1C(C2)NC3=C(C(=O)NC4=C3C=C(C=C4)Cl)C5=NC6=CC=CC=C6N5,CHIR-124
3132,CN1CCC(C(C1)O)C2=C(C=C(C3=C2OC(=CC3=O)C4=CC=CC=C4Cl)O)O,Flavopiridol
4498,CC(C)C(CO)NC1=NC(=C2C(=N1)N(C=N2)C(C)C)NC3=CC(=C(C=C3)C(=O)O)Cl,PURVALANOL B
5426,CC(C)C(CO)NC1=NC(=C2C(=N1)N(C=N2)C(C)C)NC3=CC(=CC=C3)Cl,purvalanol A
3690,CC1=CC(=O)C2=CC=CC=C2C1=O,MENADIONE
4259,C1=CC(=CC=C1C(=N)N)OCCCCCOC2=CC=C(C=C2)C(=N)N,PENTAMIDINE
5352,COC1=C(C2=C[N+]3=C(C=C2C=C1)C4=CC5=C(C=C4CC3)OCO5)OC,berberine
4312,CCCS(=O)(=O)NC1=C(C(=C(C=C1)F)C(=O)C2=CNC3=C2C=C(C=N3)Cl)F,PLX-4720
3463,CC=C(C)C(=O)OC1C(=CC23C1(C(C(=CC(C2=O)C4C(C4(C)C)CC3C)CO)O)O)C,Ingenol 3-angelate
3106,C1CNCCN(C1)S(=O)(=O)C2=CC=CC3=C2C=CN=C3,Fasudil
5305,CC(C1CCC(CC1)C(=O)NC2=CC=NC=C2)N,Y-27632
3566,CC1=C(C=NO1)C(=O)NC2=CC=C(C=C2)C(F)(F)F,LEFLUNOMIDE
4502,CC(C)(C)C1=NC2=C(N1)C3=C(C=C(C=C3)F)C4=C2C=CNC4=O,Pyridone 6
2949,CC1=CC2=C(C(=C1)O)C(=O)C3=C(C2=O)C=C(C=C3O)O,EMODIN
3130,CCCCCCCCC1=CC=C(C=C1)CCC(CO)(CO)N,Fingolimod
3077,C1=CC(=C(C=C1C2=C(C(=O)C3=C(O2)C=C(C=C3)O)O)O)O,FISETIN
4780,C1C2CC2N(C1C#N)C(=O)C(C34CC5CC(C3)CC(C5)(C4)O)N,SAXAGLIPTIN
3639,CC#CCN1C2=C(N=C1N3CCCC(C3)N)N(C(=O)N(C2=O)CC4=NC5=CC=CC=C5C(=N4)C)C,LINAGLIPTIN
4819,C1CN2C(=NN=C2C(F)(F)F)CN1C(=O)CC(CC3=CC(=C(C=C3F)F)F)N,SITAGLIPTIN
2173,CC(C)CC(C(CSC1=CC=CS1)C(=O)NO)C(=O)NC(CC2=CC=CC=C2)C(=O)NC,BATIMASTAT (BB-94)
2645,C1=CC(=CC=C1NC(=NC(=NCCCCCCN=C(N)N=C(N)NC2=CC=C(C=C2)Cl)N)N)Cl,Chlorhexidine Base
4934,CC1=CC=C(C=C1)C(=O)C2=CC(=C(C(=C2)O)O)[N+](=O)[O-],TOLCAPONE
2837,C1C(C(OC1N2C=NC(=NC2=O)N)CO)O,DECITABINE
5053,CN1C=NC=C1C(C2=CC=C(C=C2)Cl)(C3=CC4=C(C=C3)N(C(=O)C=C4C5=CC(=CC=C5)Cl)C)N,TIPIFARNIB
2385,C1C2CC3CC1CC(C2)(C3)C4=C(C=CC(=C4)C5=CC6=C(C=C5)C=C(C=C6)C(=O)O)O,CD 437
4905,CCOC(=O)C1=CN=C(C=C1)C#CC2=CC3=C(C=C2)SCCC3(C)C,TAZAROTENE
4900,CC1(CCC(C2=C1C=CC(=C2)NC(=O)C3=CC=C(C=C3)C(=O)O)(C)C)C,TAMIBAROTENE
2191,CC1=CC2=C(C=C1C(=C)C3=CC=C(C=C3)C(=O)O)C(CCC2(C)C)(C)C,BEXAROTENE
3377,CC12CCC(=O)C=C1CCC3C2C(CC4(C3CCC4(C(=O)CO)O)C)O,HYDROCORTISONE
5371,CCC1C(=O)N(CC(=O)N(C(C(=O)NC(C(=O)N(C(C(=O)NC(C(=O)NC(C(=O)N(C(C(=O)N(C(C(=O)N(C(C(=O)N(C(C(=O)N1)C(C(C)CC=CC)O)C)C(C)C)C)CC(C)C)C)CC(C)C)C)C)C)CC(C)C)C)C(C)C)CC(C)C)C)C,cyclosporin A
1956,CN1C=NC(=C1SC2=NC=NC3=C2NC=N3)[N+](=O)[O-],AZATHIOPRINE
3517,CC(C1=CC(=CC=C1)C(=O)C2=CC=CC=C2)C(=O)O,KETOPROFEN
3518,C1CN2C(=CC=C2C(=O)C3=CC=CC=C3)C1C(=O)O,KETOROLAC
3085,CC(C1=CC(=C(C=C1)C2=CC=CC=C2)F)C(=O)O,FLURBIPROFEN
3404,CC1=C(C2=C(N1C(=O)C3=CC=C(C=C3)Cl)C=CC(=C2)OC)CC(=O)O,INDOMETHACIN
3586,CN1C(=C(C2=C(S1(=O)=O)C=C(S2)Cl)O)C(=O)NC3=CC=CC=N3,LORNOXICAM
1930,CC(=O)OC1=CC=CC=C1C(=O)O,ASPIRIN
4911,CN1C(=C(C2=C(S1(=O)=O)C=CS2)O)C(=O)NC3=CC=CC=N3,TENOXICAM
5394,C1=C(NC=N1)CCN,histamine
5362,C1CN(CCN1CCOCC(=O)O)C(C2=CC=CC=C2)C3=CC=C(C=C3)Cl,cetirizine
3585,CCOC(=O)N1CCC(=C2C3=C(CCC4=C2N=CC=C4)C=C(C=C3)Cl)CC1,LORATADINE
2648,CN(C)CCN(CC1=CC=C(C=C1)Cl)C2=CC=CC=N2.Cl,Chloropyramine hydrochloride
5374,CN(C)CCOC(C1=CC=CC=C1)C2=CC=CC=C2,diphenhydramine
5395,CN1CCC(=C2C3=C(C(=O)CC4=CC=CC=C42)SC=C3)CC1,ketotifen
2560,CN1CCC(=C2C3=CC=CC=C3C=CC4=CC=CC=C42)CC1,CYPROHEPTADINE
5349,CN1CCCC(CC1)N2C(=O)C3=CC=CC=C3C(=N2)CC4=CC=C(C=C4)Cl,azelastine
5384,C1=C(N=C(S1)N=C(N)N)CSCCC(=NS(=O)(=O)N)N,famotidine
4513,C1=CC(=C(C=C1C2=C(C(=O)C3=C(C=C(C=C3O2)O)O)O)O)O,QUERCETIN
3378,CC1=CC2=C(C=C1C)N(C=N2)C3C(C(C(O3)CO)OP(=O)([O-])OC(C)CNC(=O)CCC4(C(C5C6(C(C(C(=N6)C(=C7C(C(C(=N7)C=C8C(C(C(=N8)C(=C4[N-]5)C)CCC(=O)N)(C)C)CCC(=O)N)(C)CC(=O)N)C)CCC(=O)N)(C)CC(=O)N)C)CC(=O)N)C)O.[OH-].[Co+3],HYDROXOCOBALAMIN
4009,C1=CC(=CN=C1)C(=O)O,NICOTINIC ACID
4008,C1=CC(=CN=C1)C(=O)N,NICOTINAMIDE (VITAMIN B3)
2766,CC(C)(CO)C(C(=O)NCCC(=O)O)O,D-PANTOTHENIC ACID
2092,CC(=O)NC1=CC=C(C=C1)OCC(C)(C(=O)NC2=CC(=C(C=C2)[N+](=O)[O-])C(F)(F)F)O,ANDARINE
2954,CC1(C(=O)N(C(=S)N1C2=CC(=C(C=C2)C(=O)NC)F)C3=CC(=C(C=C3)C#N)C(F)(F)F)C,ENZALUTAMIDE (MDV3100)
2313,CC(O)(CS(=O)(=O)C1=CC=C(F)C=C1)C(=O)NC1=CC(=C(C=C1)C#N)C(F)(F)F,BICALUTAMIDE
3086,CC(C)C(=O)NC1=CC(=C(C=C1)[N+](=O)[O-])C(F)(F)F,FLUTAMIDE
15,C[C@](O)(CS(=O)(=O)C1=CC=C(F)C=C1)C(=O)NC1=CC(=C(C=C1)C#N)C(F)(F)F,(R)-Bicalutamide
5406,CC1(C(=O)N(C(=O)N1)C2=CC(=C(C=C2)[N+](=O)[O-])C(F)(F)F)C,nilutamide
5399,CC1=CC(=CC=C1)CN2CCN(CC2)C(C3=CC=CC=C3)C4=CC=C(C=C4)Cl,meclizine
4306,CCC1=CN=C(C=C1)CCOC2=CC=C(C=C2)CC3C(=O)NC(=O)S3,PIOGLITAZONE
4561,CN(CCOC1=CC=C(C=C1)CC2C(=O)NC(=O)S2)C3=CC=CC=N3,ROSIGLITAZONE
3071,CC(C)OC(=O)C(C)(C)OC1=CC=C(C=C1)C(=O)C2=CC=C(C=C2)Cl,FENOFIBRATE
2526,CCOC(=O)C(C)(C)OC1=CC=C(C=C1)Cl,CLOFIBRATE
3200,CC1=CC(=C(C=C1)C)OCCCC(C)(C)C(=O)O,GEMFIBROZIL
4955,CC1=C(C2=C(CCC(O2)(C)COC3=CC=C(C=C3)CC4C(=O)NC(=O)S4)C(=C1O)C)C,TROGLITAZONE
4908,CCCC1=NC2=C(N1CC3=CC=C(C=C3)C4=CC=CC=C4C(=O)O)C=C(C=C2C)C5=NC6=CC=CC=C6N5C,TELMISARTAN
4144,CCCC1=NC(=C(N1CC2=CC=C(C=C2)C3=CC=CC=C3C4=NNN=N4)C(=O)O)C(C)(C)O,OLMESARTAN
5365,CCN(CC)CCOC1=CC=C(C=C1)C(=C(C2=CC=CC=C2)Cl)C3=CC=CC=C3,clomiphene
5110,CC12CCC3C(C1CCC2O)CCC45C3(CC(=C(C4O5)O)C#N)C,TRILOSTANE
3034,C1CC2C(C1)C3=C(C=CC(=C3)O)OC2C4=CC=C(C=C4)O,Erteberel
5009,CCN(CC)CCOC1=CC=C(C=C1)CC2=CC=CC=C2,Tesmilifene
5425,CC(C)C1=C(C(=CC=C1)C(C)C)O,propofol
4146,CC1=CN=C(C(=C1OC)C)CS(=O)C2=NC3=C(N2)C=C(C=C3)OC,OMEPRAZOLE
4331,CC(C)(C)C1=CC(=CC(=C1O)C(C)(C)C)SC(C)(C)SC2=CC(=C(C(=C2)C(C)(C)C)O)C(C)(C)C,PROBUCOL
5417,COC1=C(C(=NC=C1)CS(=O)C2=NC3=C(N2)C=C(C=C3)OC(F)F)OC,pantoprazole
2945,COC1=CC=CC2=C1NC3=C(C2=O)C=CC=C3C(=O)NC4=CC=C(C=C4)CCN5CCC6=CC(=C(C=C6C5)OC)OC,ELACRIDAR
5348,C1C2=C(C=CC(=C2Cl)Cl)N=C3N1CC(=O)N3,anagrelide
2520,C1CCC(CC1)N2C(=NN=N2)CCCCOC3=CC4=C(C=C3)NC(=O)CC4,CILOSTAZOL
3710,CC1=C(C=C(C(=O)N1)C#N)C2=CC=NC=C2,MILRINONE
4628,COC1=C(OC2CCCC2)C=C(C=C1)C1CNC(=O)C1,ROLIPRAM
2519,COC1=C(C=C(C=C1)C2(CCC(CC2)C(=O)O)C#N)OC3CCCC3,CILOMILAST
14,[H][C@]1(CNC(=O)C1)C1=CC(OC2CCCC2)=C(OC)C=C1,(R)-(-)-Rolipram
4559,C1CC1COC2=C(C=CC(=C2)C(=O)NC3=C(C=NC=C3Cl)Cl)OC(F)F,ROFLUMILAST
5432,CCCC1=NN(C2=C1N=C(NC2=O)C3=C(C=CC(=C3)S(=O)(=O)N4CCN(CC4)C)OCC)C,sildenafil
4964,CN1CC(=O)N2C(C1=O)CC3=C(C2C4=CC5=C(C=C4)OCO5)NC6=CC=CC=C36,TADALAFIL
2788,C1CCN(CC1)C2=NC(=NC3=C2N=C(N=C3N4CCCCC4)N(CCO)CCO)N(CCO)CCO,DIPYRIDAMOLE
5215,CCCC1=NC(=C2N1N=C(NC2=O)C3=C(C=CC(=C3)S(=O)(=O)N4CCN(CC4)CC)OCC)C,Vardenafil
5418,COC1=C(C=C(C=C1)CC2=NC=CC3=CC(=C(C=C32)OC)OC)OC,papaverine
4921,CN1C=NC2=C1C(=O)NC(=O)N2C,THEOBROMINE
4261,CCCC(C(=O)OCC)NC(C)C(=O)N1C2CCCCC2CC1C(=O)O,PERINDOPRIL
5351,CCOC(=O)C(CCC1=CC=CC=C1)NC2CCC3=CC=CC=C3N(C2=O)CC(=O)O,benazepril
5314,CC1=CC=CC=C1S(=O)(=O)NC(=O)C2=CC(=C(C=C2)CC3=CN(C4=C3C=C(C=C4)NC(=O)OC5CCCC5)C)OC,ZAFIRLUKAST
4328,C1=CC=C(C=C1)CCCCOC2=CC=C(C=C2)C(=O)NC3=CC=CC4=C3OC(=CC4=O)C5=NNN=N5,PRANLUKAST
4163,C1C2=CC=CC=C2N(C3=CC=CC=C3C1=O)C(=O)N,OXCARBAZEPINE
5424,CCCOC1=C(C=C(C=C1)C(=O)OCCN(CC)CC)N,proparacaine
3558,C1=CC(=C(C(=C1)Cl)Cl)C2=C(N=C(N=N2)N)N,LAMOTRIGINE
4949,CN1CCN(CC1)CCCN2C3=CC=CC=C3SC4=C2C=C(C=C4)C(F)(F)F,TRIFLUOPERAZINE
5386,C1CCNC(C1)CNC(=O)C2=C(C=CC(=C2)OCC(F)(F)F)OCC(F)(F)F,flecainide
1894,C1(=C(N=C(C(=N1)Cl)N)N)C(=O)N=C(N)N,AMILORIDE
4330,CCC1(C(=O)NCNC1=O)C2=CC=CC=C2,PRIMIDONE
5176,CC(C)C(CCCN(C)CCC1=CC(=C(C=C1)OC)OC)(C#N)C2=CC(=C(C=C2)OC)OC,VERAPAMIL
3419,CC1=C(C(C(=C(N1)C)C(=O)OC(C)C)C2=CC=CC3=NON=C32)C(=O)OC,ISRADIPINE
5388,C1CN(CCN1CC=CC2=CC=CC=C2)C(C3=CC=C(C=C3)F)C4=CC=C(C=C4)F,flunarizine
4465,CC(C)CC(CC(=O)O)CN,Pregabalin
3625,CCC(C(=O)N)N1CCCC1=O,LEVETIRACETAM
2672,CC(C1=CC=CC2=CC=CC=C21)NCCCC3=CC(=CC=C3)C(F)(F)F,CINACALCET
3181,C1CCC(CC1)(CC(=O)O)CN,GABAPENTIN
2793,CN(CCC1=CC=C(C=C1)NS(=O)(=O)C)CCOC2=CC=C(C=C2)NS(=O)(=O)C,DOFETILIDE
3206,CCC1=C(CN(C1=O)C(=O)NCCC2=CC=C(C=C2)S(=O)(=O)NC(=O)NC3CCC(CC3)C)C,GLIMEPIRIDE
3207,CC1=CN=C(C=N1)C(=O)NCCC2=CC=C(C=C2)S(=O)(=O)NC(=O)NC3CCCCC3,GLIPIZIDE
3434,CCCCCCCN(CC)CCCC(C1=CC=C(C=C1)NS(=O)(=O)C)O.CCCCCCCN(CC)CCCC(C1=CC=C(C=C1)NS(=O)(=O)C)O.C(=CC(=O)O)C(=O)O,IBUTILIDE FUMARATE
3205,CC1=CC=C(C=C1)S(=O)(=O)NC(=O)NN2CC3CCCC3C2,GLICLAZIDE
3711,C1CCN(CC1)C2=NC(=N)N(C(=C2)N)O,MINOXIDIL
3630,CC1CC(=O)NN=C1C2=CC=C(C=C2)NN=C(C#N)C#N,LEVOSIMENDAN
4593,CCOC(=O)NC1=C(C=C(C=C1)NCC2=CC=C(C=C2)F)N,Retigabine
4546,C1=CC2=C(C=C1OC(F)(F)F)SC(=N2)N,RILUZOLE
3422,CC(C)(C)C1=CC(=C(C=C1NC(=O)C2=CNC3=CC=CC=C3C2=O)O)C(C)(C)C,IVACAFTOR (VX-770)
4404,CCCCN1CCC(CC1)CNC(=O)C2=C3N(CCCO3)C4=CC=CC=C42,Piboserod
4762,CNS(=O)(=O)CC1=CC2=C(C=C1)NC=C2CCN(C)C,SUMATRIPTAN
3901,CNS(=O)(=O)CCC1=CC2=C(C=C1)NC=C2C3CCN(CC3)C,NARATRIPTAN
5429,CN(C)CCC1=CNC2=C1C=C(C=C2)CN3C=NC=N3,rizatriptan
5340,CN(C)CCC1=CNC2=C1C=C(C=C2)CC3COC(=O)N3,ZOLMITRIPTAN
2041,CN(C)CCC1=CNC2=C1C=C(C=C2)CS(=O)(=O)N3CCCC3,Almotriptan
3161,COCCCCC(=NOCCN)C1=CC=C(C=C1)C(F)(F)F,FLUVOXAMINE
2522,CN(C)CCCC1(C2=C(CO1)C=C(C=C2)C#N)C3=CC=C(C=C3)F,CITALOPRAM
5173,CN(C)CC(C1=CC=C(C=C1)OC)C2(CCCCC2)O,VENLAFAXINE
3329,CN1C2CCCC1CC(C2)NC(=O)C3=NN(C4=CC=CC=C43)C.Cl,Granisetron hydrochloride
5413,CC1=NC=CN1CC2CCC3=C(C2=O)C4=CC=CC=C4N3C,ondansetron
1897,C1CN(CCN1)C2=NC3=CC=CC=C3OC4=C2C=C(C=C4)Cl,AMOXAPINE
5370,CN(C)CCC=C1C2=CC=CC=C2C=CC3=CC=CC=C31,cyclobenzaprine
3676,CCCNS(=O)(=O)NC1=C(C(=NC=N1)OCCOC2=NC=C(C=N2)Br)C3=CC=C(C=C3)Br,MACITENTAN
5217,C1C2CNCC1C3=CC4=NC=CN=C4C=C23,Varenicline
2763,C1C2CNCC1C3=CC=CC(=O)N3C2,CYTISINE
3624,C1CSC2=NC(CN21)C3=CC=CC=C3,LEVAMISOLE
2108,CC(C1=CC(=CC(=C1)C(F)(F)F)C(F)(F)F)OC2C(N(CCO2)CC3=NNC(=O)N3)C4=CC=C(C=C4)F,Aprepitant
2691,C1C(C(OC1N2C=NC3=C(N=C(N=C32)Cl)N)CO)O,CLADRIBINE
4922,CN1C2=C(C(=O)N(C1=O)C)NC=N2,THEOPHYLLINE
5232,NC1=NC=NC2=C1N=CN2[C@@H]1O[C@H](CO)[C@@H](O)[C@@H]1O,VIDARABINE
4594,C1CCC(CC1)NC2=NC(=NC3=C2NC=N3)NC4=CC=C(C=C4)N5CCOCC5,Reversine
4434,C1CNCCNCCCN(CCNC1)CC2=CC=C(C=C2)CN3CCCNCCNCCCNCC3,Plerixafor
3778,CC1=NN=C(N1C2CC3CCC(C2)N3CCC(C4=CC=CC=C4)NC(=O)C5CCC(CC5)(F)F)C(C)C,MARAVIROC
4548,CC1=C(N(N=C1C(=O)NN2CCCCC2)C3=C(C=C(C=C3)Cl)Cl)C4=CC=C(C=C4)Cl,RIMONABANT
3577,CC1(CC2=C(C(=C(N2C1)CC(=O)O)C3=CC=C(C=C3)Cl)C4=CC=CC=C4)C,LICOFELONE
5318,CC(C1=CC2=CC=CC=C2S1)N(C(=O)N)O,ZILEUTON
3784,CC(CC1=CC(=C(C=C1)O)O)C(C)CC2=CC(=C(C=C2)O)O,Masoprocol
4006,C1=CC=C(C=C1)C(=O)C2=CC=CC(=C2N)CC(=O)N,NEPAFENAC
2965,CCC1=C2C(=CC=C1)C3=C(N2)C(OCC3)(CC)CC(=O)O,ETODOLAC
4012,CS(=O)(=O)NC1=C(C=C(C=C1)[N+](=O)[O-])OC2=CC=CC=C2,NIMESULIDE
4078,CC(C1=CC2=C(C=C1)C=C(C=C2)OC)C(=O)O,NAPROXEN
5344,CC(=O)NC1=CC=C(C=C1)O,acetaminophen
3388,CC(C)CC1=CC=C(C=C1)C(C)C(=O)O,IBUPROFEN
3688,CC1=CN=C(S1)NC(=O)C2=C(C3=CC=CC=C3S(=O)(=O)N2C)O,MELOXICAM
4307,CN1C(=C(C2=CC=CC=C2S1(=O)=O)O)C(=O)NC3=CC=CC=N3,PIROXICAM
4010,C1=CC(=CC(=C1)NC2=C(C=CC=N2)C(=O)O)C(F)(F)F,NIFLUMIC ACID
4558,CS(=O)(=O)C1=CC=C(C=C1)C2=C(C(=O)OC2)C3=CC=CC=C3,ROFECOXIB
4812,CCC(C)(C)C(=O)OC1CC(C=C2C1C(C(C=C2)C)CCC3CC(CC(=O)O3)O)C,SIMVASTATIN
3661,CCC(C)C(=O)OC1CC(C=C2C1C(C(C=C2)C)CCC3CC(CC(=O)O3)O)C,LOVASTATIN
5381,C1=C2C3=C(C(=C1O)O)OC(=O)C4=CC(=C(C(=C43)OC2=O)O)O,ellagic acid
4013,CC(C)(C)COC1=C(C=C(C=C1)N2C=C(C=N2)C(=O)O)C#N,NIRAXOSTAT
4168,CC(C1C(=O)NC(CSSCC(C(=O)NC(C(=O)NC(C(=O)NC(C(=O)N1)CCCCN)CC2=CNC3=CC=CC=C32)CC4=CC=CC=C4)NC(=O)C(CC5=CC=CC=C5)N)C(=O)NC(CO)C(C)O)O,Octreotide
3610,CC(=O)NC(COC)C(=O)NCC1=CC=CC=C1,LACOSAMIDE
3689,CC12CC3CC(C1)(CC(C3)(C2)N)C,MEMANTINE
2764,C1C(C(=O)NO1)N,D-CYCLOSERINE
5433,C(CCNCCCN)CN,spermidine
2515,C1=CC2=C(C(=C(C=C2Cl)Cl)O)N=C1,CHLOROXINE
4369,CCN1C=C(C(=O)C2=CC(=C(C=C21)N3CCN(CC3)C)F)C(=O)O,Pefloxacin
4760,CC1=NN=C(S1)NS(=O)(=O)C2=CC=C(C=C2)N,SULFAMETHIZOLE
2699,CCCCCCCCCCCCCCCC(=O)OC1C(C(C(OC1SC)C(C(C)Cl)NC(=O)C2CC(CN2C)CCC)O)O.Cl,CLINDAMYCIN PALMITATE HCL
5328,C1CC(OC1CO)N2C=CC(=NC2=O)N,ZALCITABINE
5372,C1CC(OC1CO)N2C=NC3=C2N=CNC3=O,didanosine
5335,CC1=CN(C(=O)NC1=O)C2CC(C(O2)CO)N=[N+]=[N-],ZIDOVUDINE
4943,C1CC(CCC1CN)C(=O)O,TRANEXAMIC ACID
3361,CCN(CCCC(C)NC1=C2C=CC(=CC2=NC=C1)Cl)CCO,HYDROXYCHLOROQUINE
2513,CCN(CC)CCCC(C)NC1=C2C=CC(=CC2=NC=C1)Cl,CHLOROQUINE
5400,C1CCNC(C1)C(C2=CC(=NC3=C2C=CC=C3C(F)(F)F)C(F)(F)F)O,mefloquine
3341,CCCCN(CCCC)CCC(C1=C2C=CC(=CC2=C3C=C(C=C(C3=C1)Cl)Cl)C(F)(F)F)O,HALOFANTRINE
3831,CN(C)C1=CC2=C(C=C1)N=C3C=CC(=[N+](C)C)C=C3S2,Methylene Blue cation
2589,CCCCCOC(=O)NC1=NC(=O)N(C=C1F)C2C(C(C(O2)C)O)O,Capecitabine (Xeloda)
3079,C1=NC(=O)NC(=C1F)N,FLUCYTOSINE
4572,CC1=NC2=C(C=C(C=C2)CN(C)C3=CC=C(S3)C(=O)NC(CCC(=O)O)C(=O)O)C(=O)N1,Raltitrexed
5442,CC1=C(C=CC2=C1C(=NC(=N2)N)N)CNC3=CC(=C(C(=C3)OC)OC)OC,trimetrexate
5430,CCC1C(C(C(C(=NOCOCCOC)C(CC(C(C(C(C(C(=O)O1)C)OC2CC(C(C(O2)C)O)(C)OC)C)OC3C(C(CC(O3)C)N(C)C)O)(C)O)C)C)O)(C)O,roxithromycin
5017,CC1(C2CC3C(C(=O)C(=C(C3(C(=O)C2=C(C4=C1C=CC=C4O)O)O)O)C(=O)N)N(C)C)O,TETRACYCLINE
3640,CC(=O)NCC1CN(C(=O)O1)C2=CC(=C(C=C2)N3CCOCC3)F,LINEZOLID
5435,C1=CC=C(C=C1)N2C(=CC=N2)NS(=O)(=O)C3=CC=C(C=C3)N,sulfaphenazole
2643,C1=CC(=CC=C1C(C(CO)NC(=O)C(Cl)Cl)O)[N+](=O)[O-],CHLORAMPHENICOL
5403,CN(C)C1C2CC3CC4=C(C=CC(=C4C(=C3C(=O)C2(C(=C(C1=O)C(=O)N)O)O)O)O)N(C)C,minocycline
5411,CC1COC2=C3N1C=C(C(O)=O)C(=O)C3=CC(F)=C2N1CCN(C)CC1,ofloxacin
2952,CCN1C=C(C(=O)C2=CC(=C(N=C21)N3CCNCC3)F)C(=O)O,ENOXACIN
5387,CN1CCN(CC1)C2=C(C=C3C(=C2F)N(C=C(C3=O)C(=O)O)CCF)F,fleroxacin
5398,CCN1C=C(C(=O)C2=CC(=C(C(=C21)F)N3CCNC(C3)C)F)C(=O)O,lomefloxacin
5361,CC1=C(N2C(C(C2=O)NC(=O)C(C3=CCC=CC3)N)SC1)C(=O)O,cephradine
5360,C=CC1=C(N2C(C(C2=O)NC(=O)C(=NO)C3=CSC(=N3)N)SC1)C(=O)O,cefdinir
2512,CN1C(S(=O)(=O)CCC1=O)C2=CC=C(C=C2)Cl,CHLORMEZANONE
3056,CCOC(=O)C1=CN=CN1C(C)C2=CC=CC=C2,ETOMIDATE
3070,C1=CC=C(C=C1)C(COC(=O)N)COC(=O)N,FELBAMATE
3047,CN1CCN(CC1)C(=O)OC2C3=NC=CN=C3C(=O)N2C4=NC=C(C=C4)Cl,Eszopiclone
3081,CCOC(=O)C1=C2CN(C(=O)C3=C(N2C=N1)C=CC(=C3)F)C,FLUMAZENIL
3416,C1=CN=CC=C1C(=O)NN,ISONIAZID
2964,CCC1=NC=CC(=C1)C(=S)N,ETHIONAMIDE
3683,COC(=O)NC1=NC2=C(N1)C=C(C=C2)C(=O)C3=CC=CC=C3,MEBENDAZOLE
4923,C1=CC=C2C(=C1)NC(=N2)C3=CSC=N3,THIABENDAZOLE
3687,CC(=O)NCCC1=CNC2=C1C=C(C=C2)OC,MELATONIN
4533,CC1=NN=C(O1)C(=O)NC(C)(C)C2=NC(=C(C(=O)N2C)O)C(=O)NCC3=CC=C(C=C3)F,RALTEGRAVIR
3078,C1=CC(=C(C=C1F)F)C(CN2C=NC=N2)(CN3C=NC=N3)O,FLUCONAZOLE
4930,C1=CC(=C(C=C1Cl)Cl)C(CN2C=CN=C2)OCC3=C(SC=C3)Cl,TIOCONAZOLE
3476,C1=CC(=C(C(=C1)Cl)COC(CN2C=CN=C2)C3=C(C=C(C=C3)Cl)Cl)Cl,Isoconazole
5380,C1=CC(=CC=C1COC(CN2C=CN=C2)C3=C(C=C(C=C3)Cl)Cl)Cl,econazole
2253,CCCCNC1=C(C(=CC(=C1)C(=O)O)S(=O)(=O)N)OC2=CC=CC=C2,BUMETANIDE
3100,C1=COC(=C1)CNC2=CC(=C(C=C2C(=O)O)S(=O)(=O)N)Cl,FUROSEMIDE
2209,CC(C)NCC(COC1=CC=C(C=C1)COCCOC(C)C)O,BISOPROLOL
5375,CC(CCC1=CC=C(C=C1)O)NCCC2=CC(=C(C=C2)O)O,dobutamine
4091,C1CC2=C(C=CC(=C2)F)OC1C(CNCC(C3CCC4=C(O3)C=CC(=C4)F)O)O.Cl,Nebivolol hydrochloride
2190,CC(C)NCC(COC1=CC=C(C=C1)CCOCC2CC2)O,BETAXOLOL
2374,COC1=CC=CC=C1OCCNCC(COC2=CC=CC3=C2C4=CC=CC=C4N3)O,CARVEDILOL
4740,CC(C)NCC(C1=CC=C(C=C1)NS(=O)(=O)C)O,SOTALOL
4332,CCC(C(C1=C2C=CC(=O)NC2=C(C=C1)O)O)NC(C)C,PROCATEROL
4765,CC(C)(C)NCC(C1=CC(=C(C=C1)O)CO)O,Salbutamol
3417,CC(C)NCC(C1=CC(=C(C=C1)O)O)O,ISOPROTERENOL
5420,CC1=CC=C(C=C1)N(CC2=NCCN2)C3=CC(=CC=C3)O,phentolamine
5377,COC1=C(C=C2C(=C1)C(=NC(=N2)N3CCN(CC3)C(=O)C4COC5=CC=CC=C5O4)N)OC,doxazosin
5345,CN(CCCNC(=O)C1CCCO1)C2=NC3=CC(=C(C=C3C(=N2)N)OC)OC,alfuzosin
5422,COC1=C(C=C2C(=C1)C(=NC(=N2)N3CCN(CC3)C(=O)C4=CC=CO4)N)OC,prazosin
4912,COC1=C(C=C2C(=C1)C(=NC(=N2)N3CCN(CC3)C(=O)C4CCCO4)N)OC,TERAZOSIN
4944,C1CN(CCN1CCCN2C(=O)N3C=CC=CC3=N2)C4=CC(=CC=C4)Cl,TRAZODONE
5367,C1CN=C(N1)NC2=C(C=CC=C2Cl)Cl,clonidine
5421,CNCC(C1=CC(=CC=C1)O)O,phenylephrine
5416,CC1=CC(=C(C(=C1CC2=NCCN2)C)O)C(C)(C)C,oxymetazoline
5444,CC1=CC(=CC(=C1CC2=NCCN2)C)C(C)(C)C,xylometazoline
2801,CCCCC1=C(C2=C(O1)C=CC(=C2)NS(=O)(=O)C)C(=O)C3=CC=C(C=C3)OCCCN(CCCC)CCCC,DRONEDARONE
5419,CC(COC1=CC=CC=C1)N(CCCl)CC2=CC=CC=C2,phenoxybenzamine
5440,C1CN=C(N1)NC2=C(C=CC3=NSN=C32)Cl,tizanidine
3013,CNCC(C1=CC(=C(C=C1)O)O)O,EPINEPHRINE
5408,C1=CC(=C(C=C1C(CN)O)O)O,norepinephrine
1895,CCC1(CCC(=O)NC1=O)C2=CC=C(C=C2)N,AMINOGLUTETHIMIDE
3707,C1=CC(=C(C=C1Cl)Cl)COC(CN2C=CN=C2)C3=C(C=C(C=C3)Cl)Cl,MICONAZOLE
3164,CC12CCC(=O)C(=C1CCC3C2CCC4(C3CCC4=O)C)O,FORMESTANE
5401,CC12CCC(=O)C=C1CCC3C2CCC4(C3CCC4(C)O)C,methyltestosterone
3148,CC1(OC2CC3C4CC(C5=CC(=O)C=CC5(C4(C(CC3(C2(O1)C(=O)CO)C)O)F)C)F)C,FLUOCINOLONE ACETONIDE
5098,CC1(OC2CC3C4CCC5=CC(=O)C=CC5(C4(C(CC3(C2(O1)C(=O)CO)C)O)F)C)C,TRIAMCINOLONE ACETONIDE
2306,CCC(=O)OCC(=O)C1(C(CC2C1(CC(C3(C2CCC4=CC(=O)C=CC43C)F)O)C)C)OC(=O)CC,BETAMETHASONE DIPROPIONATE
2850,CC1(OC2CC3C4CCC5=CC(=O)C=CC5(C4C(CC3(C2(O1)C(=O)CO)C)O)C)C,DESONIDE
3158,CCC(=O)OC1(C(CC2C1(CC(C3(C2CC(C4=CC(=O)C=CC43C)F)F)O)C)C)C(=O)SCF,FLUTICASONE PROPIONATE
2701,CCC(=O)OC1(C(CC2C1(CC(C3(C2CCC4=CC(=O)C=CC43C)F)O)C)C)C(=O)CCl,CLOBETASOL PROPIONATE
4074,CC12CCC3C(C1CCC2OC(=O)CCC4=CC=CC=C4)CCC5=CC(=O)CCC35,Nandrolone phenpropionate
4952,C[N+](C)(C)CC(=O)O,TRIMETHYL GLYCINE
3848,CC#CC1(CCC2C1(CC(C3=C4CCC(=O)C=C4CCC23)C5=CC=C(C=C5)N(C)C)C)O,MIFEPRISTONE
4483,CC(=O)C1CCC2C1(CCC3C2CCC4=CC(=O)CCC34C)C,PROGESTERONE
3555,C1=C(C=C(C(=C1I)OC2=CC(=C(C(=C2)I)O)I)I)CC(C(=O)O)N,L-THYROXINE
4097,COC1=NC(=NC2=C1N=CN2C3C(C(C(O3)CO)O)O)N,NELARABINE
3372,CCC(C1=CC=C(C=C1)O)C(CC)C2=CC=C(C=C2)O,HEXESTROL
2732,C1=CC2=C(C(=C1)OCC(COC3=CC=CC4=C3C(=O)C=C(O4)C(=O)O)O)C(=O)C=C(O2)C(=O)O,Cromoglycate
5347,CC(C)C1=CC2=C(C=C1)OC3=NC(=C(C=C3C2=O)C(=O)O)N,amlexanox
2802,CN1C2=C(C(=O)N(C1=O)C)N(C=N2)CC(CO)O,DYPHYLLINE
3467,CC(C)[N+]1(C2CCC1CC(C2)OC(=O)C(CO)C3=CC=CC=C3)C.O.[Br-],Ipratropium bromide hydrate
3696,C[N+]1(C2CC(CC1C3C2O3)OC(=O)C(CO)C4=CC=CC=C4)C.[Br-],METHSCOPOLAMINE BROMIDE
5415,CCN(CC)CC#CCOC(=O)C(C1CCCCC1)(C2=CC=CC=C2)O,oxybutynin
5414,CC1=CC=CC=C1C(C2=CC=CC=C2)OCCN(C)C,orphenadrine
3122,CC(C)C(=O)OC1=C(C=C(C=C1)CO)C(CCN(C(C)C)C(C)C)C2=CC=CC=C2,Fesoterodine
5346,CCCCC1=C(C2=CC=CC=C2O1)C(=O)C3=CC(=C(C(=C3)I)OCCN(CC)CC)I,amiodarone
3553,CN1[C@H]2CC[C@@H]1C[C@@H](C2)OC(=O)[C@H](CO)C1=CC=CC=C1,L-Hyoscyamine
5355,CC(C[N+](C)(C)C)OC(=O)N,bethanechol
1917,CN1CCC=C(C1)C(=O)OC,ARECOLINE
2140,[O-]S(=O)(=O)C1=CC=CC=C1.[O-]S(=O)(=O)C1=CC=CC=C1.COC1=CC2=C(C=C1OC)C(CC1=CC(OC)=C(OC)C=C1)[N+](C)(CCC(=O)OCCCCCOC(=O)CC[N+]1(C)CCC3=C(C=C(OC)C(OC)=C3)C1CC1=CC(OC)=C(OC)C=C1)CC2,ATRACURIUM BESYLATE
3693,COC1=CC=CC=C1OCC(COC(=O)N)O,METHOCARBAMOL
3357,C1=CC=C2C(=C1)C=NN=C2NN,HYDRALAZINE
4614,C1=CC(=CN=C1)CC(O)(P(=O)(O)O)P(=O)(O)[O-].[Na+],Risedronate sodium
4329,CC(=O)OC1=CC2=C(S1)CCN(C2)C(C3=CC=CC=C3F)C(=O)C4CC4,PRASUGREL
5439,C1CN(CC2=C1SC=C2)CC3=CC=CC=C3Cl,ticlopidine
1908,COC1=CC=C(C=C1)N2C3=C(CCN(C3=O)C4=CC=C(C=C4)N5CCCCC5=O)C(=N2)C(=O)N,APIXABAN
5443,CC(=O)CC(C1=CC=CC=C1)C2=C(C3=CC=CC=C3OC2=O)O,warfarin
5254,CC(C1=NC=NC=C1F)C(CN2C=NC=N2)(C3=C(C=C(C=C3)F)F)O,VORICONAZOLE
2527,C1=CC=C(C=C1)C(C2=CC=CC=C2)(C3=CC=CC=C3Cl)N4C=CN=C4,CLOTRIMAZOLE
5402,CN1CCN2C(C1)C3=CC=CC=C3CC4=CC=CC=C42,mianserin
5337,C1CN(CCN1CCC2=C(C=C3C(=C2)CC(=O)N3)Cl)C4=NSC5=CC=CC=C54,Ziprasidone
3713,CN1CCN2C(C1)C3=CC=CC=C3CC4=C2N=CC=C4,MIRTAZAPINE
1919,C1CC(=O)NC2=C1C=CC(=C2)OCCCCN3CCN(CC3)C4=C(C(=CC=C4)Cl)Cl,ARIPIPRAZOLE
1868,CC(=O)NCCC1=CC=CC2=C1C=C(C=C2)OC,AGOMELATINE
4573,CCC(=O)NCCC1CCC2=C1C3=C(C=C2)OCC3,RAMELTEON
1896,CCN1CCCC1CNC(=O)C2=CC(=C(C=C2OC)N)S(=O)(=O)CC,AMISULPRIDE
2126,CN1CC2C(C1)C3=C(C=CC(=C3)Cl)OC4=CC=CC=C24,ASENAPINE
5385,C1CNCC(C2=CC(=C(C(=C21)Cl)O)O)C3=CC=C(C=C3)O,fenoldopam
3084,C1CN(CCN1CCCN2C3=CC=CC=C3SC4=C2C=C(C=C4)C(F)(F)F)CCO,FLUPHENAZINE
4480,CN1CCN(CC1)CCCN2C3=CC=CC=C3SC4=C2C=C(C=C4)Cl.C(=CC(=O)O)C(=O)O.C(=CC(=O)O)C(=O)O,PROCHLORPERAZINE DIMALEATE
3397,CC(=O)C1=CC(=C(C=C1)OCCCN2CCC(CC2)C3=NOC4=C3C=CC(=C4)F)OC,ILOPERIDONE
4549,CC1=C(C(=O)N2CCCCC2=N1)CCN3CCC(CC3)C4=NOC5=C4C=CC(=C5)F,RISPERIDONE
3342,C1CN(CCC1(C2=CC=C(C=C2)Cl)O)CCCC(=O)C3=CC=C(C=C3)F,HALOPERIDOL
5437,CCN1CCCC1CNC(=O)C2=C(C=CC(=C2)S(=O)(=O)N)OC,sulpiride
5412,CC1=CC2=C(S1)NC3=CC=CC=C3N=C2N4CCN(CC4)C,olanzapine
4453,CCCNC1CCC2=C(C1)SC(=N2)N,PRAMIPEXOLE
5368,CN1CCN(CC1)C2=NC3=C(C=CC(=C3)Cl)NC4=CC=CC=C42,clozapine
1878,C1C2CC3CC1CC(C2)(C3)N,AMANTADINE
2795,C1CN(CCC1N2C3=C(C=C(C=C3)Cl)NC2=O)CCCN4C5=CC=CC=C5NC4=O,DOMPERIDONE
1880,CC(C(=O)C1=CC(=CC=C1)Cl)NC(C)(C)C,AMFEBUTAMONE HCL
3678,CNCCCC12CCC(C3=CC=CC=C31)C4=CC=CC=C24,MAPROTILINE
5378,CNCCC(C1=CC=CS1)OC2=CC=CC3=CC=CC=C32,duloxetine
5366,CN(C)CCCN1C2=CC=CC=C2CCC3=C1C=C(C=C3)Cl,clomipramine
4913,CC(C)CC1CN2CCC3=CC(=C(C=C3C2CC1=O)OC)OC,TETRABENAZINE
5383,CCC1(CC(=O)NC1=O)C,ethosuximide
2570,CN1C=NC2=C1C(=O)N(C(=O)N2C)C.C(C(=O)O)C(CC(=O)O)(C(=O)O)O,Caffeine citrate
2170,C1=CC(=CC=C1C(=O)NCCC(=O)O)N=NC2=CC(=C(C=C2)O)C(=O)O,BALSALAZIDE
2514,C1=C2C(=CC(=C1Cl)S(=O)(=O)N)S(=O)(=O)N=CN2,CHLOROTHIAZIDE
3358,C1NC2=CC(=C(C=C2S(=O)(=O)N1)S(=O)(=O)N)Cl,HYDROCHLOROTHIAZIDE
2721,CC1=NC2=C(N1)CCN(C3=CC=CC=C32)C(=O)C4=CC=C(C=C4)NC(=O)C5=CC=CC=C5C6=CC=CC=C6,Conivaptan
4947,C1=C2C(=CC(=C1Cl)S(=O)(=O)N)S(=O)(=O)NC(N2)C(Cl)Cl,TRICHLORMETHIAZIDE
2112,CC1CCN(C(C1)C(=O)O)C(=O)C(CCCN=C(N)N)NS(=O)(=O)C2=CC=CC3=C2NCC(C3)C,ARGATROBAN
1902,COC1=CC=C(C=C1)C(=O)N2CCCC2=O,ANIRACETAM
5428,CCN(C)C(=O)OC1=CC=CC(=C1)C(C)N(C)C,rivastigmine
3375,CC=C1C2CC3=C(C1(CC(=C2)C)N)C=CC(=O)N3,Huperzine A
4886,C1CCC2=NC3=CC=CC=C3C(=C2C1)N,TACRINE
3761,C1=CC=C(C=C1)COC2=CC=C(C=C2)O,MONOBENZONE
1855,COC1=C(C=C(C=C1)C2=CC3=C(C=C2)C=C(C=C3)C(=O)O)C45CC6CC(C4)CC(C6)C5,ADAPALENE
1734,CC1=CC(=C(C(=C1C=CC(=CC=CC(=CC(=O)O)C)C)C)C)OC,9-cis Acitretin
4192,CCC(CC)OC1C=C(CC(C1NC(=O)C)N)C(=O)OCC,OSELTAMIVIR
4547,CC(C12CC3CC(C1)CC(C3)C2)N,RIMANTADINE
5356,C1CCN(CC1)CCC(C2CC3CC2C=C3)(C4=CC=CC=C4)O,biperiden
5396,C1=CC(=C(C=C1CC(C(=O)O)N)O)O,levodopa
5431,CC(CC1=CC=CC=C1)N(C)CC#C,selegiline
4536,CS(=O)(=O)O.C#CCNC1CCC2=CC=CC=C12,RASAGILINE MESYLATE
4388,C1=CC=C(C=C1)CCNN,Phenelzine
2796,C1=CC(=C(C=C1CCN)O)O,DOPAMINE
3894,CC1=C2COC(=O)C2=C(C(=C1OC)CC=C(C)CCC(=O)OCCN3CCOCC3)O,MYCOPHENOLATE MOFETIL
4067,C1CC1CN2CCC34C5C(=O)CCC3(C2CC6=C4C(=C(C=C6)O)O5)O,NALTREXONE
3584,CN(C)C(=O)C(CCN1CCC(CC1)(C2=CC=C(C=C2)Cl)O)(C3=CC=CC=C3)C4=CC=CC=C4,LOPERAMIDE
4297,C1=CC(=CC=C1CCC(=O)C2=C(C=C(C=C2O)O)O)O,PHLORETIN
4583,CCOC1=C(C=CC(=C1)CC(=O)NC(CC(C)C)C2=CC=CC=C2N3CCCCC3)C(=O)O,REPAGLINIDE
4086,CC(C)C1CCC(CC1)C(=O)NC(CC2=CC=CC=C2)C(=O)O,NATEGLINIDE
4296,C1=CC=C(C=C1)CCN=C(N)N=C(N)N,PHENFORMIN
5376,CCNC1CC(S(=O)(=O)C2=C1C=C(S2)S(=O)(=O)N)C,dorzolamide
3699,CC1NC2=CC(=C(C=C2C(=O)N1C3=CC=CC=C3C)S(=O)(=O)N)Cl,METOLAZONE
3402,CC1CC2=CC=CC=C2N1NC(=O)C3=CC(=C(C=C3)Cl)S(=O)(=O)N,INDAPAMIDE
4761,C1=CC(=CC=C1N)S(=O)(=O)N,SULFANILAMIDE
2784,C1=C(C=C(C(=C1S(=O)(=O)N)Cl)Cl)S(=O)(=O)N,DICHLORPHENAMIDE
4491,CCCCCC(C=CC1C(CC(=O)C1CC=CCCCC(=O)O)O)O,Prostaglandin E2
1942,CCP(CC)CC.CC(=O)OCC1C(C(C(C(O1)[S-])OC(=O)C)OC(=O)C)OC(=O)C.[Au+],AURANOFIN
4335,CCCC1=CC(=O)NC(=S)N1,PROPYLTHIOURACIL
4260,C1CCC(CC1)C(CC2CCCCN2)C3CCCCC3,PERHEXILINE
5423,CCCNCC(COC1=CC=CC=C1C(=O)CCC2=CC=CC=C2)O,propafenone
4603,CC1C=CC=C(C(=O)NC2=C(C3=C(C4=C(C(=C3O)C)OC(C4=O)(OC=CC(C(C(C(C(C(C1O)C)O)C)OC(=O)C)C)OC)C)C5=NC6(CCN(CC6)CC(C)C)N=C25)O)C,RIFABUTIN
2518,CC1=CC(=O)N(C(=C1)C2CCCCC2)O.C(CO)N,CICLOPIROX ETHANOLAMINE
3059,CC1CCC2CC(C(=CC=CC=CC(CC(C(=O)C(C(C(=CC(C(=O)CC(OC(=O)C3CCCCN3C(=O)C(=O)C1(O2)O)C(C)CC4CCC(C(C4)OC)OCCO)C)C)O)OC)C)C)C)OC,Everolimus
1934,C1CNCCC1NC(=O)C2=C(C=NN2)NC(=O)C3=C(C=CC=C3Cl)Cl,AT-7519
5092,COC1=C(C=C(C=C1)C=CC(=O)NC2=CC=CC=C2C(=O)O)OC,Tranilast
3044,CC12CCC3C(C1CCC2O)CCC4=C3C=CC(=C4)OC(=O)N(CCCl)CCCl,Estramustine
3020,CC1CCCC2(C(O2)CC(OC(=O)CC(C(C(=O)C(C1O)C)(C)C)O)C(=CC3=CSC(=N3)C)C)C,Epothilone B
3017,CC1C(C(CC(O1)OC2CC(CC3=C2C(=C4C(=C3O)C(=O)C5=C(C4=O)C(=CC=C5)OC)O)(C(=O)CO)O)N)O.Cl,Epirubicin hydrochloride
3438,CC1C(C(CC(O1)OC2CC(CC3=C2C(=C4C(=C3O)C(=O)C5=CC=CC=C5C4=O)O)(C(=O)C)O)N)O.Cl,Idarubicin hydrochloride
4604,CC1C=CC=C(C(=O)NC2=C(C(=C3C(=C2O)C(=C(C4=C3C(=O)C(O4)(OC=CC(C(C(C(C(C(C1O)C)O)C)OC(=O)C)C)OC)C)C)O)O)C=NN5CCN(CC5)C)C,Rifampicin
4608,CC1C=CC=C(C(=O)NC2=C(C3=C(C4=C(C(=C3O)C)OC(C4=O)(OC=CC(C(C(C(C(C(C1O)C)O)C)OC(=O)C)C)OC)C)C5=C2N6C=CC(=CC6=N5)C)O)C,Rifaximin
2703,C1=NC2=C(N=C(N=C2N1C3C(C(C(O3)CO)O)F)Cl)N,Clofarabine
2742,CC1CCCC=CC2CC(CC2C(C=CC(=O)O1)O)O,Cyanein
2813,C1=CC(=CC=C1C2=COC3=C(C2=O)C=CC(=C3)OC4C(C(C(C(O4)CO)O)O)O)O,Daidzin
4524,COC1=CC2=C(C=CN=C2C=C1)C(C3CC4CCN3CC4C=C)O,Quinidine
2022,CN(C)CC=CC(=O)NC1=C(C=C2C(=C1)C(=NC=N2)NC3=CC(=C(C=C3)F)Cl)OC4CCOC4,Afatinib
4319,C1CCC(C1)N2C3=NC=NC(=C3C(=N2)C4=CN=C5C(=C4)C=CN5)N,PP-121
4406,C1=CC(=C(C=C1C=CC2=CC(=CC(=C2)O)O)O)O,Piceatannol
3602,C1COCCN1C2=CC(=O)C3=C(O2)C(=CC=C3)C4=CC=CC=C4,LY-294002
5391,C1=CC2=C(C=CN=C2)C(=C1)S(=O)(=O)NCCNCC=CC3=CC=C(C=C3)Br,H-89
4816,CC1CCC2CC(C(=CC=CC=CC(CC(C(=O)C(C(C(=CC(C(=O)CC(OC(=O)C3CCCCN3C(=O)C(=O)C1(O2)O)C(C)CC4CCC(C(C4)OC)O)C)C)O)OC)C)C)C)OC,Sirolimus
4999,CC1CCC2CC(C(=CC=CC=CC(CC(C(=O)C(C(C(=CC(C(=O)CC(OC(=O)C3CCCCN3C(=O)C(=O)C1(O2)O)C(C)CC4CCC(C(C4)OC)OC(=O)C(C)(CO)CO)C)C)O)OC)C)C)C)OC,Temsirolimus
2912,CC1=CC=C(C=C1)N2C(=CC(=N2)C(C)(C)C)NC(=O)NC3=CC=C(C4=CC=CC=C43)OCCN5CCOCC5,Doramapimod
1481,CC12C(C(CC(O1)N3C4=CC=CC=C4C5=C6C(=C7C8=CC=CC=C8N2C7=C53)C(NC6=O)O)NC)OC,7-Hydroxystaurosporine
2030,C(CC(O)(P(=O)(O)O)P(=O)(O)O)CN,Alendronate
4240,C1=CC(=C(C=C1I)F)NC2=C(C=CC(=C2F)F)C(=O)NOCC(CO)O,PD-0325901
2380,CCC1=CC(=C(C=C1O)O)C2=NNC(=C2C3=CC4=C(C=C3)OCCO4)C,CCT-018159
5255,C1=CC=C(C=C1)NC(=O)CCCCCCC(=O)NO,Vorinostat (SAHA)
3480,C1=CC(=CC=C1C=CC(=O)C2=C(C=C(C=C2)O)O)O,Isoliquiritigenin
5100,CC(C=C(C)C=CC(=O)NO)C(=O)C1=CC=C(C=C1)N(C)C,Trichostatin A
5225,CC1(CCCN1)C2=NC3=C(C=CC=C3N2)C(=O)N,Veliparib
3447,CC(C)CC(CC(=O)NO)C(=O)NC(CC1=CNC2=CC=CC=C21)C(=O)NC,Ilomastat
3574,CC1=CC2=C(C=C1C3(CC3)C4=NC=C(C=C4)C(=O)O)C(CCC2(C)C)(C)C,LG-100268
3117,CC1=C(C(CCC1)(C)C)C=CC(=CC=CC(=CC(=O)NC2=CC=C(C=C2)O)C)C,Fenretinide
3483,C\C(\C=C\C1=C(C)CCCC1(C)C)=C/C=C/C(/C)=C\C(O)=O,Isotretinoin
3370,COC1=C(C=C(C=C1)C2CC(=O)C3=C(C=C(C=C3O2)O)O)O,Hesperetin
4871,CC1=C(C2=C(C1=CC3=CC=C(C=C3)S(=O)C)C=CC(=C2)F)CC(=O)O,Sulindac
2649,CN(C)CCC(C1=CC=C(C=C1)Cl)C2=CC=CC=N2.C(=CC(=O)O)C(=O)O,Chlorphenamine maleate
2694,CC(C1=CC=CC=C1)(C2=CC=C(C=C2)Cl)OCCC3CCCN3C.C(=CC(=O)O)C(=O)O,Clemastine fumarate
5248,CC1=CC2=C(C=C1C)N(C=N2)C3C(C(C(O3)CO)OP(=O)([O-])OC(C)CNC(=O)CCC4(C(C5C6(C(C(C(=C(C7=NC(=CC8=NC(=C(C4=N5)C)C(C8(C)C)CCC(=O)N)C(C7(C)CC(=O)N)CCC(=O)N)C)[N-]6)CCC(=O)N)(C)CC(=O)N)C)CC(=O)N)C)O.[C-]#N.[Co+3],Vitamin B12
4601,CC1=CC2=C(C=C1C)N(C3=NC(=O)NC(=O)C3=N2)CC(C(C(CO)O)O)O,Riboflavin
4793,CCC(CC)(C=CC=CC(C)C1CCC2C1(CCCC2=CC=C3CC(CC(C3=C)O)O)C)O,Seocalcitol
2572,CC(CCCC(C)(C)O)C1CCC2C1(CCCC2=CC=C3CC(CC(C3=C)O)O)C,Calcitriol
5012,CC12CCC3C(C1CCC2O)CCC4=CC(=O)CCC34C,Testosterone
5015,CCC(=O)OC1CCC2C1(CCC3C2CCC4=CC(=O)CCC34C)C,Testosterone propionate
2756,CC(=O)C1(CCC2C1(CCC3C2C=C(C4=CC(=O)C5CC5C34C)Cl)C)OC(=O)C,Cyproterone acetate
3024,CCCCC1=NC=C(N1CC2=CC=C(C=C2)C(=O)O)C=C(CC3=CC=CS3)C(=O)O.CS(=O)(=O)O,Eprosartan mesylate
5085,CN(C)CCOC1=CC=C(C=C1)C(=C(CCCl)C2=CC=CC=C2)C3=CC=CC=C3.C(C(=O)O)C(CC(=O)O)(C(=O)O)O,Toremifene citrate
3052,CC12CCC3C(C1CCC2(C#C)O)CCC4=C3C=CC(=C4)O,Ethinylestradiol
3819,CC12CCC3C(C1CCC2(C#C)O)CCC4=C3C=CC(=C4)OC,Mestranol
3042,CC12CCC3C(C1CCC2O)CCC4=C3C=CC(=C4)O,Estradiol
2876,CC=C(C1=CC=C(C=C1)O)C(=CC)C2=CC=C(C=C2)O,Dienestrol
2879,CCC(=C(CC)C1=CC=C(C=C1)O)C2=CC=C(C=C2)O,Diethylstilbestrol
3045,CC12CCC3C(C1CC(C2O)O)CCC4=C3C=CC(=C4)O,Estriol
3180,CC1C(C(C(C(O1)OC2CC(C3(C4C(CCC3(C2)O)C5(CCC(C5(CC4O)C)C6=CC(=O)OC6)O)CO)O)O)O)O,G-Strophanthin
5350,CC1CC(=CC=CC(C(OC(=O)C(=CC(=CC(C1O)C)C)OC)C(C)C(C(C)C2(CC(C(C(O2)C(C)C)C)O)O)O)OC)C,Bafilomycin A1
2997,CCOC(=O)C(CCC1=CC=CC=C1)NC(C)C(=O)N2CCCC2C(=O)O.C(=CC(=O)O)C(=O)O,Enalapril maleate
4574,CCOC(=O)C(CCC1=CC=CC=C1)NC(C)C(=O)N2C3CCCC3CC2C(=O)O,Ramipril
5152,CC(C)CC(C(=O)O)NC(=O)C(C(CC1=CC=CC=C1)N)O,Ubenimex
2891,CC(=O)OC1C(SC2=CC=CC=C2N(C1=O)CCN(C)C)C3=CC=C(C=C3)OC.Cl,Diltiazem hydrochloride
4992,CCCCCN=C(N)NN=CC1=CNC2=C1C=C(C=C2)OC.C(=CC(=O)O)C(=O)O,Tegaserod maleate
4361,C1CNCC(C1C2=CC=C(C=C2)F)COC3=CC4=C(C=C3)OCO4,Paroxetine
2640,[H][C@@]1(CC[C@@]2([H])[C@]3([H])[C@H](O)C[C@]4([H])C[C@H](O)CC[C@]4(C)[C@@]3([H])CC[C@]12C)[C@H](C)CCC(O)=O,Chenodeoxycholic acid
4378,C1C(C(OC1N2C=NC3=C2NC=NCC3O)CO)O,Pentostatin
2015,NC1=C2N=CN([C@@H]3O[C@H](CO)[C@@H](O)[C@H]3O)C2=NC=N1,Adenosine
4590,C1=CC(=CC=C1C=CC2=CC(=CC(=C2)O)O)O,Resveratrol
2870,C1=CC=C(C(=C1)CC(=O)[O-])NC2=C(C=CC=C2Cl)Cl.[Na+],Diclofenac sodium
3159,CC(C)N1C2=CC=CC=C2C(=C1C=CC(CC(CC(=O)O)O)O)C3=CC=C(C=C3)F,Fluvastatin
4431,C1CC1C2=NC3=CC=CC=C3C(=C2C=CC(CC(CC(=O)[O-])O)O)C4=CC=C(C=C4)F.C1CC1C2=NC3=CC=CC=C3C(=C2C=CC(CC(CC(=O)[O-])O)O)C4=CC=C(C=C4)F.[Ca+2],Pitavastatin calcium
2137,CC(C)C1=C(C(=C(N1CCC(CC(CC(=O)[O-])O)O)C2=CC=C(C=C2)F)C3=CC=CC=C3)C(=O)NC4=CC=CC=C4.CC(C)C1=C(C(=C(N1CCC(CC(CC(=O)[O-])O)O)C2=CC=C(C=C2)F)C3=CC=CC=C3)C(=O)NC4=CC=CC=C4.O.O.O.[Ca+2],Atorvastatin calcium
3066,C1=CC(=CC=C1C2C(C(=O)N2C3=CC=C(C=C3)F)CCC(C4=CC=C(C=C4)F)O)O,Ezetimibe
4186,CCCCCCCCCCCC(CC1C(C(=O)O1)CCCCCC)OC(=O)C(CC(C)C)NC=O,Orlistat
2631,CC=CCC=CCCC(=O)C1C(O1)C(=O)N,Cerulenin
2864,CN1CCC23CCCCC2C1CC4=C3C=C(C=C4)OC.Br,Dextromethorphan hydrobromide
2819,CCOC1=CC=C(C=C1)CC2=C(C=CC(=C2)C3C(C(C(C(O3)CO)O)O)O)Cl,Dapagliflozin
2063,C(CCC(=O)O)CCN,Aminocaproic acid
3138,C1C(C(OC1N2C=C(C(=O)NC2=O)F)CO)O,Floxuridine
5107,C1C(C(OC1N2C=C(C(=O)NC2=O)C(F)(F)F)CO)O,Trifluridine
2067,C1=CC(=CC=C1C(=O)NC(CCC(=O)O)C(=O)O)NCC2=CN=C3C(=N2)C(=NC(=N3)N)N,Aminopterin
4414,CCC1C=C(CC(CC(C2C(CC(C(O2)(C(=O)C(=O)N3CCCCC3C(=O)OC(C(C(CC1=O)O)C)C(=CC4CCC(C(C4)OC)Cl)C)O)C)OC)OC)C)C,Pimecrolimus
3316,CC1C(=O)OC2C1(C34C(=O)OC5C3(C2)C6(C(C5)C(C)(C)C)C(C(=O)OC6O4)O)O,Ginkgolide A
2087,CC(C)CN(CC(C(CC1=CC=CC=C1)NC(=O)OC2CCOC2)O)S(=O)(=O)C3=CC=C(C=C3)N,Amprenavir
5006,CC(C)(C)C#CC=CCN(C)CC1=CC=CC2=CC=CC=C21.Cl,Terbinafine hydrochloride
4617,CC(C(C1=CC=C(C=C1)O)O)NCCC2=CC=C(C=C2)O.Cl,Ritodrine hydrochloride
4977,CCOC1=CC=CC=C1OCCNC(C)CC2=CC(=C(C=C2)OC)S(=O)(=O)N.Cl,Tamsulosin hydrochloride
4809,CC(CC1=CC2=C(C(=C1)C(=O)N)N(CC2)CCCO)NCCOC3=CC=CC=C3OCC(F)(F)F,Silodosin
5313,COC(=O)C1C(CCC2C1CC3C4=C(CCN3C2)C5=CC=CC=C5N4)O,Yohimbine
2351,CCCC1OC2CC3C4CCC5=CC(=O)C=CC5(C4C(CC3(C2(O1)C(=O)CO)C)O)C,Budesonide
4464,CC12CC(=O)C3C(C1CCC2(C(=O)CO)O)CCC4=CC(=O)C=CC34C,Prednisone
4462,CC12CC(C3C(C1CCC2(C(=O)CO)O)CCC4=CC(=O)C=CC34C)O,Prednisolone
3833,CC1CC2C3CCC(C3(CC(C2C4(C1=CC(=O)C=C4)C)O)C)(C(=O)CO)O,Methylprednisolone
2724,CC(=O)OCC(=O)C1(CCC2C1(CC(=O)C3C2CCC4=CC(=O)CCC34C)C)O,Cortisone acetate
3149,CC(=O)OCC(=O)C12C(CC3C1(CC(C4(C3CC(C5=CC(=O)C=CC54C)F)F)O)C)OC(O2)(C)C,Fluocinonide
3147,CC1(OC2CC3C4CC(C5=CC(=O)C=CC5(C4C(CC3(C2(O1)C(=O)CO)C)O)C)F)C,Flunisolide
3046,CC12CCC3C(C1CCC2=O)CCC4=C3C=CC(=C4)O,Estrone
2844,CC12CCC3C(C1CCC2=O)CC=C4C3(CCC(C4)O)C,Dehydroepiandrosterone
2882,CC1C(C(CC(O1)OC2C(OC(CC2O)OC3C(OC(CC3O)OC4CCC5(C(C4)CCC6C5CC(C7(C6(CCC7C8=CC(=O)OC8)O)C)O)C)C)C)O)O,Digoxin
5162,[H][C@@]1(CC[C@@]2([H])[C@]3([H])[C@@H](O)C[C@]4([H])C[C@H](O)CC[C@]4(C)[C@@]3([H])CC[C@]12C)[C@H](C)CCC(O)=O,Ursodiol
4466,CC(=O)C1CCC2C1(CCC3C2CC=C4C3(CCC(C4)O)C)C,Pregnenolone
4205,CC12CCC3C(C1CCC2(C)O)CCC4C3(COC(=O)C4)C,Oxandrolone
4627,CC(=O)OC1C(CC2C1(CCC3C2CCC4C3(CC(C(C4)O)N5CCOCC5)C)C)[N+]6(CCCC6)CC=C.[Br-],Rocuronium bromide
5223,CC(=O)OC1CC2CCC3C(C2(CC1N4CCCCC4)C)CCC5(C3CC(C5OC(=O)C)[N+]6(CCCCC6)C)C.[Br-],Vecuronium bromide
4355,CC(=O)OC1CC2CCC3C(C2(CC1[N+]4(CCCCC4)C)C)CCC5(C3CC(C5OC(=O)C)[N+]6(CCCCC6)C)C.[Br-].[Br-],Pancuronium bromide
3797,CC1CC2C(CCC3(C2CCC3(C(=O)C)OC(=O)C)C)C4(C1=CC(=O)CC4)C,Medroxyprogesterone acetate
2931,CC12CCC(=O)C=C1C3CC3C4C2CCC5(C4C6CC6C57CCC(=O)O7)C,Drospirenone
3629,CCC12CCC3C(C1CCC2(C#C)O)CCC4=CC(=O)CCC34,Levonorgestrel
4174,CN(C)CCC=C1C2=CC=CC=C2COC3=C1C=C(C=C3)CC(=O)O.Cl,Olopatadine hydrochloride
4785,CN1C2CC(CC1C3C2O3)OC(=O)C(CO)C4=CC=CC=C4,Scopolamine
5051,C[N+]1(C2CC(CC1C3C2O3)OC(=O)C(C4=CC=CS4)(C5=CC=CS5)O)C.[Br-],Tiotropium bromide
5077,CC1=CC(=C(C=C1)O)C(CCN(C(C)C)C(C)C)C2=CC=CC=C2.C(C(C(=O)O)O)(C(=O)O)O,Tolterodine tartrate
3295,CC[N+](CC)(CC)CCOC1=C(C(=CC=C1)OCC[N+](CC)(CC)CC)OCC[N+](CC)(CC)CC.[I-].[I-].[I-],Gallamine triethiodide
2142,CN1[C@H]2CC[C@@H]1C[C@@H](C2)OC(=O)C(CO)C1=CC=CC=C1,Atropine
5094,CC(C)OC(=O)CCCC=CCC1C(CC(C1C=CC(COC2=CC=CC(=C2)C(F)(F)F)O)O)O,Travoprost
2685,COC1=CC2=C(C=C1OC)[C@@H](CC1=CC(OC)=C(OC)C=C1)[N@@+](C)(CCC(=O)OCCCCCOC(=O)CC[N@@+]1(C)CCC3=C(C=C(OC)C(OC)=C3)[C@H]1CC1=CC(OC)=C(OC)C=C1)CC2,Cisatracurium besylate
3018,CC12CCC(=O)C=C1CC(C3C24C(O4)CC5(C3CCC56CCC(=O)O6)C)C(=O)OC,Eplerenone
4620,C1COCC(=O)N1C2=CC=C(C=C2)N3CC(OC3=O)CNC(=O)C4=CC=C(S4)Cl,Rivaroxaban (Xarelto)
5301,CCOC(=O)CNC(C1CCCCC1)C(=O)N2CCC2C(=O)NCC3=CC=C(C=C3)C(=NO)N,Ximelagatran
3293,CN1CCC23C=CC(CC2OC4=C(C=CC(=C34)C1)OC)O.Br,Galantamine hydrobromide
5332,CC(=O)NC1C(C=C(OC1C(C(CO)O)O)C(=O)O)N=C(N)N,Zanamivir
3442,C1C(C(OC1N2C=C(C(=O)NC2=O)I)CO)O,Idoxuridine
5093,C1C(C1N)C2=CC=CC=C2,Tranylcypromine
3896,CC1=C2COC(=O)C2=C(C(=C1OC)CC=C(C)CCC(=O)O)O,Mycophenolic acid
4597,C1=NC(=NN1C2C(C(C(O2)CO)O)O)C(=O)N,Ribavirin
1992,CC1C(C(C(C(O1)OC2C(OC(C(C2O)O)OC3C(OC(C(C3O)O)O)CO)CO)O)O)NC4C=C(C(C(C4O)O)O)CO,Acarbose
3849,C1C(C(C(C(N1CCO)CO)O)O)O,Miglitol
2317,CCNC(=O)CCCC=CCC1C(CC(C1C=CC(CCC2=CC=CC=C2)O)O)O,Bimatoprost
2049,CCCCCC(C=CC1C(CC(=O)C1CCCCCCC(=O)O)O)O,Alprostadil
4343,CCC(C)SSC1=NC=CN1,PX-12
664,C1=CC=C2C(=C1)C(=CN2)CCCC(=O)O,3-indolebutyric acid
4188,C1=C(NC(=O)NC1=O)C(=O)O,Orotic acid
3427,CCCCCN(C)CCC(O)(P(=O)(O)O)P(=O)(O)[O-].O.[Na+],Ibandronate sodium hydrate
2116,O=[As]O[As]=O,ARSENIC TRIOXIDE
2978,CC1=CC(NC(=O)CC2=CC=C(OC(C)(C)C(O)=O)C=C2)=CC(C)=C1,Efaproxiral
2315,C1=CN(C=N1)C(C1=CC=CC=C1)C1=CC=C(C=C1)C1=CC=CC=C1,Bifonazole
2657,ClC1=CC2=C(OC(=O)N2)C=C1,Chlorzoxazone
4845,[H][C@@]12CC[C@@]3(CCC(=O)O3)[C@@]1(C)CC[C@@]1([H])[C@@]2([H])[C@@]([H])(CC2=CC(=O)CC[C@]12C)SC(C)=O,Spironolactone
4057,COC1=CC2=C(C=C1)C=C(CCC(C)=O)C=C2,Nabumetone
3876,OC(=O)CC1(CC1)CS[C@H](CCC1=CC=CC=C1C(O)(C)C)C1=CC=CC(\C=C\C2=NC3=C(C=CC(Cl)=C3)C=C2)=C1,Montelukast
2825,NC(=O)C([C@@H]1CCN(CCC2=CC3=C(OCC3)C=C2)C1)(C1=CC=CC=C1)C1=CC=CC=C1,Darifenacin
3627,C[N+](C)(C)C[C@H](O)CC([O-])=O,Levocarnitine
2258,CC[C@H](C)[C@H](N)C1=N[C@@H](CS1)C(=O)N[C@@H](CC(C)C)C(=O)N[C@H](CCC(O)=O)C(=O)N[C@@H]([C@@H](C)CC)C(=O)N[C@H]1CCCCNC(=O)[C@H](CC(N)=O)NC(=O)[C@@H](CC(O)=O)NC(=O)[C@H](CC2=CNC=N2)NC(=O)[C@@H](CC2=CC=CC=C2)NC(=O)[C@@H](NC(=O)[C@@H](CCCN)NC1=O)[C@@H](C)CC,Bacitracin
5114,CN(C)CCN(CC1=CC=CC=C1)C1=CC=CC=N1,Tripelennamine
2758,NCCS,Cysteamine
4575,CNC(NCCSCC1=CC=C(CN(C)C)O1)=C[N+]([O-])=O,Ranitidine
4879,CC(C(O)=O)C1=CC=C(C=C1)C(=O)C1=CC=CS1,Suprofen
3811,CN1CCCCC1C(=O)NC1=C(C)C=CC=C1C,Mepivacaine
3468,CCCCC1=NC2(CCCC2)C(=O)N1CC1=CC=C(C=C1)C1=CC=CC=C1C1=NNN=N1,Irbesartan
2292,CCOC(=O)C1=CC=C(N)C=C1,Benzocaine
1993,CCCC(=O)NC1=CC=C(OCC(O)CNC(C)C)C(=C1)C(C)=O,Acebutolol
4518,OCCOCCN1CCN(CC1)C1=NC2=CC=CC=C2SC2=CC=CC=C12,Quetiapine
2299,CC(C)COCC(CN(CC1=CC=CC=C1)C1=CC=CC=C1)N1CCCC1,Bepridil
4836,O=C(O[C@H]1CN2CCC1CC2)N1CCC2=CC=CC=C2[C@@H]1C1=CC=CC=C1,Solifenacin
2125,[H][C@@]1(OC(=O)C(O)=C1O)[C@@H](O)CO,Ascorbic acid
3827,CN1C(CCl)NC2=CC(Cl)=C(C=C2S1(=O)=O)S(N)(=O)=O,Methyclothiazide
3838,COCCC1=CC=C(OCC(O)CNC(C)C)C=C1,Metoprolol
5080,[H][C@@]12CO[C@@]3(COS(N)(=O)=O)OC(C)(C)O[C@@]3([H])[C@]1([H])OC(C)(C)O2,Topiramate
3644,N[C@@H](CC1=CC(I)=C(OC2=CC(I)=C(O)C=C2)C(I)=C1)C(O)=O,Liothyronine
2134,CNCC[C@@H](OC1=CC=CC=C1C)C1=CC=CC=C1,Atomoxetine
2355,CCCCN1CCCCC1C(=O)NC1=C(C)C=CC=C1C,Bupivacaine
2115,C\C(=C/C1=CC=C(C=C1)C(O)=O)C1=CC=C2C(=C1)C(C)(C)CCC2(C)C,Arotinoid acid
5007,CC(C)(C)C1=CC=C(C=C1)C(O)CCCN1CCC(CC1)C(O)(C1=CC=CC=C1)C1=CC=CC=C1,Terfenadine
2064,NC1=CC=C(C=C1)C(=O)NCC(O)=O,Aminohippuric acid
2925,CN(C)CCOC(C)(C1=CC=CC=C1)C1=CC=CC=N1,Doxylamine
5099,NC1=NC(N)=C2N=C(C(N)=NC2=N1)C1=CC=CC=C1,Triamterene
5112,COC1=CC(CC2=CN=C(N)N=C2N)=CC(OC)=C1OC,Trimethoprim
3450,CN(C)CCCN1C2=CC=CC=C2CCC2=CC=CC=C12,Imipramine
4525,[H][C@]1(C[C@@H]2CC[N@]1C[C@@H]2C=C)[C@H](O)C1=CC=NC2=CC=C(OC)C=C12,Quinine
3151,CNCCC(OC1=CC=C(C=C1)C(F)(F)F)C1=CC=CC=C1,Fluoxetine
2336,BrC1=C(NC2=NCCN2)C=CC2=NC=CN=C12,Brimonidine
4390,O=C1C(C(=O)C2=CC=CC=C12)C1=CC=CC=C1,Phenindione
5071,CN1C(CC(O)=O)=CC=C1C(=O)C1=CC=C(C)C=C1,Tolmetin
4504,CN(C)C(=O)OC1=C[N+](C)=CC=C1,Pyridostigmine
2594,NC(=O)N1C2=CC=CC=C2C=CC2=CC=CC=C12,Carbamazepine
4489,CC(C)NCC(O)COC1=CC=CC2=C1C=CC=C2,Propranolol
2654,CCCNC(=O)NS(=O)(=O)C1=CC=C(Cl)C=C1,Chlorpropamide
3824,CN1C=CNC1=S,Methimazole
2873,CCN(CC)CCOC(=O)C1(CCCCC1)C1CCCCC1,Dicyclomine
4398,CCCCC1C(=O)N(N(C1=O)C1=CC=CC=C1)C1=CC=CC=C1,Phenylbutazone
4522,CCOC(=O)[C@H](CCC1=CC=CC=C1)N[C@@H](C)C(=O)N1CC2=CC=CC=C2C[C@H]1C(O)=O,Quinapril
3165,COC1=CC=C(CC(C)NCC(O)C2=CC(NC=O)=C(O)C=C2)C=C1,Formoterol
4206,OC(=O)CCC1=NC(=C(O1)C1=CC=CC=C1)C1=CC=CC=C1,Oxaprozin
5069,CCCCNC(=O)NS(=O)(=O)C1=CC=C(C)C=C1,Tolbutamide
4065,OC1=CC=C2C[C@H]3N(CC=C)CC[C@@]45[C@@H](OC1=C24)C(=O)CC[C@@]35O,Naloxone
2039,COC1=CC2=NNN=C2C=C1C(=O)NCC1CCCN1CC=C,Alizapride
2101,CN1N(C(=O)C=C1C)C1=CC=CC=C1,Antipyrine
2321,[H][C@]12CS[C@@H](CCCCC(O)=O)[C@@]1([H])NC(=O)N2,Biotin
2014,NC1=C2NC=NC2=NC=N1,Adenine
3039,COC(=O)CCC1=CC=C(OCC(O)CNC(C)C)C=C1,Esmolol
4648,C[C@@H]1O[C@@H](OC[C@H]2O[C@@H](OC3=C(OC4=CC(O)=CC(O)=C4C3=O)C3=CC(O)=C(O)C=C3)[C@H](O)[C@@H](O)[C@@H]2O)[C@H](O)[C@H](O)[C@H]1O,Rutin
2880,[H][C@@]12CC[C@](OC(=O)CCC)(C(=O)COC(C)=O)[C@@]1(C)C[C@H](O)[C@@]1(F)[C@@]2([H])C[C@H](F)C2=CC(=O)C=C[C@]12C,Difluprednate
2728,O=C1OC2=CC=CC=C2C=C1,Coumarin
2744,CC1CC(CC(C)(C)C1)OC(=O)C(O)C1=CC=CC=C1,Cyclandelate
5045,[H][C@](O)(CNC(C)(C)C)COC1=NSN=C1N1CCOCC1,Timolol
4119,COC(=O)C1=C(C)NC(C)=C(C1C1=CC=CC=C1[N+]([O-])=O)C(=O)OCC(C)C,Nisoldipine
3005,CCN(CC)C(=O)C(=C\C1=CC(=C(O)C(O)=C1)[N+]([O-])=O)\C#N,Entacapone
2095,[Br-].CCCC(CCC)C(=O)O[C@H]1CC2CCC(C1)[N+]2(C)C,Anisotropine methylbromide
2676,CCCCOC1=NC2=CC=CC=C2C(=C1)C(=O)NCCN(CC)CC,Cinchocaine
2329,COC1=CC=CC=C1OC1=C(NS(=O)(=O)C2=CC=C(C=C2)C(C)(C)C)N=C(N=C1OCCO)C1=NC=CC=N1,Bosentan
5203,CC1=C(C(=NO1)C1=CC=CC=C1)C1=CC=C(C=C1)S(N)(=O)=O,Valdecoxib
4128,CNC(NCCSCC1=CSC(CN(C)C)=N1)=C[N+]([O-])=O,Nizatidine
4103,COC(=O)C1=C(C)NC(C)=C(C1C1=CC(=CC=C1)[N+]([O-])=O)C(=O)OCCN(C)CC1=CC=CC=C1,Nicardipine
4134,[H][C@@]12CC[C@@](O)(C#C)[C@@]1(C)CC[C@]1([H])[C@@]3([H])CCC(=O)C=C3CC[C@@]21[H],Norethisterone
3012,NC1=NCC2N1C1=CC=CC=C1CC1=CC=CC=C21,Epinastine
3799,CC1=C(C)C(NC2=CC=CC=C2C(O)=O)=CC=C1,Mefenamic acid
5120,CCN(CC1=CC=NC=C1)C(=O)C(CO)C1=CC=CC=C1,Tropicamide
3054,[H][C@@]12CC[C@@](OC(C)=O)(C#C)[C@@]1(C)CC[C@]1([H])[C@@]3([H])CC[C@H](OC(C)=O)C=C3CC[C@@]21[H],Ethynodiol diacetate
2343,NC1=C(CC(O)=O)C=CC=C1C(=O)C1=CC=C(Br)C=C1,Bromfenac
4411,CC[C@H]1[C@@H](CC2=CN=CN2C)COC1=O,Pilocarpine
4109,COC(=O)C1=C(C)NC(C)=C(C1C1=CC=CC=C1[N+]([O-])=O)C(=O)OC,Nifedipine
2138,OC1=C([C@H]2CC[C@@H](CC2)C2=CC=C(Cl)C=C2)C(=O)C2=CC=CC=C2C1=O,Atovaquone
3036,CN(C)CCC[C@]1(OCC2=C1C=CC(=C2)C#N)C1=CC=C(F)C=C1,Escitalopram
3320,COC1=CC2=C(C=C1)C(C)(C)C(=O)N(CCC1=CC=C(C=C1)S(=O)(=O)NC(=O)NC1CCCCC1)C2=O,Gliquidone
3670,CC1=CC=C(NC2=C(Cl)C=CC=C2F)C(CC(O)=O)=C1,Lumiracoxib
2311,CC(C)(OC1=CC=C(CCNC(=O)C2=CC=C(Cl)C=C2)C=C1)C(O)=O,Bezafibrate
2658,CC(C)CCC[C@@H](C)[C@@]1([H])CC[C@@]2([H])\C(CCC[C@]12C)=C\C=C1\C[C@@H](O)CCC1=C,Cholecalciferol
2068,NC1=CC(O)=C(C=C1)C(O)=O,Aminosalicylic acid
4579,[H][C@@]1(CNCCO1)[C@H](OC1=CC=CC=C1OCC)C1=CC=CC=C1,Reboxetine
4400,O=C1NC(=O)C(N1)(C1=CC=CC=C1)C1=CC=CC=C1,Phenytoin
5058,OC(=O)CC1=CC(I)=C(OC2=CC=C(O)C(I)=C2)C(I)=C1,Tiratricol
2042,CN1C(=O)C=C(N2CCC[C@@H](N)C2)N(CC2=C(C=CC=C2)C#N)C1=O,Alogliptin
2294,OC(=O)C1=CC=CC=C1,Benzoic acid
5234,NC(=O)C1=CC2=CC(=CC=C2O1)N1CCN(CCCCC2=CNC3=C2C=C(C=C3)C#N)CC1,Vilazodone
2805,CCCCCCOC(=O)\N=C(\N)C1=CC=C(NCC2=NC3=C(C=CC(=C3)C(=O)N(CCC(=O)OCC)C3=NC=CC=C3)N2C)C=C1,Dabigatran etexilate
3856,NC1=NC(CC(=O)NC2=CC=C(CCNC[C@H](O)C3=CC=CC=C3)C=C2)=CS1,Mirabegron
5157,O=C1NC=CC(=O)N1,Uracil
2894,NC(=N)C1=CC=C(N\N=N\C2=CC=C(C=C2)C(N)=N)C=C1,Diminazene
3807,C[N+]1(C)CCCC(C1)OC(=O)C(O)(C1=CC=CC=C1)C1=CC=CC=C1,Mepenzolate
2297,OC(=O)CCCN1CCC(CC1)OC(C1=CC=C(Cl)C=C1)C1=CC=CC=N1,Bepotastine
3453,CCC1=C(CC)C=C2CC(CC2=C1)NC[C@H](O)C1=C2C=CC(=O)NC2=C(O)C=C1,Indacaterol
4821,CC1=NOC(NS(=O)(=O)C2=C(SC=C2)C(=O)CC2=CC3=C(OCO3)C=C2C)=C1Cl,Sitaxentan
2852,CN(C)CC(C1=CC=C(O)C=C1)C1(O)CCCCC1,Desvenlafaxine
3168,C[C@@H](O[C@H]1OCCN(CC2=NC(=O)N(N2)P(O)(O)=O)[C@H]1C1=CC=C(F)C=C1)C1=CC(=CC(=C1)C(F)(F)F)C(F)(F)F,Fosaprepitant
3335,NC(N)=N,Guanidine
3543,CNC1(CCCCC1=O)C1=CC=CC=C1Cl,Ketamine
2655,CN(C)CC\C=C1\C2=CC=CC=C2SC2=CC=C(Cl)C=C12,Chlorprothixene
3029,CC(C)[C@@H](C)\C=C\[C@@H](C)[C@@]1([H])CC[C@@]2([H])\C(CCC[C@]12C)=C\C=C1\C[C@@H](O)CCC1=C,Ergocalciferol
5236,OC12CC3CC(C1)CC(C3)(C2)NCC(=O)N1CCC[C@H]1C#N,Vildagliptin
5250,OCC(CO)N[C@H]1C[C@](O)(CO)[C@@H](O)[C@H](O)[C@H]1O,Voglibose
2671,CN\C(NCCSCC1=C(C)NC=N1)=N\C#N,Cimetidine
3382,OCCOCCN1CCN(CC1)C(C1=CC=CC=C1)C1=CC=C(Cl)C=C1,Hydroxyzine
4470,COC1=CC(NC(C)CCCN)=C2N=CC=CC2=C1,Primaquine
4381,[H][C@@]12CC3=CNC4=CC=CC(=C34)[C@@]1([H])C[C@@H](CSC)CN2CCC,Pergolide
4387,NC1=NC(N)=C(C=C1)\N=N\C1=CC=CC=C1,Phenazopyridine
2571,C[C@H](CCCC(C)(C)O)[C@@]1([H])CC[C@@]2([H])\C(CCC[C@]12C)=C\C=C1\C[C@@H](O)CCC1=C,Calcifediol
4506,CC1=C(O)C(CO)=C(CO)C=N1,Pyridoxine
4633,CCCN(CCC)CCC1=C2CC(=O)NC2=CC=C1,Ropinirole
2052,CCN(CCCC1=CC=CC=C1)CCCC1=CC=CC=C1,Alverine
2633,CCCCCCCCCCCCCCCC[N+](C)(C)C,Cetrimonium
3842,[H][C@]12[C@H](CCC=C1C=C[C@H](C)[C@@H]2CC[C@@H]1C[C@@H](O)CC(=O)O1)OC(=O)[C@@H](C)CC,Mevastatin
4113,COC(=O)C1=C(NC(C)=C(C1C1=CC(=CC=C1)[N+]([O-])=O)C(=O)OC(C)C)C#N,Nilvadipine
4963,CO[C@@H]1C[C@@H](CC[C@H]1O)\C=C(/C)[C@H]1OC(=O)[C@@H]2CCCCN2C(=O)C(=O)[C@]2(O)O[C@@H]([C@H](C[C@H]2C)OC)[C@H](C[C@@H](C)C\C(C)=C\[C@@H](CC=C)C(=O)C[C@H](O)[C@H]1C)OC,Tacrolimus
4770,OC(=O)C1=CC=CC=C1OC(=O)C1=CC=CC=C1O,Salsalate
2289,[H][C@]12CC[C@]([H])(C[C@@]([H])(C1)OC(C1=CC=CC=C1)C1=CC=CC=C1)N2C,Benzatropine
2009,OC(C(=O)O[C@H]1C[N+]2(CCCOC3=CC=CC=C3)CCC1CC2)(C1=CC=CS1)C1=CC=CS1,Aclidinium
2304,CNCCC1=CC=CC=N1,Betahistine
2098,C(N(CC1=CC=CC=C1)C1=CC=CC=C1)C1=NCCN1,Antazoline
3443,CC(C(O)C1=CC=C(O)C=C1)N1CCC(CC2=CC=CC=C2)CC1,Ifenprodil
5119,NC(CO)(CO)CO,Tromethamine
2652,CN(C)CCCN1C2=CC=CC=C2SC2=C1C=C(Cl)C=C2,Chlorpromazine
2027,CCCSC1=CC2=C(C=C1)N=C(NC(=O)OC)N2,Albendazole
3869,CCOC(=O)[C@H](CCC1=CC=CC=C1)N[C@@H](C)C(=O)N1CC2=CC(OC)=C(OC)C=C2C[C@H]1C(O)=O,Moexipril
2745,CN1CCN(CC1)C(C1=CC=CC=C1)C1=CC=CC=C1,Cyclizine
2591,C[C@H](CS)C(=O)N1CCC[C@H]1C(O)=O,Captopril
4176,OC(=O)C1=CC(=CC=C1O)\N=N\C1=CC=C(O)C(=C1)C(O)=O,Olsalazine
2666,CCOC(=O)[C@H](CCC1=CC=CC=C1)N[C@H]1CCCN2CCC[C@H](N2C1=O)C(O)=O,Cilazapril
5209,CCCCC(=O)N(CC1=CC=C(C=C1)C1=CC=CC=C1C1=NNN=N1)[C@@H](C(C)C)C(O)=O,Valsartan
4107,CN1CCC[C@H]1C1=CN=CC=C1,Nicotine
2596,[H][C@@]1(CC[C@@]2(C)[C@@]([H])(CC[C@]3(C)[C@]2([H])C(=O)C=C2[C@]4([H])C[C@](C)(CC[C@]4(C)CC[C@@]32C)C(O)=O)C1(C)C)OC(=O)CCC(O)=O,Carbenoxolone
3662,CN1CCN(CC1)C1=NC2=CC=CC=C2OC2=C1C=C(Cl)C=C2,Loxapine
5155,[H][C@@]12C[C@H](C)[C@](O)(C(=O)CCl)[C@@]1(C)C[C@H](O)[C@@]1(F)[C@@]2([H])C[C@H](F)C2=CC(=O)C=C[C@]12C,Ulobetasol
4474,CCCN(CCC)S(=O)(=O)C1=CC=C(C=C1)C(O)=O,Probenecid
2032,CC(C)CCC[C@@H](C)[C@@]1([H])CC[C@@]2([H])\C(CCC[C@]12C)=C\C=C1\C[C@@H](O)C[C@H](O)C1=C,Alfacalcidol
4076,C(C1=NCCN1)C1=CC=CC2=CC=CC=C12,Naphazoline
3817,NC1=CC(C(O)=O)=C(O)C=C1,Mesalazine
1599,NC1=NC2=C(N=NN2)C(=O)N1,8-azaguanine
3121,COC1=CC(\C=C\C(O)=O)=CC=C1O,Ferulic acid
4125,O=N[Fe--](C#N)(C#N)(C#N)(C#N)C#N,Nitroprusside
2937,[H][C@@]12CC[C@H](C(C)=O)[C@@]1(C)CC[C@]1([H])[C@@]2([H])C=CC2=CC(=O)CC[C@@]12C,Dydrogesterone
3843,CC(N)COC1=C(C)C=CC=C1C,Mexiletine
4481,OC(CCN1CCCC1)(C1CCCCC1)C1=CC=CC=C1,Procyclidine
2358,O=C1CC2(CCCC2)CC(=O)N1CCCCN1CCN(CC1)C1=NC=CC=N1,Buspirone
2935,CCCCOC1=CC=C(C=C1)C(=O)CCN1CCCCC1,Dyclonine
3144,[H][C@@]12C[C@@H](C)[C@](O)(C(=O)CO)[C@@]1(C)C[C@H](O)[C@@]1(F)[C@@]2([H])C[C@H](F)C2=CC(=O)C=C[C@]12C,Flumethasone
3821,CN1N=C(S\C1=N\C(C)=O)S(N)(=O)=O,Methazolamide
2157,CN1CCC(CC1)=C1C2=CC=CC=C2CCC2=C1N=CC=C2,Azatadine
5341,NS(=O)(=O)CC1=NOC2=CC=CC=C12,Zonisamide
3124,CC(C)(C(O)=O)C1=CC=C(C=C1)C(O)CCCN1CCC(CC1)C(O)(C1=CC=CC=C1)C1=CC=CC=C1,Fexofenadine
4124,CCOC(=O)C1=C(C)NC(C)=C(C1C1=CC(=CC=C1)[N+]([O-])=O)C(=O)OC,Nitrendipine
2834,C[N+](C)(C)CCCCCCCCCC[N+](C)(C)C,Decamethonium
4635,CCCN1CCCC[C@H]1C(=O)NC1=C(C)C=CC=C1C,Ropivacaine
2599,CCOC(=O)N1C=CN(C)C1=S,Carbimazole
2282,NS(=O)(=O)C1=CC2=C(NC(CC3=CC=CC=C3)NS2(=O)=O)C=C1C(F)(F)F,Bendroflumethiazide
2860,C[C@H](C1=CNC=N1)C1=C(C)C(C)=CC=C1,Dexmedetomidine
3321,COC1=C(C=C(Cl)C=C1)C(=O)NCCC1=CC=C(C=C1)S(=O)(=O)NC(=O)NC1CCCCC1,Glyburide
3113,CCOC(=O)C1=C(C)NC(C)=C(C1C1=C(Cl)C(Cl)=CC=C1)C(=O)OC,Felodipine
2340,CCN[C@H]1CN(CCCOC)S(=O)(=O)C2=C1C=C(S2)S(N)(=O)=O,Brinzolamide
4391,CN(C)CCC(C1=CC=CC=C1)C1=CC=CC=N1,Pheniramine
2718,[H][C@]1(O)CCC(C)(C)[C@]2([H])[C@]([H])(O)[C@]([H])(OC(C)=O)[C@@]3(C)O[C@](C)(CC(=O)[C@]3(O)[C@@]12C)C=C,Colforsin
3337,NC1=NC2=C(N=CN2[C@@H]2O[C@H](CO)[C@@H](O)[C@H]2O)C(=O)N1,Guanosine
5108,CC(=O)OC1=C(C=CC(=C1)C(F)(F)F)C(O)=O,Triflusal
5038,CCCSC1=NC2=C(N=NN2[C@@H]2C[C@H](OCCO)[C@@H](O)[C@H]2O)C(N[C@@H]2C[C@H]2C2=CC(F)=C(F)C=C2)=N1,Ticagrelor
4102,O=C(CCNNC(=O)C1=CC=NC=C1)NCC1=CC=CC=C1,Nialamide
2072,CN(C)CCC=C1C2=CC=CC=C2CCC2=CC=CC=C12,Amitriptyline
4114,COCCOC(=O)C1=C(C)NC(C)=C(C1C1=CC(=CC=C1)[N+]([O-])=O)C(=O)OC(C)C,Nimodipine
3330,COC1=CC(OC)=C(Cl)C2=C1C(=O)[C@]1(O2)[C@H](C)CC(=O)C=C1OC,Griseofulvin
5031,CSC1=CC2=C(SC3=CC=CC=C3N2CCC2CCCCN2C)C=C1,Thioridazine
4475,CCN(CC)CCOC(=O)C1=CC=C(N)C=C1,Procaine
2585,CCOC1=NC2=C(N1CC1=CC=C(C=C1)C1=CC=CC=C1C1=NN=NN1)C(=CC=C2)C(=O)OC(C)OC(=O)OC1CCCCC1,Candesartan cilexetil
5067,C(C1=NCCN1)C1=CC=CC=C1,Tolazoline
4211,CCCCOC1=CC(=CC=C1N)C(=O)OCCN(CC)CC,Oxybuprocaine
3868,ClC1=CC=C(C=C1)C(=O)NCCN1CCOCC1,Moclobemide
2066,NCCN.CN1C2=C(NC=N2)C(=O)N(C)C1=O.CN1C2=C(NC=N2)C(=O)N(C)C1=O,Aminophylline
3142,OC(=O)C1=CC=CC=C1NC1=CC(=CC=C1)C(F)(F)F,Flufenamic acid
3371,COC1=CC=C(C=C1O)[C@@H]1CC(=O)C2=C(O1)C=C(O[C@@H]1O[C@H](CO[C@@H]3O[C@@H](C)[C@H](O)[C@@H](O)[C@H]3O)[C@@H](O)[C@H](O)[C@H]1O)C=C2O,Hesperidin
2074,CCOC(=O)C1=C(COCCN)NC(C)=C(C1C1=CC=CC=C1Cl)C(=O)OC,Amlodipine
2916,CCN1CC(CCN2CCOCC2)C(C1=O)(C1=CC=CC=C1)C1=CC=CC=C1,Doxapram
4469,CCCNC(C)C(=O)NC1=CC=CC=C1C,Prilocaine
2608,CC(C(O)=O)C1=CC2=C(C=C1)C1=C(N2)C=CC(Cl)=C1,Carprofen
2849,ClC1=CC2=C(C=C1)C(=C1CCNCC1)C1=C(CC2)C=CC=N1,Desloratadine
3134,CC1=C(OC2=C(C=CC=C2C(=O)OCCN2CCCCC2)C1=O)C1=CC=CC=C1,Flavoxate
2985,CN1CCC[C@@H]1CC1=CNC2=C1C=C(CCS(=O)(=O)C1=CC=CC=C1)C=C2,Eletriptan
3635,CCN(CC)CC(=O)NC1=C(C)C=CC=C1C,Lidocaine
3852,CCN(CC)C(=O)C1(CC1CN)C1=CC=CC=C1,Milnacipran
2929,FC1=CC=C(C=C1)C(=O)CCCN1CCC(=CC1)N1C(=O)NC2=CC=CC=C12,Droperidol
